Copyright 1986-2022 Xilinx, Inc. All Rights Reserved. Copyright 2022-2023 Advanced Micro Devices, Inc. All Rights Reserved.
------------------------------------------------------------------------------------------------------------------------------------------------------------------------------------------------------------------------------------
| Tool Version : Vivado v.2023.1 (win64) Build 3865809 Sun May  7 15:05:29 MDT 2023
| Date         : Mon Dec  1 15:50:25 2025
| Host         : DESKTOP-2HRT285 running 64-bit major release  (build 9200)
| Command      : report_timing_summary -max_paths 10 -report_unconstrained -file fcc_fixpt_fil_timing_summary_routed.rpt -pb fcc_fixpt_fil_timing_summary_routed.pb -rpx fcc_fixpt_fil_timing_summary_routed.rpx -warn_on_violation
| Design       : fcc_fixpt_fil
| Device       : 7a100t-csg324
| Speed File   : -1  PRODUCTION 1.23 2018-06-13
| Design State : Routed
------------------------------------------------------------------------------------------------------------------------------------------------------------------------------------------------------------------------------------

Timing Summary Report

------------------------------------------------------------------------------------------------
| Timer Settings
| --------------
------------------------------------------------------------------------------------------------

  Enable Multi Corner Analysis               :  Yes
  Enable Pessimism Removal                   :  Yes
  Pessimism Removal Resolution               :  Nearest Common Node
  Enable Input Delay Default Clock           :  No
  Enable Preset / Clear Arcs                 :  No
  Disable Flight Delays                      :  No
  Ignore I/O Paths                           :  No
  Timing Early Launch at Borrowing Latches   :  No
  Borrow Time for Max Delay Exceptions       :  Yes
  Merge Timing Exceptions                    :  Yes

  Corner  Analyze    Analyze    
  Name    Max Paths  Min Paths  
  ------  ---------  ---------  
  Slow    Yes        Yes        
  Fast    Yes        Yes        


------------------------------------------------------------------------------------------------
| Report Methodology
| ------------------
------------------------------------------------------------------------------------------------

Rule       Severity  Description                                             Violations  
---------  --------  ------------------------------------------------------  ----------  
DPIR-1     Warning   Asynchronous driver check                               143         
LUTAR-1    Warning   LUT drives async reset alert                            1           
PDRC-190   Warning   Suboptimally placed synchronized register chain         2           
TIMING-9   Warning   Unknown CDC Logic                                       1           
TIMING-24  Warning   Overridden Max delay datapath only                      6           
XDCC-1     Warning   Scoped Clock constraint overwritten with the same name  1           
XDCC-7     Warning   Scoped Clock constraint overwritten on the same source  1           

Note: This report is based on the most recent report_methodology run and may not be up-to-date. Run report_methodology on the current design for the latest report.



check_timing report

Table of Contents
-----------------
1. checking no_clock (0)
2. checking constant_clock (0)
3. checking pulse_width_clock (0)
4. checking unconstrained_internal_endpoints (0)
5. checking no_input_delay (0)
6. checking no_output_delay (0)
7. checking multiple_clock (0)
8. checking generated_clocks (0)
9. checking loops (0)
10. checking partial_input_delay (0)
11. checking partial_output_delay (0)
12. checking latch_loops (0)

1. checking no_clock (0)
------------------------
 There are 0 register/latch pins with no clock.


2. checking constant_clock (0)
------------------------------
 There are 0 register/latch pins with constant_clock.


3. checking pulse_width_clock (0)
---------------------------------
 There are 0 register/latch pins which need pulse_width check


4. checking unconstrained_internal_endpoints (0)
------------------------------------------------
 There are 0 pins that are not constrained for maximum delay.

 There are 0 pins that are not constrained for maximum delay due to constant clock.


5. checking no_input_delay (0)
------------------------------
 There are 0 input ports with no input delay specified.

 There are 0 input ports with no input delay but user has a false path constraint.


6. checking no_output_delay (0)
-------------------------------
 There are 0 ports with no output delay specified.

 There are 0 ports with no output delay but user has a false path constraint

 There are 0 ports with no output delay but with a timing clock defined on it or propagating through it


7. checking multiple_clock (0)
------------------------------
 There are 0 register/latch pins with multiple clocks.


8. checking generated_clocks (0)
--------------------------------
 There are 0 generated clocks that are not connected to a clock source.


9. checking loops (0)
---------------------
 There are 0 combinational loops in the design.


10. checking partial_input_delay (0)
------------------------------------
 There are 0 input ports with partial input delay specified.


11. checking partial_output_delay (0)
-------------------------------------
 There are 0 ports with partial output delay specified.


12. checking latch_loops (0)
----------------------------
 There are 0 combinational latch loops in the design through latch input



------------------------------------------------------------------------------------------------
| Design Timing Summary
| ---------------------
------------------------------------------------------------------------------------------------

    WNS(ns)      TNS(ns)  TNS Failing Endpoints  TNS Total Endpoints      WHS(ns)      THS(ns)  THS Failing Endpoints  THS Total Endpoints     WPWS(ns)     TPWS(ns)  TPWS Failing Endpoints  TPWS Total Endpoints  
    -------      -------  ---------------------  -------------------      -------      -------  ---------------------  -------------------     --------     --------  ----------------------  --------------------  
      5.004        0.000                      0                 2559        0.046        0.000                      0                 2559        3.000        0.000                       0                  1366  


All user specified timing constraints are met.


------------------------------------------------------------------------------------------------
| Clock Summary
| -------------
------------------------------------------------------------------------------------------------

Clock                 Waveform(ns)       Period(ns)      Frequency(MHz)
-----                 ------------       ----------      --------------
TCK                   {0.000 7.576}      15.152          65.998          
sysclk                {0.000 5.000}      10.000          100.000         
  clk_out1_clk_wiz_0  {0.000 20.000}     40.000          25.000          
  clkfbout_clk_wiz_0  {0.000 5.000}      10.000          100.000         


------------------------------------------------------------------------------------------------
| Intra Clock Table
| -----------------
------------------------------------------------------------------------------------------------

Clock                     WNS(ns)      TNS(ns)  TNS Failing Endpoints  TNS Total Endpoints      WHS(ns)      THS(ns)  THS Failing Endpoints  THS Total Endpoints     WPWS(ns)     TPWS(ns)  TPWS Failing Endpoints  TPWS Total Endpoints  
-----                     -------      -------  ---------------------  -------------------      -------      -------  ---------------------  -------------------     --------     --------  ----------------------  --------------------  
TCK                         6.301        0.000                      0                  943        0.119        0.000                      0                  943        6.596        0.000                       0                   508  
sysclk                                                                                                                                                                  3.000        0.000                       0                     1  
  clk_out1_clk_wiz_0        5.004        0.000                      0                 1616        0.046        0.000                      0                 1616       19.020        0.000                       0                   854  
  clkfbout_clk_wiz_0                                                                                                                                                    7.845        0.000                       0                     3  


------------------------------------------------------------------------------------------------
| Inter Clock Table
| -----------------
------------------------------------------------------------------------------------------------

From Clock    To Clock          WNS(ns)      TNS(ns)  TNS Failing Endpoints  TNS Total Endpoints      WHS(ns)      THS(ns)  THS Failing Endpoints  THS Total Endpoints  
----------    --------          -------      -------  ---------------------  -------------------      -------      -------  ---------------------  -------------------  


------------------------------------------------------------------------------------------------
| Other Path Groups Table
| -----------------------
------------------------------------------------------------------------------------------------

Path Group    From Clock    To Clock          WNS(ns)      TNS(ns)  TNS Failing Endpoints  TNS Total Endpoints      WHS(ns)      THS(ns)  THS Failing Endpoints  THS Total Endpoints  
----------    ----------    --------          -------      -------  ---------------------  -------------------      -------      -------  ---------------------  -------------------  


------------------------------------------------------------------------------------------------
| User Ignored Path Table
| -----------------------
------------------------------------------------------------------------------------------------

Path Group          From Clock          To Clock          
----------          ----------          --------          
(none)              TCK                 TCK                 
(none)              clk_out1_clk_wiz_0  TCK                 
(none)              TCK                 clk_out1_clk_wiz_0  


------------------------------------------------------------------------------------------------
| Unconstrained Path Table
| ------------------------
------------------------------------------------------------------------------------------------

Path Group          From Clock          To Clock          
----------          ----------          --------          
(none)              clkfbout_clk_wiz_0                      
(none)                                  TCK                 


------------------------------------------------------------------------------------------------
| Timing Details
| --------------
------------------------------------------------------------------------------------------------


---------------------------------------------------------------------------------------------------
From Clock:  TCK
  To Clock:  TCK

Setup :            0  Failing Endpoints,  Worst Slack        6.301ns,  Total Violation        0.000ns
Hold  :            0  Failing Endpoints,  Worst Slack        0.119ns,  Total Violation        0.000ns
PW    :            0  Failing Endpoints,  Worst Slack        6.596ns,  Total Violation        0.000ns
---------------------------------------------------------------------------------------------------


Max Delay Paths
--------------------------------------------------------------------------------------
Slack (MET) :             6.301ns  (required time - arrival time)
  Source:                 u_jtag_mac/user_rst_assert_reg/C
                            (rising edge-triggered cell FDRE clocked by TCK  {rise@0.000ns fall@7.576ns period=15.152ns})
  Destination:            u_jtag_mac/data_buffer_reg[1]/R
                            (rising edge-triggered cell FDRE clocked by TCK  {rise@0.000ns fall@7.576ns period=15.152ns})
  Path Group:             TCK
  Path Type:              Setup (Max at Slow Process Corner)
  Requirement:            15.152ns  (TCK rise@15.152ns - TCK rise@0.000ns)
  Data Path Delay:        8.250ns  (logic 0.580ns (7.030%)  route 7.670ns (92.970%))
  Logic Levels:           1  (LUT2=1)
  Clock Path Skew:        -0.042ns (DCD - SCD + CPR)
    Destination Clock Delay (DCD):    3.121ns = ( 18.273 - 15.152 ) 
    Source Clock Delay      (SCD):    3.508ns
    Clock Pessimism Removal (CPR):    0.345ns
  Clock Uncertainty:      0.035ns  ((TSJ^2 + TIJ^2)^1/2 + DJ) / 2 + PE
    Total System Jitter     (TSJ):    0.071ns
    Total Input Jitter      (TIJ):    0.000ns
    Discrete Jitter          (DJ):    0.000ns
    Phase Error              (PE):    0.000ns

    Location             Delay type                Incr(ns)  Path(ns)    Netlist Resource(s)
  -------------------------------------------------------------------    -------------------
                         (clock TCK rise edge)        0.000     0.000 r  
    BSCAN_X0Y0           BSCANE2                      0.000     0.000 r  u_BSCANE2/TCK
                         net (fo=1, routed)           1.780     1.780    TCK
    BUFGCTRL_X0Y0        BUFG (Prop_bufg_I_O)         0.096     1.876 r  TCK_BUFG_inst/O
                         net (fo=507, routed)         1.632     3.508    u_jtag_mac/TCK_BUFG
    SLICE_X13Y80         FDRE                                         r  u_jtag_mac/user_rst_assert_reg/C
  -------------------------------------------------------------------    -------------------
    SLICE_X13Y80         FDRE (Prop_fdre_C_Q)         0.456     3.964 r  u_jtag_mac/user_rst_assert_reg/Q
                         net (fo=16, routed)          1.290     5.254    u_jtag_mac/user_rst_assert
    SLICE_X13Y83         LUT2 (Prop_lut2_I0_O)        0.124     5.378 r  u_jtag_mac/u_simcycle_fifo_i_1/O
                         net (fo=498, routed)         6.380    11.758    u_jtag_mac/SR[0]
    SLICE_X12Y69         FDRE                                         r  u_jtag_mac/data_buffer_reg[1]/R
  -------------------------------------------------------------------    -------------------

                         (clock TCK rise edge)       15.152    15.152 r  
    BSCAN_X0Y0           BSCANE2                      0.000    15.152 r  u_BSCANE2/TCK
                         net (fo=1, routed)           1.520    16.672    TCK
    BUFGCTRL_X0Y0        BUFG (Prop_bufg_I_O)         0.091    16.763 r  TCK_BUFG_inst/O
                         net (fo=507, routed)         1.510    18.273    u_jtag_mac/TCK_BUFG
    SLICE_X12Y69         FDRE                                         r  u_jtag_mac/data_buffer_reg[1]/C
                         clock pessimism              0.345    18.618    
                         clock uncertainty           -0.035    18.583    
    SLICE_X12Y69         FDRE (Setup_fdre_C_R)       -0.524    18.059    u_jtag_mac/data_buffer_reg[1]
  -------------------------------------------------------------------
                         required time                         18.059    
                         arrival time                         -11.758    
  -------------------------------------------------------------------
                         slack                                  6.301    

Slack (MET) :             6.301ns  (required time - arrival time)
  Source:                 u_jtag_mac/user_rst_assert_reg/C
                            (rising edge-triggered cell FDRE clocked by TCK  {rise@0.000ns fall@7.576ns period=15.152ns})
  Destination:            u_jtag_mac/data_buffer_reg[3]/R
                            (rising edge-triggered cell FDRE clocked by TCK  {rise@0.000ns fall@7.576ns period=15.152ns})
  Path Group:             TCK
  Path Type:              Setup (Max at Slow Process Corner)
  Requirement:            15.152ns  (TCK rise@15.152ns - TCK rise@0.000ns)
  Data Path Delay:        8.250ns  (logic 0.580ns (7.030%)  route 7.670ns (92.970%))
  Logic Levels:           1  (LUT2=1)
  Clock Path Skew:        -0.042ns (DCD - SCD + CPR)
    Destination Clock Delay (DCD):    3.121ns = ( 18.273 - 15.152 ) 
    Source Clock Delay      (SCD):    3.508ns
    Clock Pessimism Removal (CPR):    0.345ns
  Clock Uncertainty:      0.035ns  ((TSJ^2 + TIJ^2)^1/2 + DJ) / 2 + PE
    Total System Jitter     (TSJ):    0.071ns
    Total Input Jitter      (TIJ):    0.000ns
    Discrete Jitter          (DJ):    0.000ns
    Phase Error              (PE):    0.000ns

    Location             Delay type                Incr(ns)  Path(ns)    Netlist Resource(s)
  -------------------------------------------------------------------    -------------------
                         (clock TCK rise edge)        0.000     0.000 r  
    BSCAN_X0Y0           BSCANE2                      0.000     0.000 r  u_BSCANE2/TCK
                         net (fo=1, routed)           1.780     1.780    TCK
    BUFGCTRL_X0Y0        BUFG (Prop_bufg_I_O)         0.096     1.876 r  TCK_BUFG_inst/O
                         net (fo=507, routed)         1.632     3.508    u_jtag_mac/TCK_BUFG
    SLICE_X13Y80         FDRE                                         r  u_jtag_mac/user_rst_assert_reg/C
  -------------------------------------------------------------------    -------------------
    SLICE_X13Y80         FDRE (Prop_fdre_C_Q)         0.456     3.964 r  u_jtag_mac/user_rst_assert_reg/Q
                         net (fo=16, routed)          1.290     5.254    u_jtag_mac/user_rst_assert
    SLICE_X13Y83         LUT2 (Prop_lut2_I0_O)        0.124     5.378 r  u_jtag_mac/u_simcycle_fifo_i_1/O
                         net (fo=498, routed)         6.380    11.758    u_jtag_mac/SR[0]
    SLICE_X12Y69         FDRE                                         r  u_jtag_mac/data_buffer_reg[3]/R
  -------------------------------------------------------------------    -------------------

                         (clock TCK rise edge)       15.152    15.152 r  
    BSCAN_X0Y0           BSCANE2                      0.000    15.152 r  u_BSCANE2/TCK
                         net (fo=1, routed)           1.520    16.672    TCK
    BUFGCTRL_X0Y0        BUFG (Prop_bufg_I_O)         0.091    16.763 r  TCK_BUFG_inst/O
                         net (fo=507, routed)         1.510    18.273    u_jtag_mac/TCK_BUFG
    SLICE_X12Y69         FDRE                                         r  u_jtag_mac/data_buffer_reg[3]/C
                         clock pessimism              0.345    18.618    
                         clock uncertainty           -0.035    18.583    
    SLICE_X12Y69         FDRE (Setup_fdre_C_R)       -0.524    18.059    u_jtag_mac/data_buffer_reg[3]
  -------------------------------------------------------------------
                         required time                         18.059    
                         arrival time                         -11.758    
  -------------------------------------------------------------------
                         slack                                  6.301    

Slack (MET) :             6.301ns  (required time - arrival time)
  Source:                 u_jtag_mac/user_rst_assert_reg/C
                            (rising edge-triggered cell FDRE clocked by TCK  {rise@0.000ns fall@7.576ns period=15.152ns})
  Destination:            u_jtag_mac/data_buffer_reg[4]/R
                            (rising edge-triggered cell FDRE clocked by TCK  {rise@0.000ns fall@7.576ns period=15.152ns})
  Path Group:             TCK
  Path Type:              Setup (Max at Slow Process Corner)
  Requirement:            15.152ns  (TCK rise@15.152ns - TCK rise@0.000ns)
  Data Path Delay:        8.250ns  (logic 0.580ns (7.030%)  route 7.670ns (92.970%))
  Logic Levels:           1  (LUT2=1)
  Clock Path Skew:        -0.042ns (DCD - SCD + CPR)
    Destination Clock Delay (DCD):    3.121ns = ( 18.273 - 15.152 ) 
    Source Clock Delay      (SCD):    3.508ns
    Clock Pessimism Removal (CPR):    0.345ns
  Clock Uncertainty:      0.035ns  ((TSJ^2 + TIJ^2)^1/2 + DJ) / 2 + PE
    Total System Jitter     (TSJ):    0.071ns
    Total Input Jitter      (TIJ):    0.000ns
    Discrete Jitter          (DJ):    0.000ns
    Phase Error              (PE):    0.000ns

    Location             Delay type                Incr(ns)  Path(ns)    Netlist Resource(s)
  -------------------------------------------------------------------    -------------------
                         (clock TCK rise edge)        0.000     0.000 r  
    BSCAN_X0Y0           BSCANE2                      0.000     0.000 r  u_BSCANE2/TCK
                         net (fo=1, routed)           1.780     1.780    TCK
    BUFGCTRL_X0Y0        BUFG (Prop_bufg_I_O)         0.096     1.876 r  TCK_BUFG_inst/O
                         net (fo=507, routed)         1.632     3.508    u_jtag_mac/TCK_BUFG
    SLICE_X13Y80         FDRE                                         r  u_jtag_mac/user_rst_assert_reg/C
  -------------------------------------------------------------------    -------------------
    SLICE_X13Y80         FDRE (Prop_fdre_C_Q)         0.456     3.964 r  u_jtag_mac/user_rst_assert_reg/Q
                         net (fo=16, routed)          1.290     5.254    u_jtag_mac/user_rst_assert
    SLICE_X13Y83         LUT2 (Prop_lut2_I0_O)        0.124     5.378 r  u_jtag_mac/u_simcycle_fifo_i_1/O
                         net (fo=498, routed)         6.380    11.758    u_jtag_mac/SR[0]
    SLICE_X12Y69         FDRE                                         r  u_jtag_mac/data_buffer_reg[4]/R
  -------------------------------------------------------------------    -------------------

                         (clock TCK rise edge)       15.152    15.152 r  
    BSCAN_X0Y0           BSCANE2                      0.000    15.152 r  u_BSCANE2/TCK
                         net (fo=1, routed)           1.520    16.672    TCK
    BUFGCTRL_X0Y0        BUFG (Prop_bufg_I_O)         0.091    16.763 r  TCK_BUFG_inst/O
                         net (fo=507, routed)         1.510    18.273    u_jtag_mac/TCK_BUFG
    SLICE_X12Y69         FDRE                                         r  u_jtag_mac/data_buffer_reg[4]/C
                         clock pessimism              0.345    18.618    
                         clock uncertainty           -0.035    18.583    
    SLICE_X12Y69         FDRE (Setup_fdre_C_R)       -0.524    18.059    u_jtag_mac/data_buffer_reg[4]
  -------------------------------------------------------------------
                         required time                         18.059    
                         arrival time                         -11.758    
  -------------------------------------------------------------------
                         slack                                  6.301    

Slack (MET) :             6.301ns  (required time - arrival time)
  Source:                 u_jtag_mac/user_rst_assert_reg/C
                            (rising edge-triggered cell FDRE clocked by TCK  {rise@0.000ns fall@7.576ns period=15.152ns})
  Destination:            u_jtag_mac/data_buffer_reg[5]/R
                            (rising edge-triggered cell FDRE clocked by TCK  {rise@0.000ns fall@7.576ns period=15.152ns})
  Path Group:             TCK
  Path Type:              Setup (Max at Slow Process Corner)
  Requirement:            15.152ns  (TCK rise@15.152ns - TCK rise@0.000ns)
  Data Path Delay:        8.250ns  (logic 0.580ns (7.030%)  route 7.670ns (92.970%))
  Logic Levels:           1  (LUT2=1)
  Clock Path Skew:        -0.042ns (DCD - SCD + CPR)
    Destination Clock Delay (DCD):    3.121ns = ( 18.273 - 15.152 ) 
    Source Clock Delay      (SCD):    3.508ns
    Clock Pessimism Removal (CPR):    0.345ns
  Clock Uncertainty:      0.035ns  ((TSJ^2 + TIJ^2)^1/2 + DJ) / 2 + PE
    Total System Jitter     (TSJ):    0.071ns
    Total Input Jitter      (TIJ):    0.000ns
    Discrete Jitter          (DJ):    0.000ns
    Phase Error              (PE):    0.000ns

    Location             Delay type                Incr(ns)  Path(ns)    Netlist Resource(s)
  -------------------------------------------------------------------    -------------------
                         (clock TCK rise edge)        0.000     0.000 r  
    BSCAN_X0Y0           BSCANE2                      0.000     0.000 r  u_BSCANE2/TCK
                         net (fo=1, routed)           1.780     1.780    TCK
    BUFGCTRL_X0Y0        BUFG (Prop_bufg_I_O)         0.096     1.876 r  TCK_BUFG_inst/O
                         net (fo=507, routed)         1.632     3.508    u_jtag_mac/TCK_BUFG
    SLICE_X13Y80         FDRE                                         r  u_jtag_mac/user_rst_assert_reg/C
  -------------------------------------------------------------------    -------------------
    SLICE_X13Y80         FDRE (Prop_fdre_C_Q)         0.456     3.964 r  u_jtag_mac/user_rst_assert_reg/Q
                         net (fo=16, routed)          1.290     5.254    u_jtag_mac/user_rst_assert
    SLICE_X13Y83         LUT2 (Prop_lut2_I0_O)        0.124     5.378 r  u_jtag_mac/u_simcycle_fifo_i_1/O
                         net (fo=498, routed)         6.380    11.758    u_jtag_mac/SR[0]
    SLICE_X12Y69         FDRE                                         r  u_jtag_mac/data_buffer_reg[5]/R
  -------------------------------------------------------------------    -------------------

                         (clock TCK rise edge)       15.152    15.152 r  
    BSCAN_X0Y0           BSCANE2                      0.000    15.152 r  u_BSCANE2/TCK
                         net (fo=1, routed)           1.520    16.672    TCK
    BUFGCTRL_X0Y0        BUFG (Prop_bufg_I_O)         0.091    16.763 r  TCK_BUFG_inst/O
                         net (fo=507, routed)         1.510    18.273    u_jtag_mac/TCK_BUFG
    SLICE_X12Y69         FDRE                                         r  u_jtag_mac/data_buffer_reg[5]/C
                         clock pessimism              0.345    18.618    
                         clock uncertainty           -0.035    18.583    
    SLICE_X12Y69         FDRE (Setup_fdre_C_R)       -0.524    18.059    u_jtag_mac/data_buffer_reg[5]
  -------------------------------------------------------------------
                         required time                         18.059    
                         arrival time                         -11.758    
  -------------------------------------------------------------------
                         slack                                  6.301    

Slack (MET) :             6.882ns  (required time - arrival time)
  Source:                 u_jtag_mac/data_buffer_reg[9]/C
                            (rising edge-triggered cell FDRE clocked by TCK  {rise@0.000ns fall@7.576ns period=15.152ns})
  Destination:            u_jtag_mac/ver_output_reg_reg[16]/R
                            (rising edge-triggered cell FDRE clocked by TCK  {rise@0.000ns fall@7.576ns period=15.152ns})
  Path Group:             TCK
  Path Type:              Setup (Max at Slow Process Corner)
  Requirement:            15.152ns  (TCK rise@15.152ns - TCK rise@0.000ns)
  Data Path Delay:        7.682ns  (logic 1.364ns (17.755%)  route 6.318ns (82.245%))
  Logic Levels:           5  (LUT3=2 LUT5=1 LUT6=2)
  Clock Path Skew:        -0.028ns (DCD - SCD + CPR)
    Destination Clock Delay (DCD):    3.129ns = ( 18.281 - 15.152 ) 
    Source Clock Delay      (SCD):    3.502ns
    Clock Pessimism Removal (CPR):    0.345ns
  Clock Uncertainty:      0.035ns  ((TSJ^2 + TIJ^2)^1/2 + DJ) / 2 + PE
    Total System Jitter     (TSJ):    0.071ns
    Total Input Jitter      (TIJ):    0.000ns
    Discrete Jitter          (DJ):    0.000ns
    Phase Error              (PE):    0.000ns

    Location             Delay type                Incr(ns)  Path(ns)    Netlist Resource(s)
  -------------------------------------------------------------------    -------------------
                         (clock TCK rise edge)        0.000     0.000 r  
    BSCAN_X0Y0           BSCANE2                      0.000     0.000 r  u_BSCANE2/TCK
                         net (fo=1, routed)           1.780     1.780    TCK
    BUFGCTRL_X0Y0        BUFG (Prop_bufg_I_O)         0.096     1.876 r  TCK_BUFG_inst/O
                         net (fo=507, routed)         1.626     3.502    u_jtag_mac/TCK_BUFG
    SLICE_X12Y73         FDRE                                         r  u_jtag_mac/data_buffer_reg[9]/C
  -------------------------------------------------------------------    -------------------
    SLICE_X12Y73         FDRE (Prop_fdre_C_Q)         0.518     4.020 r  u_jtag_mac/data_buffer_reg[9]/Q
                         net (fo=17, routed)          1.696     5.716    u_jtag_mac/pre_chif_fifo_din[1]
    SLICE_X11Y80         LUT3 (Prop_lut3_I0_O)        0.124     5.840 r  u_jtag_mac/act_rd_len[12]_i_12/O
                         net (fo=1, routed)           0.670     6.511    u_jtag_mac/act_rd_len[12]_i_12_n_0
    SLICE_X11Y80         LUT5 (Prop_lut5_I3_O)        0.124     6.635 f  u_jtag_mac/act_rd_len[12]_i_9/O
                         net (fo=5, routed)           1.450     8.085    u_jtag_mac/act_rd_len[12]_i_9_n_0
    SLICE_X12Y79         LUT3 (Prop_lut3_I0_O)        0.146     8.231 f  u_jtag_mac/user_rst_assert_i_2/O
                         net (fo=4, routed)           0.706     8.937    u_jtag_mac/user_rst_assert_i_2_n_0
    SLICE_X13Y79         LUT6 (Prop_lut6_I5_O)        0.328     9.265 r  u_jtag_mac/ver_output_reg[17]_i_2/O
                         net (fo=13, routed)          1.090    10.355    u_jtag_mac/ver_output_reg[17]_i_2_n_0
    SLICE_X13Y85         LUT6 (Prop_lut6_I4_O)        0.124    10.479 r  u_jtag_mac/ver_output_reg[16]_i_1/O
                         net (fo=7, routed)           0.705    11.185    u_jtag_mac/ver_output_reg[16]_i_1_n_0
    SLICE_X12Y88         FDRE                                         r  u_jtag_mac/ver_output_reg_reg[16]/R
  -------------------------------------------------------------------    -------------------

                         (clock TCK rise edge)       15.152    15.152 r  
    BSCAN_X0Y0           BSCANE2                      0.000    15.152 r  u_BSCANE2/TCK
                         net (fo=1, routed)           1.520    16.672    TCK
    BUFGCTRL_X0Y0        BUFG (Prop_bufg_I_O)         0.091    16.763 r  TCK_BUFG_inst/O
                         net (fo=507, routed)         1.518    18.281    u_jtag_mac/TCK_BUFG
    SLICE_X12Y88         FDRE                                         r  u_jtag_mac/ver_output_reg_reg[16]/C
                         clock pessimism              0.345    18.626    
                         clock uncertainty           -0.035    18.591    
    SLICE_X12Y88         FDRE (Setup_fdre_C_R)       -0.524    18.067    u_jtag_mac/ver_output_reg_reg[16]
  -------------------------------------------------------------------
                         required time                         18.067    
                         arrival time                         -11.185    
  -------------------------------------------------------------------
                         slack                                  6.882    

Slack (MET) :             6.920ns  (required time - arrival time)
  Source:                 u_jtag_mac/sm_cnt_reg[3]/C
                            (rising edge-triggered cell FDRE clocked by TCK  {rise@0.000ns fall@7.576ns period=15.152ns})
  Destination:            u_jtag_mac/act_wr_cnt_reg[1]/R
                            (rising edge-triggered cell FDRE clocked by TCK  {rise@0.000ns fall@7.576ns period=15.152ns})
  Path Group:             TCK
  Path Type:              Setup (Max at Slow Process Corner)
  Requirement:            15.152ns  (TCK rise@15.152ns - TCK rise@0.000ns)
  Data Path Delay:        7.621ns  (logic 1.694ns (22.228%)  route 5.927ns (77.772%))
  Logic Levels:           5  (LUT3=1 LUT4=1 LUT5=2 LUT6=1)
  Clock Path Skew:        -0.052ns (DCD - SCD + CPR)
    Destination Clock Delay (DCD):    3.115ns = ( 18.267 - 15.152 ) 
    Source Clock Delay      (SCD):    3.512ns
    Clock Pessimism Removal (CPR):    0.345ns
  Clock Uncertainty:      0.035ns  ((TSJ^2 + TIJ^2)^1/2 + DJ) / 2 + PE
    Total System Jitter     (TSJ):    0.071ns
    Total Input Jitter      (TIJ):    0.000ns
    Discrete Jitter          (DJ):    0.000ns
    Phase Error              (PE):    0.000ns

    Location             Delay type                Incr(ns)  Path(ns)    Netlist Resource(s)
  -------------------------------------------------------------------    -------------------
                         (clock TCK rise edge)        0.000     0.000 r  
    BSCAN_X0Y0           BSCANE2                      0.000     0.000 r  u_BSCANE2/TCK
                         net (fo=1, routed)           1.780     1.780    TCK
    BUFGCTRL_X0Y0        BUFG (Prop_bufg_I_O)         0.096     1.876 r  TCK_BUFG_inst/O
                         net (fo=507, routed)         1.636     3.512    u_jtag_mac/TCK_BUFG
    SLICE_X9Y83          FDRE                                         r  u_jtag_mac/sm_cnt_reg[3]/C
  -------------------------------------------------------------------    -------------------
    SLICE_X9Y83          FDRE (Prop_fdre_C_Q)         0.419     3.931 r  u_jtag_mac/sm_cnt_reg[3]/Q
                         net (fo=17, routed)          1.103     5.034    u_jtag_mac/sm_cnt_reg_n_0_[3]
    SLICE_X9Y80          LUT5 (Prop_lut5_I3_O)        0.325     5.359 r  u_jtag_mac/FSM_onehot_cs[10]_i_2/O
                         net (fo=16, routed)          1.204     6.563    u_jtag_mac/FSM_onehot_cs[10]_i_2_n_0
    SLICE_X12Y82         LUT5 (Prop_lut5_I2_O)        0.354     6.917 r  u_jtag_mac/ver_output_reg[17]_i_4/O
                         net (fo=15, routed)          0.423     7.340    u_jtag_mac/ver_output_reg[17]_i_4_n_0
    SLICE_X13Y82         LUT3 (Prop_lut3_I2_O)        0.348     7.688 r  u_jtag_mac/act_rd_len[12]_i_3/O
                         net (fo=7, routed)           0.969     8.657    u_jtag_mac/act_rd_len[12]_i_3_n_0
    SLICE_X13Y79         LUT4 (Prop_lut4_I2_O)        0.124     8.781 r  u_jtag_mac/ver_act_rd_cnt[15]_i_6/O
                         net (fo=4, routed)           0.960     9.741    u_jtag_mac/ver_act_rd_cnt[15]_i_6_n_0
    SLICE_X14Y81         LUT6 (Prop_lut6_I4_O)        0.124     9.865 r  u_jtag_mac/act_wr_cnt[15]_i_1/O
                         net (fo=15, routed)          1.268    11.133    u_jtag_mac/act_wr_cnt[15]_i_1_n_0
    SLICE_X12Y74         FDRE                                         r  u_jtag_mac/act_wr_cnt_reg[1]/R
  -------------------------------------------------------------------    -------------------

                         (clock TCK rise edge)       15.152    15.152 r  
    BSCAN_X0Y0           BSCANE2                      0.000    15.152 r  u_BSCANE2/TCK
                         net (fo=1, routed)           1.520    16.672    TCK
    BUFGCTRL_X0Y0        BUFG (Prop_bufg_I_O)         0.091    16.763 r  TCK_BUFG_inst/O
                         net (fo=507, routed)         1.504    18.267    u_jtag_mac/TCK_BUFG
    SLICE_X12Y74         FDRE                                         r  u_jtag_mac/act_wr_cnt_reg[1]/C
                         clock pessimism              0.345    18.612    
                         clock uncertainty           -0.035    18.577    
    SLICE_X12Y74         FDRE (Setup_fdre_C_R)       -0.524    18.053    u_jtag_mac/act_wr_cnt_reg[1]
  -------------------------------------------------------------------
                         required time                         18.053    
                         arrival time                         -11.133    
  -------------------------------------------------------------------
                         slack                                  6.920    

Slack (MET) :             6.920ns  (required time - arrival time)
  Source:                 u_jtag_mac/sm_cnt_reg[3]/C
                            (rising edge-triggered cell FDRE clocked by TCK  {rise@0.000ns fall@7.576ns period=15.152ns})
  Destination:            u_jtag_mac/act_wr_cnt_reg[2]/R
                            (rising edge-triggered cell FDRE clocked by TCK  {rise@0.000ns fall@7.576ns period=15.152ns})
  Path Group:             TCK
  Path Type:              Setup (Max at Slow Process Corner)
  Requirement:            15.152ns  (TCK rise@15.152ns - TCK rise@0.000ns)
  Data Path Delay:        7.621ns  (logic 1.694ns (22.228%)  route 5.927ns (77.772%))
  Logic Levels:           5  (LUT3=1 LUT4=1 LUT5=2 LUT6=1)
  Clock Path Skew:        -0.052ns (DCD - SCD + CPR)
    Destination Clock Delay (DCD):    3.115ns = ( 18.267 - 15.152 ) 
    Source Clock Delay      (SCD):    3.512ns
    Clock Pessimism Removal (CPR):    0.345ns
  Clock Uncertainty:      0.035ns  ((TSJ^2 + TIJ^2)^1/2 + DJ) / 2 + PE
    Total System Jitter     (TSJ):    0.071ns
    Total Input Jitter      (TIJ):    0.000ns
    Discrete Jitter          (DJ):    0.000ns
    Phase Error              (PE):    0.000ns

    Location             Delay type                Incr(ns)  Path(ns)    Netlist Resource(s)
  -------------------------------------------------------------------    -------------------
                         (clock TCK rise edge)        0.000     0.000 r  
    BSCAN_X0Y0           BSCANE2                      0.000     0.000 r  u_BSCANE2/TCK
                         net (fo=1, routed)           1.780     1.780    TCK
    BUFGCTRL_X0Y0        BUFG (Prop_bufg_I_O)         0.096     1.876 r  TCK_BUFG_inst/O
                         net (fo=507, routed)         1.636     3.512    u_jtag_mac/TCK_BUFG
    SLICE_X9Y83          FDRE                                         r  u_jtag_mac/sm_cnt_reg[3]/C
  -------------------------------------------------------------------    -------------------
    SLICE_X9Y83          FDRE (Prop_fdre_C_Q)         0.419     3.931 r  u_jtag_mac/sm_cnt_reg[3]/Q
                         net (fo=17, routed)          1.103     5.034    u_jtag_mac/sm_cnt_reg_n_0_[3]
    SLICE_X9Y80          LUT5 (Prop_lut5_I3_O)        0.325     5.359 r  u_jtag_mac/FSM_onehot_cs[10]_i_2/O
                         net (fo=16, routed)          1.204     6.563    u_jtag_mac/FSM_onehot_cs[10]_i_2_n_0
    SLICE_X12Y82         LUT5 (Prop_lut5_I2_O)        0.354     6.917 r  u_jtag_mac/ver_output_reg[17]_i_4/O
                         net (fo=15, routed)          0.423     7.340    u_jtag_mac/ver_output_reg[17]_i_4_n_0
    SLICE_X13Y82         LUT3 (Prop_lut3_I2_O)        0.348     7.688 r  u_jtag_mac/act_rd_len[12]_i_3/O
                         net (fo=7, routed)           0.969     8.657    u_jtag_mac/act_rd_len[12]_i_3_n_0
    SLICE_X13Y79         LUT4 (Prop_lut4_I2_O)        0.124     8.781 r  u_jtag_mac/ver_act_rd_cnt[15]_i_6/O
                         net (fo=4, routed)           0.960     9.741    u_jtag_mac/ver_act_rd_cnt[15]_i_6_n_0
    SLICE_X14Y81         LUT6 (Prop_lut6_I4_O)        0.124     9.865 r  u_jtag_mac/act_wr_cnt[15]_i_1/O
                         net (fo=15, routed)          1.268    11.133    u_jtag_mac/act_wr_cnt[15]_i_1_n_0
    SLICE_X12Y74         FDRE                                         r  u_jtag_mac/act_wr_cnt_reg[2]/R
  -------------------------------------------------------------------    -------------------

                         (clock TCK rise edge)       15.152    15.152 r  
    BSCAN_X0Y0           BSCANE2                      0.000    15.152 r  u_BSCANE2/TCK
                         net (fo=1, routed)           1.520    16.672    TCK
    BUFGCTRL_X0Y0        BUFG (Prop_bufg_I_O)         0.091    16.763 r  TCK_BUFG_inst/O
                         net (fo=507, routed)         1.504    18.267    u_jtag_mac/TCK_BUFG
    SLICE_X12Y74         FDRE                                         r  u_jtag_mac/act_wr_cnt_reg[2]/C
                         clock pessimism              0.345    18.612    
                         clock uncertainty           -0.035    18.577    
    SLICE_X12Y74         FDRE (Setup_fdre_C_R)       -0.524    18.053    u_jtag_mac/act_wr_cnt_reg[2]
  -------------------------------------------------------------------
                         required time                         18.053    
                         arrival time                         -11.133    
  -------------------------------------------------------------------
                         slack                                  6.920    

Slack (MET) :             6.920ns  (required time - arrival time)
  Source:                 u_jtag_mac/sm_cnt_reg[3]/C
                            (rising edge-triggered cell FDRE clocked by TCK  {rise@0.000ns fall@7.576ns period=15.152ns})
  Destination:            u_jtag_mac/act_wr_cnt_reg[3]/R
                            (rising edge-triggered cell FDRE clocked by TCK  {rise@0.000ns fall@7.576ns period=15.152ns})
  Path Group:             TCK
  Path Type:              Setup (Max at Slow Process Corner)
  Requirement:            15.152ns  (TCK rise@15.152ns - TCK rise@0.000ns)
  Data Path Delay:        7.621ns  (logic 1.694ns (22.228%)  route 5.927ns (77.772%))
  Logic Levels:           5  (LUT3=1 LUT4=1 LUT5=2 LUT6=1)
  Clock Path Skew:        -0.052ns (DCD - SCD + CPR)
    Destination Clock Delay (DCD):    3.115ns = ( 18.267 - 15.152 ) 
    Source Clock Delay      (SCD):    3.512ns
    Clock Pessimism Removal (CPR):    0.345ns
  Clock Uncertainty:      0.035ns  ((TSJ^2 + TIJ^2)^1/2 + DJ) / 2 + PE
    Total System Jitter     (TSJ):    0.071ns
    Total Input Jitter      (TIJ):    0.000ns
    Discrete Jitter          (DJ):    0.000ns
    Phase Error              (PE):    0.000ns

    Location             Delay type                Incr(ns)  Path(ns)    Netlist Resource(s)
  -------------------------------------------------------------------    -------------------
                         (clock TCK rise edge)        0.000     0.000 r  
    BSCAN_X0Y0           BSCANE2                      0.000     0.000 r  u_BSCANE2/TCK
                         net (fo=1, routed)           1.780     1.780    TCK
    BUFGCTRL_X0Y0        BUFG (Prop_bufg_I_O)         0.096     1.876 r  TCK_BUFG_inst/O
                         net (fo=507, routed)         1.636     3.512    u_jtag_mac/TCK_BUFG
    SLICE_X9Y83          FDRE                                         r  u_jtag_mac/sm_cnt_reg[3]/C
  -------------------------------------------------------------------    -------------------
    SLICE_X9Y83          FDRE (Prop_fdre_C_Q)         0.419     3.931 r  u_jtag_mac/sm_cnt_reg[3]/Q
                         net (fo=17, routed)          1.103     5.034    u_jtag_mac/sm_cnt_reg_n_0_[3]
    SLICE_X9Y80          LUT5 (Prop_lut5_I3_O)        0.325     5.359 r  u_jtag_mac/FSM_onehot_cs[10]_i_2/O
                         net (fo=16, routed)          1.204     6.563    u_jtag_mac/FSM_onehot_cs[10]_i_2_n_0
    SLICE_X12Y82         LUT5 (Prop_lut5_I2_O)        0.354     6.917 r  u_jtag_mac/ver_output_reg[17]_i_4/O
                         net (fo=15, routed)          0.423     7.340    u_jtag_mac/ver_output_reg[17]_i_4_n_0
    SLICE_X13Y82         LUT3 (Prop_lut3_I2_O)        0.348     7.688 r  u_jtag_mac/act_rd_len[12]_i_3/O
                         net (fo=7, routed)           0.969     8.657    u_jtag_mac/act_rd_len[12]_i_3_n_0
    SLICE_X13Y79         LUT4 (Prop_lut4_I2_O)        0.124     8.781 r  u_jtag_mac/ver_act_rd_cnt[15]_i_6/O
                         net (fo=4, routed)           0.960     9.741    u_jtag_mac/ver_act_rd_cnt[15]_i_6_n_0
    SLICE_X14Y81         LUT6 (Prop_lut6_I4_O)        0.124     9.865 r  u_jtag_mac/act_wr_cnt[15]_i_1/O
                         net (fo=15, routed)          1.268    11.133    u_jtag_mac/act_wr_cnt[15]_i_1_n_0
    SLICE_X12Y74         FDRE                                         r  u_jtag_mac/act_wr_cnt_reg[3]/R
  -------------------------------------------------------------------    -------------------

                         (clock TCK rise edge)       15.152    15.152 r  
    BSCAN_X0Y0           BSCANE2                      0.000    15.152 r  u_BSCANE2/TCK
                         net (fo=1, routed)           1.520    16.672    TCK
    BUFGCTRL_X0Y0        BUFG (Prop_bufg_I_O)         0.091    16.763 r  TCK_BUFG_inst/O
                         net (fo=507, routed)         1.504    18.267    u_jtag_mac/TCK_BUFG
    SLICE_X12Y74         FDRE                                         r  u_jtag_mac/act_wr_cnt_reg[3]/C
                         clock pessimism              0.345    18.612    
                         clock uncertainty           -0.035    18.577    
    SLICE_X12Y74         FDRE (Setup_fdre_C_R)       -0.524    18.053    u_jtag_mac/act_wr_cnt_reg[3]
  -------------------------------------------------------------------
                         required time                         18.053    
                         arrival time                         -11.133    
  -------------------------------------------------------------------
                         slack                                  6.920    

Slack (MET) :             6.946ns  (required time - arrival time)
  Source:                 u_jtag_mac/sm_cnt_reg[3]/C
                            (rising edge-triggered cell FDRE clocked by TCK  {rise@0.000ns fall@7.576ns period=15.152ns})
  Destination:            u_jtag_mac/sm_cnt_reg[2]/R
                            (rising edge-triggered cell FDRE clocked by TCK  {rise@0.000ns fall@7.576ns period=15.152ns})
  Path Group:             TCK
  Path Type:              Setup (Max at Slow Process Corner)
  Requirement:            15.152ns  (TCK rise@15.152ns - TCK rise@0.000ns)
  Data Path Delay:        7.742ns  (logic 2.726ns (35.212%)  route 5.016ns (64.788%))
  Logic Levels:           7  (CARRY4=2 LUT3=1 LUT5=4)
  Clock Path Skew:        0.000ns (DCD - SCD + CPR)
    Destination Clock Delay (DCD):    3.125ns = ( 18.277 - 15.152 ) 
    Source Clock Delay      (SCD):    3.512ns
    Clock Pessimism Removal (CPR):    0.387ns
  Clock Uncertainty:      0.035ns  ((TSJ^2 + TIJ^2)^1/2 + DJ) / 2 + PE
    Total System Jitter     (TSJ):    0.071ns
    Total Input Jitter      (TIJ):    0.000ns
    Discrete Jitter          (DJ):    0.000ns
    Phase Error              (PE):    0.000ns

    Location             Delay type                Incr(ns)  Path(ns)    Netlist Resource(s)
  -------------------------------------------------------------------    -------------------
                         (clock TCK rise edge)        0.000     0.000 r  
    BSCAN_X0Y0           BSCANE2                      0.000     0.000 r  u_BSCANE2/TCK
                         net (fo=1, routed)           1.780     1.780    TCK
    BUFGCTRL_X0Y0        BUFG (Prop_bufg_I_O)         0.096     1.876 r  TCK_BUFG_inst/O
                         net (fo=507, routed)         1.636     3.512    u_jtag_mac/TCK_BUFG
    SLICE_X9Y83          FDRE                                         r  u_jtag_mac/sm_cnt_reg[3]/C
  -------------------------------------------------------------------    -------------------
    SLICE_X9Y83          FDRE (Prop_fdre_C_Q)         0.419     3.931 f  u_jtag_mac/sm_cnt_reg[3]/Q
                         net (fo=17, routed)          1.103     5.034    u_jtag_mac/sm_cnt_reg_n_0_[3]
    SLICE_X9Y80          LUT5 (Prop_lut5_I3_O)        0.325     5.359 f  u_jtag_mac/FSM_onehot_cs[10]_i_2/O
                         net (fo=16, routed)          0.835     6.195    u_jtag_mac/FSM_onehot_cs[10]_i_2_n_0
    SLICE_X13Y81         LUT5 (Prop_lut5_I0_O)        0.355     6.550 f  u_jtag_mac/FSM_onehot_cs[9]_i_2/O
                         net (fo=5, routed)           0.837     7.387    u_jtag_mac/FSM_onehot_cs[9]_i_2_n_0
    SLICE_X12Y81         LUT5 (Prop_lut5_I0_O)        0.327     7.714 f  u_jtag_mac/sm_cnt1_carry_i_9/O
                         net (fo=1, routed)           0.572     8.286    u_jtag_mac/sm_cnt1_carry_i_9_n_0
    SLICE_X11Y81         LUT3 (Prop_lut3_I2_O)        0.124     8.410 r  u_jtag_mac/sm_cnt1_carry_i_4/O
                         net (fo=1, routed)           0.000     8.410    u_jtag_mac/sm_cnt1_carry_i_4_n_0
    SLICE_X11Y81         CARRY4 (Prop_carry4_S[0]_CO[3])
                                                      0.532     8.942 r  u_jtag_mac/sm_cnt1_carry/CO[3]
                         net (fo=1, routed)           0.000     8.942    u_jtag_mac/sm_cnt1_carry_n_0
    SLICE_X11Y82         CARRY4 (Prop_carry4_CI_CO[0])
                                                      0.271     9.213 r  u_jtag_mac/sm_cnt1_carry__0/CO[0]
                         net (fo=2, routed)           0.974    10.187    u_jtag_mac/sm_cnt1_carry__0_n_3
    SLICE_X12Y83         LUT5 (Prop_lut5_I0_O)        0.373    10.560 r  u_jtag_mac/sm_cnt[4]_i_1/O
                         net (fo=4, routed)           0.694    11.254    u_jtag_mac/sm_cnt[4]_i_1_n_0
    SLICE_X9Y83          FDRE                                         r  u_jtag_mac/sm_cnt_reg[2]/R
  -------------------------------------------------------------------    -------------------

                         (clock TCK rise edge)       15.152    15.152 r  
    BSCAN_X0Y0           BSCANE2                      0.000    15.152 r  u_BSCANE2/TCK
                         net (fo=1, routed)           1.520    16.672    TCK
    BUFGCTRL_X0Y0        BUFG (Prop_bufg_I_O)         0.091    16.763 r  TCK_BUFG_inst/O
                         net (fo=507, routed)         1.514    18.277    u_jtag_mac/TCK_BUFG
    SLICE_X9Y83          FDRE                                         r  u_jtag_mac/sm_cnt_reg[2]/C
                         clock pessimism              0.387    18.664    
                         clock uncertainty           -0.035    18.629    
    SLICE_X9Y83          FDRE (Setup_fdre_C_R)       -0.429    18.200    u_jtag_mac/sm_cnt_reg[2]
  -------------------------------------------------------------------
                         required time                         18.200    
                         arrival time                         -11.254    
  -------------------------------------------------------------------
                         slack                                  6.946    

Slack (MET) :             6.946ns  (required time - arrival time)
  Source:                 u_jtag_mac/sm_cnt_reg[3]/C
                            (rising edge-triggered cell FDRE clocked by TCK  {rise@0.000ns fall@7.576ns period=15.152ns})
  Destination:            u_jtag_mac/sm_cnt_reg[3]/R
                            (rising edge-triggered cell FDRE clocked by TCK  {rise@0.000ns fall@7.576ns period=15.152ns})
  Path Group:             TCK
  Path Type:              Setup (Max at Slow Process Corner)
  Requirement:            15.152ns  (TCK rise@15.152ns - TCK rise@0.000ns)
  Data Path Delay:        7.742ns  (logic 2.726ns (35.212%)  route 5.016ns (64.788%))
  Logic Levels:           7  (CARRY4=2 LUT3=1 LUT5=4)
  Clock Path Skew:        0.000ns (DCD - SCD + CPR)
    Destination Clock Delay (DCD):    3.125ns = ( 18.277 - 15.152 ) 
    Source Clock Delay      (SCD):    3.512ns
    Clock Pessimism Removal (CPR):    0.387ns
  Clock Uncertainty:      0.035ns  ((TSJ^2 + TIJ^2)^1/2 + DJ) / 2 + PE
    Total System Jitter     (TSJ):    0.071ns
    Total Input Jitter      (TIJ):    0.000ns
    Discrete Jitter          (DJ):    0.000ns
    Phase Error              (PE):    0.000ns

    Location             Delay type                Incr(ns)  Path(ns)    Netlist Resource(s)
  -------------------------------------------------------------------    -------------------
                         (clock TCK rise edge)        0.000     0.000 r  
    BSCAN_X0Y0           BSCANE2                      0.000     0.000 r  u_BSCANE2/TCK
                         net (fo=1, routed)           1.780     1.780    TCK
    BUFGCTRL_X0Y0        BUFG (Prop_bufg_I_O)         0.096     1.876 r  TCK_BUFG_inst/O
                         net (fo=507, routed)         1.636     3.512    u_jtag_mac/TCK_BUFG
    SLICE_X9Y83          FDRE                                         r  u_jtag_mac/sm_cnt_reg[3]/C
  -------------------------------------------------------------------    -------------------
    SLICE_X9Y83          FDRE (Prop_fdre_C_Q)         0.419     3.931 f  u_jtag_mac/sm_cnt_reg[3]/Q
                         net (fo=17, routed)          1.103     5.034    u_jtag_mac/sm_cnt_reg_n_0_[3]
    SLICE_X9Y80          LUT5 (Prop_lut5_I3_O)        0.325     5.359 f  u_jtag_mac/FSM_onehot_cs[10]_i_2/O
                         net (fo=16, routed)          0.835     6.195    u_jtag_mac/FSM_onehot_cs[10]_i_2_n_0
    SLICE_X13Y81         LUT5 (Prop_lut5_I0_O)        0.355     6.550 f  u_jtag_mac/FSM_onehot_cs[9]_i_2/O
                         net (fo=5, routed)           0.837     7.387    u_jtag_mac/FSM_onehot_cs[9]_i_2_n_0
    SLICE_X12Y81         LUT5 (Prop_lut5_I0_O)        0.327     7.714 f  u_jtag_mac/sm_cnt1_carry_i_9/O
                         net (fo=1, routed)           0.572     8.286    u_jtag_mac/sm_cnt1_carry_i_9_n_0
    SLICE_X11Y81         LUT3 (Prop_lut3_I2_O)        0.124     8.410 r  u_jtag_mac/sm_cnt1_carry_i_4/O
                         net (fo=1, routed)           0.000     8.410    u_jtag_mac/sm_cnt1_carry_i_4_n_0
    SLICE_X11Y81         CARRY4 (Prop_carry4_S[0]_CO[3])
                                                      0.532     8.942 r  u_jtag_mac/sm_cnt1_carry/CO[3]
                         net (fo=1, routed)           0.000     8.942    u_jtag_mac/sm_cnt1_carry_n_0
    SLICE_X11Y82         CARRY4 (Prop_carry4_CI_CO[0])
                                                      0.271     9.213 r  u_jtag_mac/sm_cnt1_carry__0/CO[0]
                         net (fo=2, routed)           0.974    10.187    u_jtag_mac/sm_cnt1_carry__0_n_3
    SLICE_X12Y83         LUT5 (Prop_lut5_I0_O)        0.373    10.560 r  u_jtag_mac/sm_cnt[4]_i_1/O
                         net (fo=4, routed)           0.694    11.254    u_jtag_mac/sm_cnt[4]_i_1_n_0
    SLICE_X9Y83          FDRE                                         r  u_jtag_mac/sm_cnt_reg[3]/R
  -------------------------------------------------------------------    -------------------

                         (clock TCK rise edge)       15.152    15.152 r  
    BSCAN_X0Y0           BSCANE2                      0.000    15.152 r  u_BSCANE2/TCK
                         net (fo=1, routed)           1.520    16.672    TCK
    BUFGCTRL_X0Y0        BUFG (Prop_bufg_I_O)         0.091    16.763 r  TCK_BUFG_inst/O
                         net (fo=507, routed)         1.514    18.277    u_jtag_mac/TCK_BUFG
    SLICE_X9Y83          FDRE                                         r  u_jtag_mac/sm_cnt_reg[3]/C
                         clock pessimism              0.387    18.664    
                         clock uncertainty           -0.035    18.629    
    SLICE_X9Y83          FDRE (Setup_fdre_C_R)       -0.429    18.200    u_jtag_mac/sm_cnt_reg[3]
  -------------------------------------------------------------------
                         required time                         18.200    
                         arrival time                         -11.254    
  -------------------------------------------------------------------
                         slack                                  6.946    





Min Delay Paths
--------------------------------------------------------------------------------------
Slack (MET) :             0.119ns  (arrival time - required time)
  Source:                 u_jtag_mac/u_post_chif_fifo/u_jtag_mac_fifo/U0/inst_fifo_gen/gconvfifo.rf/grf.rf/rstblk/ngwrdrst.grst.g7serrst.gsckt_wrst.gic_rst.wr_rst_rd_ext_reg[0]/C
                            (rising edge-triggered cell FDRE clocked by TCK  {rise@0.000ns fall@7.576ns period=15.152ns})
  Destination:            u_jtag_mac/u_post_chif_fifo/u_jtag_mac_fifo/U0/inst_fifo_gen/gconvfifo.rf/grf.rf/rstblk/ngwrdrst.grst.g7serrst.gsckt_wrst.gic_rst.wr_rst_rd_ext_reg[1]/D
                            (rising edge-triggered cell FDRE clocked by TCK  {rise@0.000ns fall@7.576ns period=15.152ns})
  Path Group:             TCK
  Path Type:              Hold (Min at Fast Process Corner)
  Requirement:            0.000ns  (TCK rise@0.000ns - TCK rise@0.000ns)
  Data Path Delay:        0.197ns  (logic 0.141ns (71.611%)  route 0.056ns (28.389%))
  Logic Levels:           0  
  Clock Path Skew:        0.000ns (DCD - SCD - CPR)
    Destination Clock Delay (DCD):    1.674ns
    Source Clock Delay      (SCD):    1.286ns
    Clock Pessimism Removal (CPR):    0.388ns

    Location             Delay type                Incr(ns)  Path(ns)    Netlist Resource(s)
  -------------------------------------------------------------------    -------------------
                         (clock TCK rise edge)        0.000     0.000 r  
    BSCAN_X0Y0           BSCANE2                      0.000     0.000 r  u_BSCANE2/TCK
                         net (fo=1, routed)           0.663     0.663    TCK
    BUFGCTRL_X0Y0        BUFG (Prop_bufg_I_O)         0.026     0.689 r  TCK_BUFG_inst/O
                         net (fo=507, routed)         0.598     1.286    u_jtag_mac/u_post_chif_fifo/u_jtag_mac_fifo/U0/inst_fifo_gen/gconvfifo.rf/grf.rf/rstblk/rd_clk
    SLICE_X3Y84          FDRE                                         r  u_jtag_mac/u_post_chif_fifo/u_jtag_mac_fifo/U0/inst_fifo_gen/gconvfifo.rf/grf.rf/rstblk/ngwrdrst.grst.g7serrst.gsckt_wrst.gic_rst.wr_rst_rd_ext_reg[0]/C
  -------------------------------------------------------------------    -------------------
    SLICE_X3Y84          FDRE (Prop_fdre_C_Q)         0.141     1.427 r  u_jtag_mac/u_post_chif_fifo/u_jtag_mac_fifo/U0/inst_fifo_gen/gconvfifo.rf/grf.rf/rstblk/ngwrdrst.grst.g7serrst.gsckt_wrst.gic_rst.wr_rst_rd_ext_reg[0]/Q
                         net (fo=1, routed)           0.056     1.483    u_jtag_mac/u_post_chif_fifo/u_jtag_mac_fifo/U0/inst_fifo_gen/gconvfifo.rf/grf.rf/rstblk/ngwrdrst.grst.g7serrst.gsckt_wrst.gic_rst.wr_rst_rd_ext[0]
    SLICE_X3Y84          FDRE                                         r  u_jtag_mac/u_post_chif_fifo/u_jtag_mac_fifo/U0/inst_fifo_gen/gconvfifo.rf/grf.rf/rstblk/ngwrdrst.grst.g7serrst.gsckt_wrst.gic_rst.wr_rst_rd_ext_reg[1]/D
  -------------------------------------------------------------------    -------------------

                         (clock TCK rise edge)        0.000     0.000 r  
    BSCAN_X0Y0           BSCANE2                      0.000     0.000 r  u_BSCANE2/TCK
                         net (fo=1, routed)           0.777     0.777    TCK
    BUFGCTRL_X0Y0        BUFG (Prop_bufg_I_O)         0.029     0.806 r  TCK_BUFG_inst/O
                         net (fo=507, routed)         0.869     1.674    u_jtag_mac/u_post_chif_fifo/u_jtag_mac_fifo/U0/inst_fifo_gen/gconvfifo.rf/grf.rf/rstblk/rd_clk
    SLICE_X3Y84          FDRE                                         r  u_jtag_mac/u_post_chif_fifo/u_jtag_mac_fifo/U0/inst_fifo_gen/gconvfifo.rf/grf.rf/rstblk/ngwrdrst.grst.g7serrst.gsckt_wrst.gic_rst.wr_rst_rd_ext_reg[1]/C
                         clock pessimism             -0.388     1.286    
    SLICE_X3Y84          FDRE (Hold_fdre_C_D)         0.078     1.364    u_jtag_mac/u_post_chif_fifo/u_jtag_mac_fifo/U0/inst_fifo_gen/gconvfifo.rf/grf.rf/rstblk/ngwrdrst.grst.g7serrst.gsckt_wrst.gic_rst.wr_rst_rd_ext_reg[1]
  -------------------------------------------------------------------
                         required time                         -1.364    
                         arrival time                           1.483    
  -------------------------------------------------------------------
                         slack                                  0.119    

Slack (MET) :             0.120ns  (arrival time - required time)
  Source:                 u_jtag_mac/act_rd_cnt_reg[2]/C
                            (rising edge-triggered cell FDRE clocked by TCK  {rise@0.000ns fall@7.576ns period=15.152ns})
  Destination:            u_jtag_mac/post_chif_fifo_rd_en_reg/D
                            (rising edge-triggered cell FDRE clocked by TCK  {rise@0.000ns fall@7.576ns period=15.152ns})
  Path Group:             TCK
  Path Type:              Hold (Min at Fast Process Corner)
  Requirement:            0.000ns  (TCK rise@0.000ns - TCK rise@0.000ns)
  Data Path Delay:        0.253ns  (logic 0.186ns (73.517%)  route 0.067ns (26.483%))
  Logic Levels:           1  (LUT3=1)
  Clock Path Skew:        0.013ns (DCD - SCD - CPR)
    Destination Clock Delay (DCD):    1.634ns
    Source Clock Delay      (SCD):    1.249ns
    Clock Pessimism Removal (CPR):    0.372ns

    Location             Delay type                Incr(ns)  Path(ns)    Netlist Resource(s)
  -------------------------------------------------------------------    -------------------
                         (clock TCK rise edge)        0.000     0.000 r  
    BSCAN_X0Y0           BSCANE2                      0.000     0.000 r  u_BSCANE2/TCK
                         net (fo=1, routed)           0.663     0.663    TCK
    BUFGCTRL_X0Y0        BUFG (Prop_bufg_I_O)         0.026     0.689 r  TCK_BUFG_inst/O
                         net (fo=507, routed)         0.561     1.249    u_jtag_mac/TCK_BUFG
    SLICE_X11Y76         FDRE                                         r  u_jtag_mac/act_rd_cnt_reg[2]/C
  -------------------------------------------------------------------    -------------------
    SLICE_X11Y76         FDRE (Prop_fdre_C_Q)         0.141     1.390 f  u_jtag_mac/act_rd_cnt_reg[2]/Q
                         net (fo=2, routed)           0.067     1.457    u_jtag_mac/act_rd_cnt_reg_n_0_[2]
    SLICE_X10Y76         LUT3 (Prop_lut3_I2_O)        0.045     1.502 r  u_jtag_mac/post_chif_fifo_rd_en_i_1/O
                         net (fo=1, routed)           0.000     1.502    u_jtag_mac/post_chif_fifo_rd_en_i_1_n_0
    SLICE_X10Y76         FDRE                                         r  u_jtag_mac/post_chif_fifo_rd_en_reg/D
  -------------------------------------------------------------------    -------------------

                         (clock TCK rise edge)        0.000     0.000 r  
    BSCAN_X0Y0           BSCANE2                      0.000     0.000 r  u_BSCANE2/TCK
                         net (fo=1, routed)           0.777     0.777    TCK
    BUFGCTRL_X0Y0        BUFG (Prop_bufg_I_O)         0.029     0.806 r  TCK_BUFG_inst/O
                         net (fo=507, routed)         0.829     1.634    u_jtag_mac/TCK_BUFG
    SLICE_X10Y76         FDRE                                         r  u_jtag_mac/post_chif_fifo_rd_en_reg/C
                         clock pessimism             -0.372     1.262    
    SLICE_X10Y76         FDRE (Hold_fdre_C_D)         0.120     1.382    u_jtag_mac/post_chif_fifo_rd_en_reg
  -------------------------------------------------------------------
                         required time                         -1.382    
                         arrival time                           1.502    
  -------------------------------------------------------------------
                         slack                                  0.120    

Slack (MET) :             0.121ns  (arrival time - required time)
  Source:                 u_jtag_mac/u_pre_chif_fifo/u_jtag_mac_fifo/U0/inst_fifo_gen/gconvfifo.rf/grf.rf/gntv_or_sync_fifo.gcx.clkx/rd_pntr_cdc_inst/dest_graysync_ff_reg[0][3]/C
                            (rising edge-triggered cell FDRE clocked by TCK  {rise@0.000ns fall@7.576ns period=15.152ns})
  Destination:            u_jtag_mac/u_pre_chif_fifo/u_jtag_mac_fifo/U0/inst_fifo_gen/gconvfifo.rf/grf.rf/gntv_or_sync_fifo.gcx.clkx/rd_pntr_cdc_inst/dest_graysync_ff_reg[1][3]/D
                            (rising edge-triggered cell FDRE clocked by TCK  {rise@0.000ns fall@7.576ns period=15.152ns})
  Path Group:             TCK
  Path Type:              Hold (Min at Fast Process Corner)
  Requirement:            0.000ns  (TCK rise@0.000ns - TCK rise@0.000ns)
  Data Path Delay:        0.197ns  (logic 0.141ns (71.611%)  route 0.056ns (28.389%))
  Logic Levels:           0  
  Clock Path Skew:        0.000ns (DCD - SCD - CPR)
    Destination Clock Delay (DCD):    1.664ns
    Source Clock Delay      (SCD):    1.279ns
    Clock Pessimism Removal (CPR):    0.385ns

    Location             Delay type                Incr(ns)  Path(ns)    Netlist Resource(s)
  -------------------------------------------------------------------    -------------------
                         (clock TCK rise edge)        0.000     0.000 r  
    BSCAN_X0Y0           BSCANE2                      0.000     0.000 r  u_BSCANE2/TCK
                         net (fo=1, routed)           0.663     0.663    TCK
    BUFGCTRL_X0Y0        BUFG (Prop_bufg_I_O)         0.026     0.689 r  TCK_BUFG_inst/O
                         net (fo=507, routed)         0.591     1.279    u_jtag_mac/u_pre_chif_fifo/u_jtag_mac_fifo/U0/inst_fifo_gen/gconvfifo.rf/grf.rf/gntv_or_sync_fifo.gcx.clkx/rd_pntr_cdc_inst/dest_clk
    SLICE_X7Y72          FDRE                                         r  u_jtag_mac/u_pre_chif_fifo/u_jtag_mac_fifo/U0/inst_fifo_gen/gconvfifo.rf/grf.rf/gntv_or_sync_fifo.gcx.clkx/rd_pntr_cdc_inst/dest_graysync_ff_reg[0][3]/C
  -------------------------------------------------------------------    -------------------
    SLICE_X7Y72          FDRE (Prop_fdre_C_Q)         0.141     1.420 r  u_jtag_mac/u_pre_chif_fifo/u_jtag_mac_fifo/U0/inst_fifo_gen/gconvfifo.rf/grf.rf/gntv_or_sync_fifo.gcx.clkx/rd_pntr_cdc_inst/dest_graysync_ff_reg[0][3]/Q
                         net (fo=1, routed)           0.056     1.476    u_jtag_mac/u_pre_chif_fifo/u_jtag_mac_fifo/U0/inst_fifo_gen/gconvfifo.rf/grf.rf/gntv_or_sync_fifo.gcx.clkx/rd_pntr_cdc_inst/dest_graysync_ff[0][3]
    SLICE_X7Y72          FDRE                                         r  u_jtag_mac/u_pre_chif_fifo/u_jtag_mac_fifo/U0/inst_fifo_gen/gconvfifo.rf/grf.rf/gntv_or_sync_fifo.gcx.clkx/rd_pntr_cdc_inst/dest_graysync_ff_reg[1][3]/D
  -------------------------------------------------------------------    -------------------

                         (clock TCK rise edge)        0.000     0.000 r  
    BSCAN_X0Y0           BSCANE2                      0.000     0.000 r  u_BSCANE2/TCK
                         net (fo=1, routed)           0.777     0.777    TCK
    BUFGCTRL_X0Y0        BUFG (Prop_bufg_I_O)         0.029     0.806 r  TCK_BUFG_inst/O
                         net (fo=507, routed)         0.859     1.664    u_jtag_mac/u_pre_chif_fifo/u_jtag_mac_fifo/U0/inst_fifo_gen/gconvfifo.rf/grf.rf/gntv_or_sync_fifo.gcx.clkx/rd_pntr_cdc_inst/dest_clk
    SLICE_X7Y72          FDRE                                         r  u_jtag_mac/u_pre_chif_fifo/u_jtag_mac_fifo/U0/inst_fifo_gen/gconvfifo.rf/grf.rf/gntv_or_sync_fifo.gcx.clkx/rd_pntr_cdc_inst/dest_graysync_ff_reg[1][3]/C
                         clock pessimism             -0.385     1.279    
    SLICE_X7Y72          FDRE (Hold_fdre_C_D)         0.076     1.355    u_jtag_mac/u_pre_chif_fifo/u_jtag_mac_fifo/U0/inst_fifo_gen/gconvfifo.rf/grf.rf/gntv_or_sync_fifo.gcx.clkx/rd_pntr_cdc_inst/dest_graysync_ff_reg[1][3]
  -------------------------------------------------------------------
                         required time                         -1.355    
                         arrival time                           1.476    
  -------------------------------------------------------------------
                         slack                                  0.121    

Slack (MET) :             0.122ns  (arrival time - required time)
  Source:                 u_jtag_mac/u_post_chif_fifo/u_jtag_mac_fifo/U0/inst_fifo_gen/gconvfifo.rf/grf.rf/rstblk/ngwrdrst.grst.g7serrst.gsckt_wrst.gic_rst.xpm_cdc_sync_rst_inst_wrst/syncstages_ff_reg[0]/C
                            (rising edge-triggered cell FDRE clocked by TCK  {rise@0.000ns fall@7.576ns period=15.152ns})
  Destination:            u_jtag_mac/u_post_chif_fifo/u_jtag_mac_fifo/U0/inst_fifo_gen/gconvfifo.rf/grf.rf/rstblk/ngwrdrst.grst.g7serrst.gsckt_wrst.gic_rst.xpm_cdc_sync_rst_inst_wrst/syncstages_ff_reg[1]/D
                            (rising edge-triggered cell FDRE clocked by TCK  {rise@0.000ns fall@7.576ns period=15.152ns})
  Path Group:             TCK
  Path Type:              Hold (Min at Fast Process Corner)
  Requirement:            0.000ns  (TCK rise@0.000ns - TCK rise@0.000ns)
  Data Path Delay:        0.197ns  (logic 0.141ns (71.611%)  route 0.056ns (28.389%))
  Logic Levels:           0  
  Clock Path Skew:        0.000ns (DCD - SCD - CPR)
    Destination Clock Delay (DCD):    1.674ns
    Source Clock Delay      (SCD):    1.286ns
    Clock Pessimism Removal (CPR):    0.388ns

    Location             Delay type                Incr(ns)  Path(ns)    Netlist Resource(s)
  -------------------------------------------------------------------    -------------------
                         (clock TCK rise edge)        0.000     0.000 r  
    BSCAN_X0Y0           BSCANE2                      0.000     0.000 r  u_BSCANE2/TCK
                         net (fo=1, routed)           0.663     0.663    TCK
    BUFGCTRL_X0Y0        BUFG (Prop_bufg_I_O)         0.026     0.689 r  TCK_BUFG_inst/O
                         net (fo=507, routed)         0.598     1.286    u_jtag_mac/u_post_chif_fifo/u_jtag_mac_fifo/U0/inst_fifo_gen/gconvfifo.rf/grf.rf/rstblk/ngwrdrst.grst.g7serrst.gsckt_wrst.gic_rst.xpm_cdc_sync_rst_inst_wrst/dest_clk
    SLICE_X3Y84          FDRE                                         r  u_jtag_mac/u_post_chif_fifo/u_jtag_mac_fifo/U0/inst_fifo_gen/gconvfifo.rf/grf.rf/rstblk/ngwrdrst.grst.g7serrst.gsckt_wrst.gic_rst.xpm_cdc_sync_rst_inst_wrst/syncstages_ff_reg[0]/C
  -------------------------------------------------------------------    -------------------
    SLICE_X3Y84          FDRE (Prop_fdre_C_Q)         0.141     1.427 r  u_jtag_mac/u_post_chif_fifo/u_jtag_mac_fifo/U0/inst_fifo_gen/gconvfifo.rf/grf.rf/rstblk/ngwrdrst.grst.g7serrst.gsckt_wrst.gic_rst.xpm_cdc_sync_rst_inst_wrst/syncstages_ff_reg[0]/Q
                         net (fo=1, routed)           0.056     1.483    u_jtag_mac/u_post_chif_fifo/u_jtag_mac_fifo/U0/inst_fifo_gen/gconvfifo.rf/grf.rf/rstblk/ngwrdrst.grst.g7serrst.gsckt_wrst.gic_rst.xpm_cdc_sync_rst_inst_wrst/syncstages_ff[0]
    SLICE_X3Y84          FDRE                                         r  u_jtag_mac/u_post_chif_fifo/u_jtag_mac_fifo/U0/inst_fifo_gen/gconvfifo.rf/grf.rf/rstblk/ngwrdrst.grst.g7serrst.gsckt_wrst.gic_rst.xpm_cdc_sync_rst_inst_wrst/syncstages_ff_reg[1]/D
  -------------------------------------------------------------------    -------------------

                         (clock TCK rise edge)        0.000     0.000 r  
    BSCAN_X0Y0           BSCANE2                      0.000     0.000 r  u_BSCANE2/TCK
                         net (fo=1, routed)           0.777     0.777    TCK
    BUFGCTRL_X0Y0        BUFG (Prop_bufg_I_O)         0.029     0.806 r  TCK_BUFG_inst/O
                         net (fo=507, routed)         0.869     1.674    u_jtag_mac/u_post_chif_fifo/u_jtag_mac_fifo/U0/inst_fifo_gen/gconvfifo.rf/grf.rf/rstblk/ngwrdrst.grst.g7serrst.gsckt_wrst.gic_rst.xpm_cdc_sync_rst_inst_wrst/dest_clk
    SLICE_X3Y84          FDRE                                         r  u_jtag_mac/u_post_chif_fifo/u_jtag_mac_fifo/U0/inst_fifo_gen/gconvfifo.rf/grf.rf/rstblk/ngwrdrst.grst.g7serrst.gsckt_wrst.gic_rst.xpm_cdc_sync_rst_inst_wrst/syncstages_ff_reg[1]/C
                         clock pessimism             -0.388     1.286    
    SLICE_X3Y84          FDRE (Hold_fdre_C_D)         0.075     1.361    u_jtag_mac/u_post_chif_fifo/u_jtag_mac_fifo/U0/inst_fifo_gen/gconvfifo.rf/grf.rf/rstblk/ngwrdrst.grst.g7serrst.gsckt_wrst.gic_rst.xpm_cdc_sync_rst_inst_wrst/syncstages_ff_reg[1]
  -------------------------------------------------------------------
                         required time                         -1.361    
                         arrival time                           1.483    
  -------------------------------------------------------------------
                         slack                                  0.122    

Slack (MET) :             0.122ns  (arrival time - required time)
  Source:                 u_jtag_mac/u_pre_chif_fifo/u_jtag_mac_fifo/U0/inst_fifo_gen/gconvfifo.rf/grf.rf/gntv_or_sync_fifo.gcx.clkx/rd_pntr_cdc_inst/dest_graysync_ff_reg[0][1]/C
                            (rising edge-triggered cell FDRE clocked by TCK  {rise@0.000ns fall@7.576ns period=15.152ns})
  Destination:            u_jtag_mac/u_pre_chif_fifo/u_jtag_mac_fifo/U0/inst_fifo_gen/gconvfifo.rf/grf.rf/gntv_or_sync_fifo.gcx.clkx/rd_pntr_cdc_inst/dest_graysync_ff_reg[1][1]/D
                            (rising edge-triggered cell FDRE clocked by TCK  {rise@0.000ns fall@7.576ns period=15.152ns})
  Path Group:             TCK
  Path Type:              Hold (Min at Fast Process Corner)
  Requirement:            0.000ns  (TCK rise@0.000ns - TCK rise@0.000ns)
  Data Path Delay:        0.197ns  (logic 0.141ns (71.611%)  route 0.056ns (28.389%))
  Logic Levels:           0  
  Clock Path Skew:        0.000ns (DCD - SCD - CPR)
    Destination Clock Delay (DCD):    1.664ns
    Source Clock Delay      (SCD):    1.279ns
    Clock Pessimism Removal (CPR):    0.385ns

    Location             Delay type                Incr(ns)  Path(ns)    Netlist Resource(s)
  -------------------------------------------------------------------    -------------------
                         (clock TCK rise edge)        0.000     0.000 r  
    BSCAN_X0Y0           BSCANE2                      0.000     0.000 r  u_BSCANE2/TCK
                         net (fo=1, routed)           0.663     0.663    TCK
    BUFGCTRL_X0Y0        BUFG (Prop_bufg_I_O)         0.026     0.689 r  TCK_BUFG_inst/O
                         net (fo=507, routed)         0.591     1.279    u_jtag_mac/u_pre_chif_fifo/u_jtag_mac_fifo/U0/inst_fifo_gen/gconvfifo.rf/grf.rf/gntv_or_sync_fifo.gcx.clkx/rd_pntr_cdc_inst/dest_clk
    SLICE_X7Y72          FDRE                                         r  u_jtag_mac/u_pre_chif_fifo/u_jtag_mac_fifo/U0/inst_fifo_gen/gconvfifo.rf/grf.rf/gntv_or_sync_fifo.gcx.clkx/rd_pntr_cdc_inst/dest_graysync_ff_reg[0][1]/C
  -------------------------------------------------------------------    -------------------
    SLICE_X7Y72          FDRE (Prop_fdre_C_Q)         0.141     1.420 r  u_jtag_mac/u_pre_chif_fifo/u_jtag_mac_fifo/U0/inst_fifo_gen/gconvfifo.rf/grf.rf/gntv_or_sync_fifo.gcx.clkx/rd_pntr_cdc_inst/dest_graysync_ff_reg[0][1]/Q
                         net (fo=1, routed)           0.056     1.476    u_jtag_mac/u_pre_chif_fifo/u_jtag_mac_fifo/U0/inst_fifo_gen/gconvfifo.rf/grf.rf/gntv_or_sync_fifo.gcx.clkx/rd_pntr_cdc_inst/dest_graysync_ff[0][1]
    SLICE_X7Y72          FDRE                                         r  u_jtag_mac/u_pre_chif_fifo/u_jtag_mac_fifo/U0/inst_fifo_gen/gconvfifo.rf/grf.rf/gntv_or_sync_fifo.gcx.clkx/rd_pntr_cdc_inst/dest_graysync_ff_reg[1][1]/D
  -------------------------------------------------------------------    -------------------

                         (clock TCK rise edge)        0.000     0.000 r  
    BSCAN_X0Y0           BSCANE2                      0.000     0.000 r  u_BSCANE2/TCK
                         net (fo=1, routed)           0.777     0.777    TCK
    BUFGCTRL_X0Y0        BUFG (Prop_bufg_I_O)         0.029     0.806 r  TCK_BUFG_inst/O
                         net (fo=507, routed)         0.859     1.664    u_jtag_mac/u_pre_chif_fifo/u_jtag_mac_fifo/U0/inst_fifo_gen/gconvfifo.rf/grf.rf/gntv_or_sync_fifo.gcx.clkx/rd_pntr_cdc_inst/dest_clk
    SLICE_X7Y72          FDRE                                         r  u_jtag_mac/u_pre_chif_fifo/u_jtag_mac_fifo/U0/inst_fifo_gen/gconvfifo.rf/grf.rf/gntv_or_sync_fifo.gcx.clkx/rd_pntr_cdc_inst/dest_graysync_ff_reg[1][1]/C
                         clock pessimism             -0.385     1.279    
    SLICE_X7Y72          FDRE (Hold_fdre_C_D)         0.075     1.354    u_jtag_mac/u_pre_chif_fifo/u_jtag_mac_fifo/U0/inst_fifo_gen/gconvfifo.rf/grf.rf/gntv_or_sync_fifo.gcx.clkx/rd_pntr_cdc_inst/dest_graysync_ff_reg[1][1]
  -------------------------------------------------------------------
                         required time                         -1.354    
                         arrival time                           1.476    
  -------------------------------------------------------------------
                         slack                                  0.122    

Slack (MET) :             0.122ns  (arrival time - required time)
  Source:                 u_jtag_mac/u_pre_chif_fifo/u_jtag_mac_fifo/U0/inst_fifo_gen/gconvfifo.rf/grf.rf/gntv_or_sync_fifo.gcx.clkx/rd_pntr_cdc_inst/dest_graysync_ff_reg[0][4]/C
                            (rising edge-triggered cell FDRE clocked by TCK  {rise@0.000ns fall@7.576ns period=15.152ns})
  Destination:            u_jtag_mac/u_pre_chif_fifo/u_jtag_mac_fifo/U0/inst_fifo_gen/gconvfifo.rf/grf.rf/gntv_or_sync_fifo.gcx.clkx/rd_pntr_cdc_inst/dest_graysync_ff_reg[1][4]/D
                            (rising edge-triggered cell FDRE clocked by TCK  {rise@0.000ns fall@7.576ns period=15.152ns})
  Path Group:             TCK
  Path Type:              Hold (Min at Fast Process Corner)
  Requirement:            0.000ns  (TCK rise@0.000ns - TCK rise@0.000ns)
  Data Path Delay:        0.197ns  (logic 0.141ns (71.611%)  route 0.056ns (28.389%))
  Logic Levels:           0  
  Clock Path Skew:        0.000ns (DCD - SCD - CPR)
    Destination Clock Delay (DCD):    1.664ns
    Source Clock Delay      (SCD):    1.279ns
    Clock Pessimism Removal (CPR):    0.385ns

    Location             Delay type                Incr(ns)  Path(ns)    Netlist Resource(s)
  -------------------------------------------------------------------    -------------------
                         (clock TCK rise edge)        0.000     0.000 r  
    BSCAN_X0Y0           BSCANE2                      0.000     0.000 r  u_BSCANE2/TCK
                         net (fo=1, routed)           0.663     0.663    TCK
    BUFGCTRL_X0Y0        BUFG (Prop_bufg_I_O)         0.026     0.689 r  TCK_BUFG_inst/O
                         net (fo=507, routed)         0.591     1.279    u_jtag_mac/u_pre_chif_fifo/u_jtag_mac_fifo/U0/inst_fifo_gen/gconvfifo.rf/grf.rf/gntv_or_sync_fifo.gcx.clkx/rd_pntr_cdc_inst/dest_clk
    SLICE_X5Y72          FDRE                                         r  u_jtag_mac/u_pre_chif_fifo/u_jtag_mac_fifo/U0/inst_fifo_gen/gconvfifo.rf/grf.rf/gntv_or_sync_fifo.gcx.clkx/rd_pntr_cdc_inst/dest_graysync_ff_reg[0][4]/C
  -------------------------------------------------------------------    -------------------
    SLICE_X5Y72          FDRE (Prop_fdre_C_Q)         0.141     1.420 r  u_jtag_mac/u_pre_chif_fifo/u_jtag_mac_fifo/U0/inst_fifo_gen/gconvfifo.rf/grf.rf/gntv_or_sync_fifo.gcx.clkx/rd_pntr_cdc_inst/dest_graysync_ff_reg[0][4]/Q
                         net (fo=1, routed)           0.056     1.476    u_jtag_mac/u_pre_chif_fifo/u_jtag_mac_fifo/U0/inst_fifo_gen/gconvfifo.rf/grf.rf/gntv_or_sync_fifo.gcx.clkx/rd_pntr_cdc_inst/dest_graysync_ff[0][4]
    SLICE_X5Y72          FDRE                                         r  u_jtag_mac/u_pre_chif_fifo/u_jtag_mac_fifo/U0/inst_fifo_gen/gconvfifo.rf/grf.rf/gntv_or_sync_fifo.gcx.clkx/rd_pntr_cdc_inst/dest_graysync_ff_reg[1][4]/D
  -------------------------------------------------------------------    -------------------

                         (clock TCK rise edge)        0.000     0.000 r  
    BSCAN_X0Y0           BSCANE2                      0.000     0.000 r  u_BSCANE2/TCK
                         net (fo=1, routed)           0.777     0.777    TCK
    BUFGCTRL_X0Y0        BUFG (Prop_bufg_I_O)         0.029     0.806 r  TCK_BUFG_inst/O
                         net (fo=507, routed)         0.859     1.664    u_jtag_mac/u_pre_chif_fifo/u_jtag_mac_fifo/U0/inst_fifo_gen/gconvfifo.rf/grf.rf/gntv_or_sync_fifo.gcx.clkx/rd_pntr_cdc_inst/dest_clk
    SLICE_X5Y72          FDRE                                         r  u_jtag_mac/u_pre_chif_fifo/u_jtag_mac_fifo/U0/inst_fifo_gen/gconvfifo.rf/grf.rf/gntv_or_sync_fifo.gcx.clkx/rd_pntr_cdc_inst/dest_graysync_ff_reg[1][4]/C
                         clock pessimism             -0.385     1.279    
    SLICE_X5Y72          FDRE (Hold_fdre_C_D)         0.075     1.354    u_jtag_mac/u_pre_chif_fifo/u_jtag_mac_fifo/U0/inst_fifo_gen/gconvfifo.rf/grf.rf/gntv_or_sync_fifo.gcx.clkx/rd_pntr_cdc_inst/dest_graysync_ff_reg[1][4]
  -------------------------------------------------------------------
                         required time                         -1.354    
                         arrival time                           1.476    
  -------------------------------------------------------------------
                         slack                                  0.122    

Slack (MET) :             0.122ns  (arrival time - required time)
  Source:                 u_jtag_mac/u_pre_chif_fifo/u_jtag_mac_fifo/U0/inst_fifo_gen/gconvfifo.rf/grf.rf/gntv_or_sync_fifo.gcx.clkx/rd_pntr_cdc_inst/dest_graysync_ff_reg[0][6]/C
                            (rising edge-triggered cell FDRE clocked by TCK  {rise@0.000ns fall@7.576ns period=15.152ns})
  Destination:            u_jtag_mac/u_pre_chif_fifo/u_jtag_mac_fifo/U0/inst_fifo_gen/gconvfifo.rf/grf.rf/gntv_or_sync_fifo.gcx.clkx/rd_pntr_cdc_inst/dest_graysync_ff_reg[1][6]/D
                            (rising edge-triggered cell FDRE clocked by TCK  {rise@0.000ns fall@7.576ns period=15.152ns})
  Path Group:             TCK
  Path Type:              Hold (Min at Fast Process Corner)
  Requirement:            0.000ns  (TCK rise@0.000ns - TCK rise@0.000ns)
  Data Path Delay:        0.197ns  (logic 0.141ns (71.611%)  route 0.056ns (28.389%))
  Logic Levels:           0  
  Clock Path Skew:        0.000ns (DCD - SCD - CPR)
    Destination Clock Delay (DCD):    1.662ns
    Source Clock Delay      (SCD):    1.277ns
    Clock Pessimism Removal (CPR):    0.385ns

    Location             Delay type                Incr(ns)  Path(ns)    Netlist Resource(s)
  -------------------------------------------------------------------    -------------------
                         (clock TCK rise edge)        0.000     0.000 r  
    BSCAN_X0Y0           BSCANE2                      0.000     0.000 r  u_BSCANE2/TCK
                         net (fo=1, routed)           0.663     0.663    TCK
    BUFGCTRL_X0Y0        BUFG (Prop_bufg_I_O)         0.026     0.689 r  TCK_BUFG_inst/O
                         net (fo=507, routed)         0.589     1.277    u_jtag_mac/u_pre_chif_fifo/u_jtag_mac_fifo/U0/inst_fifo_gen/gconvfifo.rf/grf.rf/gntv_or_sync_fifo.gcx.clkx/rd_pntr_cdc_inst/dest_clk
    SLICE_X7Y73          FDRE                                         r  u_jtag_mac/u_pre_chif_fifo/u_jtag_mac_fifo/U0/inst_fifo_gen/gconvfifo.rf/grf.rf/gntv_or_sync_fifo.gcx.clkx/rd_pntr_cdc_inst/dest_graysync_ff_reg[0][6]/C
  -------------------------------------------------------------------    -------------------
    SLICE_X7Y73          FDRE (Prop_fdre_C_Q)         0.141     1.418 r  u_jtag_mac/u_pre_chif_fifo/u_jtag_mac_fifo/U0/inst_fifo_gen/gconvfifo.rf/grf.rf/gntv_or_sync_fifo.gcx.clkx/rd_pntr_cdc_inst/dest_graysync_ff_reg[0][6]/Q
                         net (fo=1, routed)           0.056     1.474    u_jtag_mac/u_pre_chif_fifo/u_jtag_mac_fifo/U0/inst_fifo_gen/gconvfifo.rf/grf.rf/gntv_or_sync_fifo.gcx.clkx/rd_pntr_cdc_inst/dest_graysync_ff[0][6]
    SLICE_X7Y73          FDRE                                         r  u_jtag_mac/u_pre_chif_fifo/u_jtag_mac_fifo/U0/inst_fifo_gen/gconvfifo.rf/grf.rf/gntv_or_sync_fifo.gcx.clkx/rd_pntr_cdc_inst/dest_graysync_ff_reg[1][6]/D
  -------------------------------------------------------------------    -------------------

                         (clock TCK rise edge)        0.000     0.000 r  
    BSCAN_X0Y0           BSCANE2                      0.000     0.000 r  u_BSCANE2/TCK
                         net (fo=1, routed)           0.777     0.777    TCK
    BUFGCTRL_X0Y0        BUFG (Prop_bufg_I_O)         0.029     0.806 r  TCK_BUFG_inst/O
                         net (fo=507, routed)         0.857     1.662    u_jtag_mac/u_pre_chif_fifo/u_jtag_mac_fifo/U0/inst_fifo_gen/gconvfifo.rf/grf.rf/gntv_or_sync_fifo.gcx.clkx/rd_pntr_cdc_inst/dest_clk
    SLICE_X7Y73          FDRE                                         r  u_jtag_mac/u_pre_chif_fifo/u_jtag_mac_fifo/U0/inst_fifo_gen/gconvfifo.rf/grf.rf/gntv_or_sync_fifo.gcx.clkx/rd_pntr_cdc_inst/dest_graysync_ff_reg[1][6]/C
                         clock pessimism             -0.385     1.277    
    SLICE_X7Y73          FDRE (Hold_fdre_C_D)         0.075     1.352    u_jtag_mac/u_pre_chif_fifo/u_jtag_mac_fifo/U0/inst_fifo_gen/gconvfifo.rf/grf.rf/gntv_or_sync_fifo.gcx.clkx/rd_pntr_cdc_inst/dest_graysync_ff_reg[1][6]
  -------------------------------------------------------------------
                         required time                         -1.352    
                         arrival time                           1.474    
  -------------------------------------------------------------------
                         slack                                  0.122    

Slack (MET) :             0.122ns  (arrival time - required time)
  Source:                 u_jtag_mac/u_pre_chif_fifo/u_jtag_mac_fifo/U0/inst_fifo_gen/gconvfifo.rf/grf.rf/rstblk/ngwrdrst.grst.g7serrst.gsckt_wrst.gic_rst.xpm_cdc_single_inst_rrst_wr/syncstages_ff_reg[0]/C
                            (rising edge-triggered cell FDRE clocked by TCK  {rise@0.000ns fall@7.576ns period=15.152ns})
  Destination:            u_jtag_mac/u_pre_chif_fifo/u_jtag_mac_fifo/U0/inst_fifo_gen/gconvfifo.rf/grf.rf/rstblk/ngwrdrst.grst.g7serrst.gsckt_wrst.gic_rst.xpm_cdc_single_inst_rrst_wr/syncstages_ff_reg[1]/D
                            (rising edge-triggered cell FDRE clocked by TCK  {rise@0.000ns fall@7.576ns period=15.152ns})
  Path Group:             TCK
  Path Type:              Hold (Min at Fast Process Corner)
  Requirement:            0.000ns  (TCK rise@0.000ns - TCK rise@0.000ns)
  Data Path Delay:        0.197ns  (logic 0.141ns (71.611%)  route 0.056ns (28.389%))
  Logic Levels:           0  
  Clock Path Skew:        0.000ns (DCD - SCD - CPR)
    Destination Clock Delay (DCD):    1.661ns
    Source Clock Delay      (SCD):    1.276ns
    Clock Pessimism Removal (CPR):    0.385ns

    Location             Delay type                Incr(ns)  Path(ns)    Netlist Resource(s)
  -------------------------------------------------------------------    -------------------
                         (clock TCK rise edge)        0.000     0.000 r  
    BSCAN_X0Y0           BSCANE2                      0.000     0.000 r  u_BSCANE2/TCK
                         net (fo=1, routed)           0.663     0.663    TCK
    BUFGCTRL_X0Y0        BUFG (Prop_bufg_I_O)         0.026     0.689 r  TCK_BUFG_inst/O
                         net (fo=507, routed)         0.588     1.276    u_jtag_mac/u_pre_chif_fifo/u_jtag_mac_fifo/U0/inst_fifo_gen/gconvfifo.rf/grf.rf/rstblk/ngwrdrst.grst.g7serrst.gsckt_wrst.gic_rst.xpm_cdc_single_inst_rrst_wr/dest_clk
    SLICE_X7Y74          FDRE                                         r  u_jtag_mac/u_pre_chif_fifo/u_jtag_mac_fifo/U0/inst_fifo_gen/gconvfifo.rf/grf.rf/rstblk/ngwrdrst.grst.g7serrst.gsckt_wrst.gic_rst.xpm_cdc_single_inst_rrst_wr/syncstages_ff_reg[0]/C
  -------------------------------------------------------------------    -------------------
    SLICE_X7Y74          FDRE (Prop_fdre_C_Q)         0.141     1.417 r  u_jtag_mac/u_pre_chif_fifo/u_jtag_mac_fifo/U0/inst_fifo_gen/gconvfifo.rf/grf.rf/rstblk/ngwrdrst.grst.g7serrst.gsckt_wrst.gic_rst.xpm_cdc_single_inst_rrst_wr/syncstages_ff_reg[0]/Q
                         net (fo=1, routed)           0.056     1.473    u_jtag_mac/u_pre_chif_fifo/u_jtag_mac_fifo/U0/inst_fifo_gen/gconvfifo.rf/grf.rf/rstblk/ngwrdrst.grst.g7serrst.gsckt_wrst.gic_rst.xpm_cdc_single_inst_rrst_wr/syncstages_ff[0]
    SLICE_X7Y74          FDRE                                         r  u_jtag_mac/u_pre_chif_fifo/u_jtag_mac_fifo/U0/inst_fifo_gen/gconvfifo.rf/grf.rf/rstblk/ngwrdrst.grst.g7serrst.gsckt_wrst.gic_rst.xpm_cdc_single_inst_rrst_wr/syncstages_ff_reg[1]/D
  -------------------------------------------------------------------    -------------------

                         (clock TCK rise edge)        0.000     0.000 r  
    BSCAN_X0Y0           BSCANE2                      0.000     0.000 r  u_BSCANE2/TCK
                         net (fo=1, routed)           0.777     0.777    TCK
    BUFGCTRL_X0Y0        BUFG (Prop_bufg_I_O)         0.029     0.806 r  TCK_BUFG_inst/O
                         net (fo=507, routed)         0.856     1.661    u_jtag_mac/u_pre_chif_fifo/u_jtag_mac_fifo/U0/inst_fifo_gen/gconvfifo.rf/grf.rf/rstblk/ngwrdrst.grst.g7serrst.gsckt_wrst.gic_rst.xpm_cdc_single_inst_rrst_wr/dest_clk
    SLICE_X7Y74          FDRE                                         r  u_jtag_mac/u_pre_chif_fifo/u_jtag_mac_fifo/U0/inst_fifo_gen/gconvfifo.rf/grf.rf/rstblk/ngwrdrst.grst.g7serrst.gsckt_wrst.gic_rst.xpm_cdc_single_inst_rrst_wr/syncstages_ff_reg[1]/C
                         clock pessimism             -0.385     1.276    
    SLICE_X7Y74          FDRE (Hold_fdre_C_D)         0.075     1.351    u_jtag_mac/u_pre_chif_fifo/u_jtag_mac_fifo/U0/inst_fifo_gen/gconvfifo.rf/grf.rf/rstblk/ngwrdrst.grst.g7serrst.gsckt_wrst.gic_rst.xpm_cdc_single_inst_rrst_wr/syncstages_ff_reg[1]
  -------------------------------------------------------------------
                         required time                         -1.351    
                         arrival time                           1.473    
  -------------------------------------------------------------------
                         slack                                  0.122    

Slack (MET) :             0.122ns  (arrival time - required time)
  Source:                 u_jtag_mac/u_pre_chif_fifo/u_jtag_mac_fifo/U0/inst_fifo_gen/gconvfifo.rf/grf.rf/rstblk/ngwrdrst.grst.g7serrst.gsckt_wrst.xpm_cdc_sync_rst_inst_wrst/syncstages_ff_reg[0]/C
                            (rising edge-triggered cell FDRE clocked by TCK  {rise@0.000ns fall@7.576ns period=15.152ns})
  Destination:            u_jtag_mac/u_pre_chif_fifo/u_jtag_mac_fifo/U0/inst_fifo_gen/gconvfifo.rf/grf.rf/rstblk/ngwrdrst.grst.g7serrst.gsckt_wrst.xpm_cdc_sync_rst_inst_wrst/syncstages_ff_reg[1]/D
                            (rising edge-triggered cell FDRE clocked by TCK  {rise@0.000ns fall@7.576ns period=15.152ns})
  Path Group:             TCK
  Path Type:              Hold (Min at Fast Process Corner)
  Requirement:            0.000ns  (TCK rise@0.000ns - TCK rise@0.000ns)
  Data Path Delay:        0.197ns  (logic 0.141ns (71.611%)  route 0.056ns (28.389%))
  Logic Levels:           0  
  Clock Path Skew:        0.000ns (DCD - SCD - CPR)
    Destination Clock Delay (DCD):    1.636ns
    Source Clock Delay      (SCD):    1.251ns
    Clock Pessimism Removal (CPR):    0.385ns

    Location             Delay type                Incr(ns)  Path(ns)    Netlist Resource(s)
  -------------------------------------------------------------------    -------------------
                         (clock TCK rise edge)        0.000     0.000 r  
    BSCAN_X0Y0           BSCANE2                      0.000     0.000 r  u_BSCANE2/TCK
                         net (fo=1, routed)           0.663     0.663    TCK
    BUFGCTRL_X0Y0        BUFG (Prop_bufg_I_O)         0.026     0.689 r  TCK_BUFG_inst/O
                         net (fo=507, routed)         0.563     1.251    u_jtag_mac/u_pre_chif_fifo/u_jtag_mac_fifo/U0/inst_fifo_gen/gconvfifo.rf/grf.rf/rstblk/ngwrdrst.grst.g7serrst.gsckt_wrst.xpm_cdc_sync_rst_inst_wrst/dest_clk
    SLICE_X13Y72         FDRE                                         r  u_jtag_mac/u_pre_chif_fifo/u_jtag_mac_fifo/U0/inst_fifo_gen/gconvfifo.rf/grf.rf/rstblk/ngwrdrst.grst.g7serrst.gsckt_wrst.xpm_cdc_sync_rst_inst_wrst/syncstages_ff_reg[0]/C
  -------------------------------------------------------------------    -------------------
    SLICE_X13Y72         FDRE (Prop_fdre_C_Q)         0.141     1.392 r  u_jtag_mac/u_pre_chif_fifo/u_jtag_mac_fifo/U0/inst_fifo_gen/gconvfifo.rf/grf.rf/rstblk/ngwrdrst.grst.g7serrst.gsckt_wrst.xpm_cdc_sync_rst_inst_wrst/syncstages_ff_reg[0]/Q
                         net (fo=1, routed)           0.056     1.448    u_jtag_mac/u_pre_chif_fifo/u_jtag_mac_fifo/U0/inst_fifo_gen/gconvfifo.rf/grf.rf/rstblk/ngwrdrst.grst.g7serrst.gsckt_wrst.xpm_cdc_sync_rst_inst_wrst/syncstages_ff[0]
    SLICE_X13Y72         FDRE                                         r  u_jtag_mac/u_pre_chif_fifo/u_jtag_mac_fifo/U0/inst_fifo_gen/gconvfifo.rf/grf.rf/rstblk/ngwrdrst.grst.g7serrst.gsckt_wrst.xpm_cdc_sync_rst_inst_wrst/syncstages_ff_reg[1]/D
  -------------------------------------------------------------------    -------------------

                         (clock TCK rise edge)        0.000     0.000 r  
    BSCAN_X0Y0           BSCANE2                      0.000     0.000 r  u_BSCANE2/TCK
                         net (fo=1, routed)           0.777     0.777    TCK
    BUFGCTRL_X0Y0        BUFG (Prop_bufg_I_O)         0.029     0.806 r  TCK_BUFG_inst/O
                         net (fo=507, routed)         0.831     1.636    u_jtag_mac/u_pre_chif_fifo/u_jtag_mac_fifo/U0/inst_fifo_gen/gconvfifo.rf/grf.rf/rstblk/ngwrdrst.grst.g7serrst.gsckt_wrst.xpm_cdc_sync_rst_inst_wrst/dest_clk
    SLICE_X13Y72         FDRE                                         r  u_jtag_mac/u_pre_chif_fifo/u_jtag_mac_fifo/U0/inst_fifo_gen/gconvfifo.rf/grf.rf/rstblk/ngwrdrst.grst.g7serrst.gsckt_wrst.xpm_cdc_sync_rst_inst_wrst/syncstages_ff_reg[1]/C
                         clock pessimism             -0.385     1.251    
    SLICE_X13Y72         FDRE (Hold_fdre_C_D)         0.075     1.326    u_jtag_mac/u_pre_chif_fifo/u_jtag_mac_fifo/U0/inst_fifo_gen/gconvfifo.rf/grf.rf/rstblk/ngwrdrst.grst.g7serrst.gsckt_wrst.xpm_cdc_sync_rst_inst_wrst/syncstages_ff_reg[1]
  -------------------------------------------------------------------
                         required time                         -1.326    
                         arrival time                           1.448    
  -------------------------------------------------------------------
                         slack                                  0.122    

Slack (MET) :             0.122ns  (arrival time - required time)
  Source:                 u_jtag_mac/u_simcycle_fifo/u_simcycle_fifo/U0/inst_fifo_gen/gconvfifo.rf/grf.rf/rstblk/grstd1.grst_full.grst_f.rst_d1_reg/C
                            (rising edge-triggered cell FDRE clocked by TCK  {rise@0.000ns fall@7.576ns period=15.152ns})
  Destination:            u_jtag_mac/u_simcycle_fifo/u_simcycle_fifo/U0/inst_fifo_gen/gconvfifo.rf/grf.rf/rstblk/grstd1.grst_full.grst_f.rst_d2_reg/D
                            (rising edge-triggered cell FDRE clocked by TCK  {rise@0.000ns fall@7.576ns period=15.152ns})
  Path Group:             TCK
  Path Type:              Hold (Min at Fast Process Corner)
  Requirement:            0.000ns  (TCK rise@0.000ns - TCK rise@0.000ns)
  Data Path Delay:        0.197ns  (logic 0.141ns (71.611%)  route 0.056ns (28.389%))
  Logic Levels:           0  
  Clock Path Skew:        0.000ns (DCD - SCD - CPR)
    Destination Clock Delay (DCD):    1.644ns
    Source Clock Delay      (SCD):    1.257ns
    Clock Pessimism Removal (CPR):    0.387ns

    Location             Delay type                Incr(ns)  Path(ns)    Netlist Resource(s)
  -------------------------------------------------------------------    -------------------
                         (clock TCK rise edge)        0.000     0.000 r  
    BSCAN_X0Y0           BSCANE2                      0.000     0.000 r  u_BSCANE2/TCK
                         net (fo=1, routed)           0.663     0.663    TCK
    BUFGCTRL_X0Y0        BUFG (Prop_bufg_I_O)         0.026     0.689 r  TCK_BUFG_inst/O
                         net (fo=507, routed)         0.569     1.257    u_jtag_mac/u_simcycle_fifo/u_simcycle_fifo/U0/inst_fifo_gen/gconvfifo.rf/grf.rf/rstblk/wr_clk
    SLICE_X13Y63         FDRE                                         r  u_jtag_mac/u_simcycle_fifo/u_simcycle_fifo/U0/inst_fifo_gen/gconvfifo.rf/grf.rf/rstblk/grstd1.grst_full.grst_f.rst_d1_reg/C
  -------------------------------------------------------------------    -------------------
    SLICE_X13Y63         FDRE (Prop_fdre_C_Q)         0.141     1.398 r  u_jtag_mac/u_simcycle_fifo/u_simcycle_fifo/U0/inst_fifo_gen/gconvfifo.rf/grf.rf/rstblk/grstd1.grst_full.grst_f.rst_d1_reg/Q
                         net (fo=1, routed)           0.056     1.454    u_jtag_mac/u_simcycle_fifo/u_simcycle_fifo/U0/inst_fifo_gen/gconvfifo.rf/grf.rf/rstblk/grstd1.grst_full.rst_d1
    SLICE_X13Y63         FDRE                                         r  u_jtag_mac/u_simcycle_fifo/u_simcycle_fifo/U0/inst_fifo_gen/gconvfifo.rf/grf.rf/rstblk/grstd1.grst_full.grst_f.rst_d2_reg/D
  -------------------------------------------------------------------    -------------------

                         (clock TCK rise edge)        0.000     0.000 r  
    BSCAN_X0Y0           BSCANE2                      0.000     0.000 r  u_BSCANE2/TCK
                         net (fo=1, routed)           0.777     0.777    TCK
    BUFGCTRL_X0Y0        BUFG (Prop_bufg_I_O)         0.029     0.806 r  TCK_BUFG_inst/O
                         net (fo=507, routed)         0.839     1.644    u_jtag_mac/u_simcycle_fifo/u_simcycle_fifo/U0/inst_fifo_gen/gconvfifo.rf/grf.rf/rstblk/wr_clk
    SLICE_X13Y63         FDRE                                         r  u_jtag_mac/u_simcycle_fifo/u_simcycle_fifo/U0/inst_fifo_gen/gconvfifo.rf/grf.rf/rstblk/grstd1.grst_full.grst_f.rst_d2_reg/C
                         clock pessimism             -0.387     1.257    
    SLICE_X13Y63         FDRE (Hold_fdre_C_D)         0.075     1.332    u_jtag_mac/u_simcycle_fifo/u_simcycle_fifo/U0/inst_fifo_gen/gconvfifo.rf/grf.rf/rstblk/grstd1.grst_full.grst_f.rst_d2_reg
  -------------------------------------------------------------------
                         required time                         -1.332    
                         arrival time                           1.454    
  -------------------------------------------------------------------
                         slack                                  0.122    





Pulse Width Checks
--------------------------------------------------------------------------------------
Clock Name:         TCK
Waveform(ns):       { 0.000 7.576 }
Period(ns):         15.152
Sources:            { u_BSCANE2/TCK }

Check Type        Corner  Lib Pin             Reference Pin  Required(ns)  Actual(ns)  Slack(ns)  Location       Pin
Min Period        n/a     RAMB36E1/CLKBWRCLK  n/a            2.576         15.152      12.576     RAMB36_X0Y16   u_jtag_mac/u_post_chif_fifo/u_jtag_mac_fifo/U0/inst_fifo_gen/gconvfifo.rf/grf.rf/gntv_or_sync_fifo.mem/gbm.gbmg.gbmga.ngecc.bmg/inst_blk_mem_gen/gnbram.gnativebmg.native_blk_mem_gen/valid.cstr/ramloop[0].ram.r/prim_noinit.ram/DEVICE_7SERIES.NO_BMM_INFO.SDP.SIMPLE_PRIM36.ram/CLKBWRCLK
Min Period        n/a     RAMB36E1/CLKARDCLK  n/a            2.576         15.152      12.576     RAMB36_X0Y15   u_jtag_mac/u_pre_chif_fifo/u_jtag_mac_fifo/U0/inst_fifo_gen/gconvfifo.rf/grf.rf/gntv_or_sync_fifo.mem/gbm.gbmg.gbmga.ngecc.bmg/inst_blk_mem_gen/gnbram.gnativebmg.native_blk_mem_gen/valid.cstr/ramloop[0].ram.r/prim_noinit.ram/DEVICE_7SERIES.NO_BMM_INFO.SDP.SIMPLE_PRIM36.ram/CLKARDCLK
Min Period        n/a     RAMB18E1/CLKBWRCLK  n/a            2.576         15.152      12.576     RAMB18_X0Y20   u_jtag_mac/u_simcycle_fifo/u_simcycle_fifo/U0/inst_fifo_gen/gconvfifo.rf/grf.rf/gntv_or_sync_fifo.mem/gbm.gbmg.gbmga.ngecc.bmg/inst_blk_mem_gen/gnbram.gnativebmg.native_blk_mem_gen/valid.cstr/ramloop[0].ram.r/prim_noinit.ram/DEVICE_7SERIES.NO_BMM_INFO.SDP.WIDE_PRIM18.ram/CLKBWRCLK
Min Period        n/a     BUFG/I              n/a            2.155         15.152      12.997     BUFGCTRL_X0Y0  TCK_BUFG_inst/I
Min Period        n/a     FDSE/C              n/a            1.000         15.152      14.152     SLICE_X12Y83   u_jtag_mac/FSM_onehot_cs_reg[0]/C
Min Period        n/a     FDRE/C              n/a            1.000         15.152      14.152     SLICE_X8Y81    u_jtag_mac/FSM_onehot_cs_reg[10]/C
Min Period        n/a     FDRE/C              n/a            1.000         15.152      14.152     SLICE_X11Y83   u_jtag_mac/FSM_onehot_cs_reg[11]/C
Min Period        n/a     FDRE/C              n/a            1.000         15.152      14.152     SLICE_X13Y81   u_jtag_mac/FSM_onehot_cs_reg[12]/C
Min Period        n/a     FDRE/C              n/a            1.000         15.152      14.152     SLICE_X12Y82   u_jtag_mac/FSM_onehot_cs_reg[13]/C
Min Period        n/a     FDRE/C              n/a            1.000         15.152      14.152     SLICE_X8Y82    u_jtag_mac/FSM_onehot_cs_reg[14]/C
Low Pulse Width   Slow    SRL16E/CLK          n/a            0.980         7.576       6.596      SLICE_X2Y85    u_jtag_mac/u_post_chif_fifo/u_jtag_mac_fifo/U0/inst_fifo_gen/gconvfifo.rf/grf.rf/gntv_or_sync_fifo.mem/gbm.gbmg.gbmga.ngecc.bmg/inst_blk_mem_gen/gnbram.gnativebmg.native_blk_mem_gen/valid.cstr/ramloop[0].ram.r/SAFETY_CKT_GEN.RSTB_SHFT_REG_reg[3]_srl3/CLK
Low Pulse Width   Fast    SRL16E/CLK          n/a            0.980         7.576       6.596      SLICE_X2Y85    u_jtag_mac/u_post_chif_fifo/u_jtag_mac_fifo/U0/inst_fifo_gen/gconvfifo.rf/grf.rf/gntv_or_sync_fifo.mem/gbm.gbmg.gbmga.ngecc.bmg/inst_blk_mem_gen/gnbram.gnativebmg.native_blk_mem_gen/valid.cstr/ramloop[0].ram.r/SAFETY_CKT_GEN.RSTB_SHFT_REG_reg[3]_srl3/CLK
Low Pulse Width   Slow    SRL16E/CLK          n/a            0.980         7.576       6.596      SLICE_X10Y75   u_jtag_mac/u_pre_chif_fifo/u_jtag_mac_fifo/U0/inst_fifo_gen/gconvfifo.rf/grf.rf/gntv_or_sync_fifo.mem/gbm.gbmg.gbmga.ngecc.bmg/inst_blk_mem_gen/gnbram.gnativebmg.native_blk_mem_gen/valid.cstr/ramloop[0].ram.r/SAFETY_CKT_GEN.RSTA_SHFT_REG_reg[3]_srl3/CLK
Low Pulse Width   Fast    SRL16E/CLK          n/a            0.980         7.576       6.596      SLICE_X10Y75   u_jtag_mac/u_pre_chif_fifo/u_jtag_mac_fifo/U0/inst_fifo_gen/gconvfifo.rf/grf.rf/gntv_or_sync_fifo.mem/gbm.gbmg.gbmga.ngecc.bmg/inst_blk_mem_gen/gnbram.gnativebmg.native_blk_mem_gen/valid.cstr/ramloop[0].ram.r/SAFETY_CKT_GEN.RSTA_SHFT_REG_reg[3]_srl3/CLK
Low Pulse Width   Slow    SRL16E/CLK          n/a            0.980         7.576       6.596      SLICE_X12Y68   u_jtag_mac/u_simcycle_fifo/u_simcycle_fifo/U0/inst_fifo_gen/gconvfifo.rf/grf.rf/gntv_or_sync_fifo.mem/gbm.gbmg.gbmga.ngecc.bmg/inst_blk_mem_gen/gnbram.gnativebmg.native_blk_mem_gen/valid.cstr/ramloop[0].ram.r/SAFETY_CKT_GEN.ENA_NO_REG.ENA_dly_reg_srl2/CLK
Low Pulse Width   Fast    SRL16E/CLK          n/a            0.980         7.576       6.596      SLICE_X12Y68   u_jtag_mac/u_simcycle_fifo/u_simcycle_fifo/U0/inst_fifo_gen/gconvfifo.rf/grf.rf/gntv_or_sync_fifo.mem/gbm.gbmg.gbmga.ngecc.bmg/inst_blk_mem_gen/gnbram.gnativebmg.native_blk_mem_gen/valid.cstr/ramloop[0].ram.r/SAFETY_CKT_GEN.ENA_NO_REG.ENA_dly_reg_srl2/CLK
Low Pulse Width   Slow    SRL16E/CLK          n/a            0.980         7.576       6.596      SLICE_X12Y68   u_jtag_mac/u_simcycle_fifo/u_simcycle_fifo/U0/inst_fifo_gen/gconvfifo.rf/grf.rf/gntv_or_sync_fifo.mem/gbm.gbmg.gbmga.ngecc.bmg/inst_blk_mem_gen/gnbram.gnativebmg.native_blk_mem_gen/valid.cstr/ramloop[0].ram.r/SAFETY_CKT_GEN.RSTA_SHFT_REG_reg[3]_srl3/CLK
Low Pulse Width   Fast    SRL16E/CLK          n/a            0.980         7.576       6.596      SLICE_X12Y68   u_jtag_mac/u_simcycle_fifo/u_simcycle_fifo/U0/inst_fifo_gen/gconvfifo.rf/grf.rf/gntv_or_sync_fifo.mem/gbm.gbmg.gbmga.ngecc.bmg/inst_blk_mem_gen/gnbram.gnativebmg.native_blk_mem_gen/valid.cstr/ramloop[0].ram.r/SAFETY_CKT_GEN.RSTA_SHFT_REG_reg[3]_srl3/CLK
Low Pulse Width   Slow    FDSE/C              n/a            0.500         7.576       7.076      SLICE_X12Y83   u_jtag_mac/FSM_onehot_cs_reg[0]/C
Low Pulse Width   Fast    FDSE/C              n/a            0.500         7.576       7.076      SLICE_X12Y83   u_jtag_mac/FSM_onehot_cs_reg[0]/C
High Pulse Width  Slow    SRL16E/CLK          n/a            0.980         7.576       6.596      SLICE_X2Y85    u_jtag_mac/u_post_chif_fifo/u_jtag_mac_fifo/U0/inst_fifo_gen/gconvfifo.rf/grf.rf/gntv_or_sync_fifo.mem/gbm.gbmg.gbmga.ngecc.bmg/inst_blk_mem_gen/gnbram.gnativebmg.native_blk_mem_gen/valid.cstr/ramloop[0].ram.r/SAFETY_CKT_GEN.RSTB_SHFT_REG_reg[3]_srl3/CLK
High Pulse Width  Fast    SRL16E/CLK          n/a            0.980         7.576       6.596      SLICE_X2Y85    u_jtag_mac/u_post_chif_fifo/u_jtag_mac_fifo/U0/inst_fifo_gen/gconvfifo.rf/grf.rf/gntv_or_sync_fifo.mem/gbm.gbmg.gbmga.ngecc.bmg/inst_blk_mem_gen/gnbram.gnativebmg.native_blk_mem_gen/valid.cstr/ramloop[0].ram.r/SAFETY_CKT_GEN.RSTB_SHFT_REG_reg[3]_srl3/CLK
High Pulse Width  Slow    SRL16E/CLK          n/a            0.980         7.576       6.596      SLICE_X10Y75   u_jtag_mac/u_pre_chif_fifo/u_jtag_mac_fifo/U0/inst_fifo_gen/gconvfifo.rf/grf.rf/gntv_or_sync_fifo.mem/gbm.gbmg.gbmga.ngecc.bmg/inst_blk_mem_gen/gnbram.gnativebmg.native_blk_mem_gen/valid.cstr/ramloop[0].ram.r/SAFETY_CKT_GEN.RSTA_SHFT_REG_reg[3]_srl3/CLK
High Pulse Width  Fast    SRL16E/CLK          n/a            0.980         7.576       6.596      SLICE_X10Y75   u_jtag_mac/u_pre_chif_fifo/u_jtag_mac_fifo/U0/inst_fifo_gen/gconvfifo.rf/grf.rf/gntv_or_sync_fifo.mem/gbm.gbmg.gbmga.ngecc.bmg/inst_blk_mem_gen/gnbram.gnativebmg.native_blk_mem_gen/valid.cstr/ramloop[0].ram.r/SAFETY_CKT_GEN.RSTA_SHFT_REG_reg[3]_srl3/CLK
High Pulse Width  Slow    SRL16E/CLK          n/a            0.980         7.576       6.596      SLICE_X12Y68   u_jtag_mac/u_simcycle_fifo/u_simcycle_fifo/U0/inst_fifo_gen/gconvfifo.rf/grf.rf/gntv_or_sync_fifo.mem/gbm.gbmg.gbmga.ngecc.bmg/inst_blk_mem_gen/gnbram.gnativebmg.native_blk_mem_gen/valid.cstr/ramloop[0].ram.r/SAFETY_CKT_GEN.ENA_NO_REG.ENA_dly_reg_srl2/CLK
High Pulse Width  Fast    SRL16E/CLK          n/a            0.980         7.576       6.596      SLICE_X12Y68   u_jtag_mac/u_simcycle_fifo/u_simcycle_fifo/U0/inst_fifo_gen/gconvfifo.rf/grf.rf/gntv_or_sync_fifo.mem/gbm.gbmg.gbmga.ngecc.bmg/inst_blk_mem_gen/gnbram.gnativebmg.native_blk_mem_gen/valid.cstr/ramloop[0].ram.r/SAFETY_CKT_GEN.ENA_NO_REG.ENA_dly_reg_srl2/CLK
High Pulse Width  Slow    SRL16E/CLK          n/a            0.980         7.576       6.596      SLICE_X12Y68   u_jtag_mac/u_simcycle_fifo/u_simcycle_fifo/U0/inst_fifo_gen/gconvfifo.rf/grf.rf/gntv_or_sync_fifo.mem/gbm.gbmg.gbmga.ngecc.bmg/inst_blk_mem_gen/gnbram.gnativebmg.native_blk_mem_gen/valid.cstr/ramloop[0].ram.r/SAFETY_CKT_GEN.RSTA_SHFT_REG_reg[3]_srl3/CLK
High Pulse Width  Fast    SRL16E/CLK          n/a            0.980         7.576       6.596      SLICE_X12Y68   u_jtag_mac/u_simcycle_fifo/u_simcycle_fifo/U0/inst_fifo_gen/gconvfifo.rf/grf.rf/gntv_or_sync_fifo.mem/gbm.gbmg.gbmga.ngecc.bmg/inst_blk_mem_gen/gnbram.gnativebmg.native_blk_mem_gen/valid.cstr/ramloop[0].ram.r/SAFETY_CKT_GEN.RSTA_SHFT_REG_reg[3]_srl3/CLK
High Pulse Width  Slow    FDSE/C              n/a            0.500         7.576       7.076      SLICE_X12Y83   u_jtag_mac/FSM_onehot_cs_reg[0]/C
High Pulse Width  Fast    FDSE/C              n/a            0.500         7.576       7.076      SLICE_X12Y83   u_jtag_mac/FSM_onehot_cs_reg[0]/C



---------------------------------------------------------------------------------------------------
From Clock:  sysclk
  To Clock:  sysclk

Setup :           NA  Failing Endpoints,  Worst Slack           NA  ,  Total Violation           NA
Hold  :           NA  Failing Endpoints,  Worst Slack           NA  ,  Total Violation           NA
PW    :            0  Failing Endpoints,  Worst Slack        3.000ns,  Total Violation        0.000ns
---------------------------------------------------------------------------------------------------


Pulse Width Checks
--------------------------------------------------------------------------------------
Clock Name:         sysclk
Waveform(ns):       { 0.000 5.000 }
Period(ns):         10.000
Sources:            { sysclk }

Check Type        Corner  Lib Pin            Reference Pin  Required(ns)  Actual(ns)  Slack(ns)  Location         Pin
Min Period        n/a     MMCME2_ADV/CLKIN1  n/a            1.249         10.000      8.751      MMCME2_ADV_X1Y2  u_clk_wiz_0/inst/mmcm_adv_inst/CLKIN1
Max Period        n/a     MMCME2_ADV/CLKIN1  n/a            100.000       10.000      90.000     MMCME2_ADV_X1Y2  u_clk_wiz_0/inst/mmcm_adv_inst/CLKIN1
Low Pulse Width   Slow    MMCME2_ADV/CLKIN1  n/a            2.000         5.000       3.000      MMCME2_ADV_X1Y2  u_clk_wiz_0/inst/mmcm_adv_inst/CLKIN1
Low Pulse Width   Fast    MMCME2_ADV/CLKIN1  n/a            2.000         5.000       3.000      MMCME2_ADV_X1Y2  u_clk_wiz_0/inst/mmcm_adv_inst/CLKIN1
High Pulse Width  Slow    MMCME2_ADV/CLKIN1  n/a            2.000         5.000       3.000      MMCME2_ADV_X1Y2  u_clk_wiz_0/inst/mmcm_adv_inst/CLKIN1
High Pulse Width  Fast    MMCME2_ADV/CLKIN1  n/a            2.000         5.000       3.000      MMCME2_ADV_X1Y2  u_clk_wiz_0/inst/mmcm_adv_inst/CLKIN1



---------------------------------------------------------------------------------------------------
From Clock:  clk_out1_clk_wiz_0
  To Clock:  clk_out1_clk_wiz_0

Setup :            0  Failing Endpoints,  Worst Slack        5.004ns,  Total Violation        0.000ns
Hold  :            0  Failing Endpoints,  Worst Slack        0.046ns,  Total Violation        0.000ns
PW    :            0  Failing Endpoints,  Worst Slack       19.020ns,  Total Violation        0.000ns
---------------------------------------------------------------------------------------------------


Max Delay Paths
--------------------------------------------------------------------------------------
Slack (MET) :             5.004ns  (required time - arrival time)
  Source:                 u_mwfil_chiftop/u_dut/u_fcc_fixpt/xUik_2_reg[0][2]/C
                            (rising edge-triggered cell FDCE clocked by clk_out1_clk_wiz_0  {rise@0.000ns fall@20.000ns period=40.000ns})
  Destination:            u_mwfil_chiftop/u_mwfil_chifcore/DUT2CHIF.u_d2bfifo/u_dpscram/mem_reg_0/DIPADIP[2]
                            (rising edge-triggered cell RAMB36E1 clocked by clk_out1_clk_wiz_0  {rise@0.000ns fall@20.000ns period=40.000ns})
  Path Group:             clk_out1_clk_wiz_0
  Path Type:              Setup (Max at Slow Process Corner)
  Requirement:            40.000ns  (clk_out1_clk_wiz_0 rise@40.000ns - clk_out1_clk_wiz_0 rise@0.000ns)
  Data Path Delay:        34.449ns  (logic 21.616ns (62.749%)  route 12.833ns (37.251%))
  Logic Levels:           36  (CARRY4=21 DSP48E1=3 LUT1=1 LUT2=5 LUT3=4 LUT4=2)
  Clock Path Skew:        -0.002ns (DCD - SCD + CPR)
    Destination Clock Delay (DCD):    -1.454ns = ( 38.546 - 40.000 ) 
    Source Clock Delay      (SCD):    -0.893ns
    Clock Pessimism Removal (CPR):    0.559ns
  Clock Uncertainty:      0.098ns  ((TSJ^2 + DJ^2)^1/2) / 2 + PE
    Total System Jitter     (TSJ):    0.071ns
    Discrete Jitter          (DJ):    0.182ns
    Phase Error              (PE):    0.000ns

    Location             Delay type                Incr(ns)  Path(ns)    Netlist Resource(s)
  -------------------------------------------------------------------    -------------------
                         (clock clk_out1_clk_wiz_0 rise edge)
                                                      0.000     0.000 r  
    E3                                                0.000     0.000 r  sysclk (IN)
                         net (fo=0)                   0.000     0.000    u_clk_wiz_0/inst/clk_in1
    E3                   IBUF (Prop_ibuf_I_O)         1.482     1.482 r  u_clk_wiz_0/inst/clkin1_ibufg/O
                         net (fo=1, routed)           1.233     2.715    u_clk_wiz_0/inst/clk_in1_clk_wiz_0
    MMCME2_ADV_X1Y2      MMCME2_ADV (Prop_mmcme2_adv_CLKIN1_CLKOUT0)
                                                     -7.070    -4.355 r  u_clk_wiz_0/inst/mmcm_adv_inst/CLKOUT0
                         net (fo=1, routed)           1.719    -2.636    u_clk_wiz_0/inst/clk_out1_clk_wiz_0
    BUFGCTRL_X0Y16       BUFG (Prop_bufg_I_O)         0.096    -2.540 r  u_clk_wiz_0/inst/clkout1_buf/O
                         net (fo=852, routed)         1.647    -0.893    u_mwfil_chiftop/u_dut/u_fcc_fixpt/clk_out1
    SLICE_X11Y53         FDCE                                         r  u_mwfil_chiftop/u_dut/u_fcc_fixpt/xUik_2_reg[0][2]/C
  -------------------------------------------------------------------    -------------------
    SLICE_X11Y53         FDCE (Prop_fdce_C_Q)         0.456    -0.437 r  u_mwfil_chiftop/u_dut/u_fcc_fixpt/xUik_2_reg[0][2]/Q
                         net (fo=2, routed)           0.863     0.427    u_mwfil_chiftop/u_dut/u_fcc_fixpt/xUik_2_reg[0]_3[2]
    DSP48_X0Y20          DSP48E1 (Prop_dsp48e1_A[2]_PCOUT[47])
                                                      4.036     4.463 r  u_mwfil_chiftop/u_dut/u_fcc_fixpt/ARG/PCOUT[47]
                         net (fo=1, routed)           0.002     4.465    u_mwfil_chiftop/u_dut/u_fcc_fixpt/ARG_n_106
    DSP48_X0Y21          DSP48E1 (Prop_dsp48e1_PCIN[47]_P[0])
                                                      1.518     5.983 r  u_mwfil_chiftop/u_dut/u_fcc_fixpt/ARG__0/P[0]
                         net (fo=2, routed)           0.999     6.981    u_mwfil_chiftop/u_dut/u_fcc_fixpt/ARG__0_n_105
    SLICE_X11Y45         LUT2 (Prop_lut2_I0_O)        0.124     7.105 r  u_mwfil_chiftop/u_dut/u_fcc_fixpt/xXik_reg[0]0_carry__3_i_3/O
                         net (fo=1, routed)           0.000     7.105    u_mwfil_chiftop/u_dut/u_fcc_fixpt/xXik_reg[0]0_carry__3_i_3_n_0
    SLICE_X11Y45         CARRY4 (Prop_carry4_S[1]_CO[3])
                                                      0.550     7.655 r  u_mwfil_chiftop/u_dut/u_fcc_fixpt/xXik_reg[0]0_carry__3/CO[3]
                         net (fo=1, routed)           0.000     7.655    u_mwfil_chiftop/u_dut/u_fcc_fixpt/xXik_reg[0]0_carry__3_n_0
    SLICE_X11Y46         CARRY4 (Prop_carry4_CI_O[1])
                                                      0.348     8.003 f  u_mwfil_chiftop/u_dut/u_fcc_fixpt/xXik_reg[0]0_carry__4/O[1]
                         net (fo=2, routed)           0.479     8.482    u_mwfil_chiftop/u_dut/u_fcc_fixpt/xXik_reg[0]0[21]
    SLICE_X10Y47         LUT1 (Prop_lut1_I0_O)        0.303     8.785 r  u_mwfil_chiftop/u_dut/u_fcc_fixpt/RESIZE1_carry_i_3/O
                         net (fo=1, routed)           0.000     8.785    u_mwfil_chiftop/u_dut/u_fcc_fixpt/RESIZE1_carry_i_3_n_0
    SLICE_X10Y47         CARRY4 (Prop_carry4_S[1]_CO[3])
                                                      0.533     9.318 r  u_mwfil_chiftop/u_dut/u_fcc_fixpt/RESIZE1_carry/CO[3]
                         net (fo=1, routed)           0.000     9.318    u_mwfil_chiftop/u_dut/u_fcc_fixpt/RESIZE1_carry_n_0
    SLICE_X10Y48         CARRY4 (Prop_carry4_CI_O[1])
                                                      0.323     9.641 r  u_mwfil_chiftop/u_dut/u_fcc_fixpt/RESIZE1_carry__0/O[1]
                         net (fo=15, routed)          0.888    10.530    u_mwfil_chiftop/u_dut/u_fcc_fixpt/RESIZE1[5]
    SLICE_X5Y48          LUT2 (Prop_lut2_I0_O)        0.306    10.836 r  u_mwfil_chiftop/u_dut/u_fcc_fixpt/RESIZE0__121_carry__1_i_4/O
                         net (fo=1, routed)           0.000    10.836    u_mwfil_chiftop/u_dut/u_fcc_fixpt/RESIZE0__121_carry__1_i_4_n_0
    SLICE_X5Y48          CARRY4 (Prop_carry4_S[0]_CO[3])
                                                      0.532    11.368 r  u_mwfil_chiftop/u_dut/u_fcc_fixpt/RESIZE0__121_carry__1/CO[3]
                         net (fo=1, routed)           0.000    11.368    u_mwfil_chiftop/u_dut/u_fcc_fixpt/RESIZE0__121_carry__1_n_0
    SLICE_X5Y49          CARRY4 (Prop_carry4_CI_O[2])
                                                      0.239    11.607 r  u_mwfil_chiftop/u_dut/u_fcc_fixpt/RESIZE0__121_carry__2/O[2]
                         net (fo=2, routed)           0.963    12.569    u_mwfil_chiftop/u_dut/u_fcc_fixpt/RESIZE0__121_carry__2_n_5
    SLICE_X8Y49          LUT3 (Prop_lut3_I1_O)        0.331    12.900 r  u_mwfil_chiftop/u_dut/u_fcc_fixpt/RESIZE0__730_carry__2_i_1/O
                         net (fo=2, routed)           0.822    13.723    u_mwfil_chiftop/u_dut/u_fcc_fixpt/RESIZE0__730_carry__2_i_1_n_0
    SLICE_X8Y49          LUT4 (Prop_lut4_I3_O)        0.331    14.054 r  u_mwfil_chiftop/u_dut/u_fcc_fixpt/RESIZE0__730_carry__2_i_5/O
                         net (fo=1, routed)           0.000    14.054    u_mwfil_chiftop/u_dut/u_fcc_fixpt/RESIZE0__730_carry__2_i_5_n_0
    SLICE_X8Y49          CARRY4 (Prop_carry4_S[3]_CO[3])
                                                      0.376    14.430 r  u_mwfil_chiftop/u_dut/u_fcc_fixpt/RESIZE0__730_carry__2/CO[3]
                         net (fo=1, routed)           0.001    14.430    u_mwfil_chiftop/u_dut/u_fcc_fixpt/RESIZE0__730_carry__2_n_0
    SLICE_X8Y50          CARRY4 (Prop_carry4_CI_O[3])
                                                      0.315    14.745 r  u_mwfil_chiftop/u_dut/u_fcc_fixpt/RESIZE0__730_carry__3/O[3]
                         net (fo=2, routed)           0.974    15.719    u_mwfil_chiftop/u_dut/u_fcc_fixpt/RESIZE0__730_carry__3_n_4
    SLICE_X15Y49         LUT3 (Prop_lut3_I0_O)        0.332    16.051 r  u_mwfil_chiftop/u_dut/u_fcc_fixpt/RESIZE0__851_carry__4_i_4/O
                         net (fo=2, routed)           0.789    16.840    u_mwfil_chiftop/u_dut/u_fcc_fixpt/RESIZE0__851_carry__4_i_4_n_0
    SLICE_X15Y50         LUT4 (Prop_lut4_I3_O)        0.332    17.172 r  u_mwfil_chiftop/u_dut/u_fcc_fixpt/RESIZE0__851_carry__4_i_8/O
                         net (fo=1, routed)           0.000    17.172    u_mwfil_chiftop/u_dut/u_fcc_fixpt/RESIZE0__851_carry__4_i_8_n_0
    SLICE_X15Y50         CARRY4 (Prop_carry4_S[0]_CO[3])
                                                      0.532    17.704 r  u_mwfil_chiftop/u_dut/u_fcc_fixpt/RESIZE0__851_carry__4/CO[3]
                         net (fo=1, routed)           0.000    17.704    u_mwfil_chiftop/u_dut/u_fcc_fixpt/RESIZE0__851_carry__4_n_0
    SLICE_X15Y51         CARRY4 (Prop_carry4_CI_CO[3])
                                                      0.114    17.818 r  u_mwfil_chiftop/u_dut/u_fcc_fixpt/RESIZE0__851_carry__5/CO[3]
                         net (fo=1, routed)           0.000    17.818    u_mwfil_chiftop/u_dut/u_fcc_fixpt/RESIZE0__851_carry__5_n_0
    SLICE_X15Y52         CARRY4 (Prop_carry4_CI_O[3])
                                                      0.313    18.131 f  u_mwfil_chiftop/u_dut/u_fcc_fixpt/RESIZE0__851_carry__6/O[3]
                         net (fo=2, routed)           0.785    18.916    u_mwfil_chiftop/u_dut/u_fcc_fixpt/xUik[0]_0[11]
    SLICE_X13Y55         LUT2 (Prop_lut2_I0_O)        0.306    19.222 r  u_mwfil_chiftop/u_dut/u_fcc_fixpt/tmp1__4_carry__0_i_3/O
                         net (fo=1, routed)           0.000    19.222    u_mwfil_chiftop/u_dut/u_fcc_fixpt/tmp1__4_carry__0_i_3_n_0
    SLICE_X13Y55         CARRY4 (Prop_carry4_S[1]_CO[3])
                                                      0.550    19.772 r  u_mwfil_chiftop/u_dut/u_fcc_fixpt/tmp1__4_carry__0/CO[3]
                         net (fo=1, routed)           0.000    19.772    u_mwfil_chiftop/u_dut/u_fcc_fixpt/tmp1__4_carry__0_n_0
    SLICE_X13Y56         CARRY4 (Prop_carry4_CI_CO[2])
                                                      0.228    20.000 f  u_mwfil_chiftop/u_dut/u_fcc_fixpt/tmp1__4_carry__1/CO[2]
                         net (fo=21, routed)          0.903    20.903    u_mwfil_chiftop/u_dut/u_fcc_fixpt/x_1
    SLICE_X14Y54         LUT2 (Prop_lut2_I0_O)        0.339    21.242 r  u_mwfil_chiftop/u_dut/u_fcc_fixpt/mem_reg_1_i_21/O
                         net (fo=4, routed)           0.866    22.107    u_mwfil_chiftop/u_dut/u_fcc_fixpt/wr_din[61]
    DSP48_X0Y23          DSP48E1 (Prop_dsp48e1_D[7]_P[1])
                                                      5.294    27.401 f  u_mwfil_chiftop/u_dut/u_fcc_fixpt/p20D2_aux_mul_temp/P[1]
                         net (fo=5, routed)           0.995    28.396    u_mwfil_chiftop/u_dut/u_fcc_fixpt/p20D2_aux_mul_temp__0[1]
    SLICE_X11Y57         LUT2 (Prop_lut2_I0_O)        0.124    28.520 r  u_mwfil_chiftop/u_dut/u_fcc_fixpt/tmp_121__4_carry_i_8/O
                         net (fo=1, routed)           0.000    28.520    u_mwfil_chiftop/u_dut/u_fcc_fixpt/tmp_121__4_carry_i_8_n_0
    SLICE_X11Y57         CARRY4 (Prop_carry4_S[0]_CO[3])
                                                      0.532    29.052 r  u_mwfil_chiftop/u_dut/u_fcc_fixpt/tmp_121__4_carry/CO[3]
                         net (fo=1, routed)           0.000    29.052    u_mwfil_chiftop/u_dut/u_fcc_fixpt/tmp_121__4_carry_n_0
    SLICE_X11Y58         CARRY4 (Prop_carry4_CI_CO[3])
                                                      0.114    29.166 r  u_mwfil_chiftop/u_dut/u_fcc_fixpt/tmp_121__4_carry__0/CO[3]
                         net (fo=1, routed)           0.000    29.166    u_mwfil_chiftop/u_dut/u_fcc_fixpt/tmp_121__4_carry__0_n_0
    SLICE_X11Y59         CARRY4 (Prop_carry4_CI_CO[3])
                                                      0.114    29.280 r  u_mwfil_chiftop/u_dut/u_fcc_fixpt/tmp_121__4_carry__1/CO[3]
                         net (fo=1, routed)           0.000    29.280    u_mwfil_chiftop/u_dut/u_fcc_fixpt/tmp_121__4_carry__1_n_0
    SLICE_X11Y60         CARRY4 (Prop_carry4_CI_CO[1])
                                                      0.157    29.437 r  u_mwfil_chiftop/u_dut/u_fcc_fixpt/tmp_121__4_carry__2/CO[1]
                         net (fo=55, routed)          0.802    30.239    u_mwfil_chiftop/u_dut/u_fcc_fixpt/D2_aux_1
    SLICE_X10Y57         LUT3 (Prop_lut3_I1_O)        0.329    30.568 r  u_mwfil_chiftop/u_dut/u_fcc_fixpt/tmp_131__4_carry_i_7/O
                         net (fo=1, routed)           0.000    30.568    u_mwfil_chiftop/u_dut/u_fcc_fixpt/tmp_131__4_carry_i_7_n_0
    SLICE_X10Y57         CARRY4 (Prop_carry4_S[1]_CO[3])
                                                      0.533    31.101 r  u_mwfil_chiftop/u_dut/u_fcc_fixpt/tmp_131__4_carry/CO[3]
                         net (fo=1, routed)           0.000    31.101    u_mwfil_chiftop/u_dut/u_fcc_fixpt/tmp_131__4_carry_n_0
    SLICE_X10Y58         CARRY4 (Prop_carry4_CI_CO[3])
                                                      0.117    31.218 r  u_mwfil_chiftop/u_dut/u_fcc_fixpt/tmp_131__4_carry__0/CO[3]
                         net (fo=1, routed)           0.000    31.218    u_mwfil_chiftop/u_dut/u_fcc_fixpt/tmp_131__4_carry__0_n_0
    SLICE_X10Y59         CARRY4 (Prop_carry4_CI_CO[3])
                                                      0.117    31.335 r  u_mwfil_chiftop/u_dut/u_fcc_fixpt/tmp_131__4_carry__1/CO[3]
                         net (fo=1, routed)           0.000    31.335    u_mwfil_chiftop/u_dut/u_fcc_fixpt/tmp_131__4_carry__1_n_0
    SLICE_X10Y60         CARRY4 (Prop_carry4_CI_CO[1])
                                                      0.157    31.492 r  u_mwfil_chiftop/u_dut/u_fcc_fixpt/tmp_131__4_carry__2/CO[1]
                         net (fo=27, routed)          1.065    32.557    u_mwfil_chiftop/u_dut/u_fcc_fixpt/s_1
    SLICE_X10Y56         LUT3 (Prop_lut3_I0_O)        0.361    32.918 r  u_mwfil_chiftop/u_dut/u_fcc_fixpt/mem_reg_0_i_45/O
                         net (fo=1, routed)           0.638    33.556    u_mwfil_chiftop/u_mwfil_chifcore/DUT2CHIF.u_d2bfifo/u_dpscram/wr_din[54]
    RAMB36_X0Y11         RAMB36E1                                     r  u_mwfil_chiftop/u_mwfil_chifcore/DUT2CHIF.u_d2bfifo/u_dpscram/mem_reg_0/DIPADIP[2]
  -------------------------------------------------------------------    -------------------

                         (clock clk_out1_clk_wiz_0 rise edge)
                                                     40.000    40.000 r  
    E3                                                0.000    40.000 r  sysclk (IN)
                         net (fo=0)                   0.000    40.000    u_clk_wiz_0/inst/clk_in1
    E3                   IBUF (Prop_ibuf_I_O)         1.411    41.411 r  u_clk_wiz_0/inst/clkin1_ibufg/O
                         net (fo=1, routed)           1.162    42.573    u_clk_wiz_0/inst/clk_in1_clk_wiz_0
    MMCME2_ADV_X1Y2      MMCME2_ADV (Prop_mmcme2_adv_CLKIN1_CLKOUT0)
                                                     -7.324    35.249 r  u_clk_wiz_0/inst/mmcm_adv_inst/CLKOUT0
                         net (fo=1, routed)           1.639    36.888    u_clk_wiz_0/inst/clk_out1_clk_wiz_0
    BUFGCTRL_X0Y16       BUFG (Prop_bufg_I_O)         0.091    36.979 r  u_clk_wiz_0/inst/clkout1_buf/O
                         net (fo=852, routed)         1.567    38.546    u_mwfil_chiftop/u_mwfil_chifcore/DUT2CHIF.u_d2bfifo/u_dpscram/clk_out1
    RAMB36_X0Y11         RAMB36E1                                     r  u_mwfil_chiftop/u_mwfil_chifcore/DUT2CHIF.u_d2bfifo/u_dpscram/mem_reg_0/CLKBWRCLK
                         clock pessimism              0.559    39.106    
                         clock uncertainty           -0.098    39.008    
    RAMB36_X0Y11         RAMB36E1 (Setup_ramb36e1_CLKBWRCLK_DIPADIP[2])
                                                     -0.448    38.560    u_mwfil_chiftop/u_mwfil_chifcore/DUT2CHIF.u_d2bfifo/u_dpscram/mem_reg_0
  -------------------------------------------------------------------
                         required time                         38.560    
                         arrival time                         -33.556    
  -------------------------------------------------------------------
                         slack                                  5.004    

Slack (MET) :             5.204ns  (required time - arrival time)
  Source:                 u_mwfil_chiftop/u_dut/u_fcc_fixpt/xUik_2_reg[0][2]/C
                            (rising edge-triggered cell FDCE clocked by clk_out1_clk_wiz_0  {rise@0.000ns fall@20.000ns period=40.000ns})
  Destination:            u_mwfil_chiftop/u_mwfil_chifcore/DUT2CHIF.u_d2bfifo/u_dpscram/mem_reg_0/DIBDI[24]
                            (rising edge-triggered cell RAMB36E1 clocked by clk_out1_clk_wiz_0  {rise@0.000ns fall@20.000ns period=40.000ns})
  Path Group:             clk_out1_clk_wiz_0
  Path Type:              Setup (Max at Slow Process Corner)
  Requirement:            40.000ns  (clk_out1_clk_wiz_0 rise@40.000ns - clk_out1_clk_wiz_0 rise@0.000ns)
  Data Path Delay:        34.247ns  (logic 21.615ns (63.114%)  route 12.632ns (36.886%))
  Logic Levels:           36  (CARRY4=21 DSP48E1=3 LUT1=1 LUT2=5 LUT3=4 LUT4=2)
  Clock Path Skew:        -0.002ns (DCD - SCD + CPR)
    Destination Clock Delay (DCD):    -1.454ns = ( 38.546 - 40.000 ) 
    Source Clock Delay      (SCD):    -0.893ns
    Clock Pessimism Removal (CPR):    0.559ns
  Clock Uncertainty:      0.098ns  ((TSJ^2 + DJ^2)^1/2) / 2 + PE
    Total System Jitter     (TSJ):    0.071ns
    Discrete Jitter          (DJ):    0.182ns
    Phase Error              (PE):    0.000ns

    Location             Delay type                Incr(ns)  Path(ns)    Netlist Resource(s)
  -------------------------------------------------------------------    -------------------
                         (clock clk_out1_clk_wiz_0 rise edge)
                                                      0.000     0.000 r  
    E3                                                0.000     0.000 r  sysclk (IN)
                         net (fo=0)                   0.000     0.000    u_clk_wiz_0/inst/clk_in1
    E3                   IBUF (Prop_ibuf_I_O)         1.482     1.482 r  u_clk_wiz_0/inst/clkin1_ibufg/O
                         net (fo=1, routed)           1.233     2.715    u_clk_wiz_0/inst/clk_in1_clk_wiz_0
    MMCME2_ADV_X1Y2      MMCME2_ADV (Prop_mmcme2_adv_CLKIN1_CLKOUT0)
                                                     -7.070    -4.355 r  u_clk_wiz_0/inst/mmcm_adv_inst/CLKOUT0
                         net (fo=1, routed)           1.719    -2.636    u_clk_wiz_0/inst/clk_out1_clk_wiz_0
    BUFGCTRL_X0Y16       BUFG (Prop_bufg_I_O)         0.096    -2.540 r  u_clk_wiz_0/inst/clkout1_buf/O
                         net (fo=852, routed)         1.647    -0.893    u_mwfil_chiftop/u_dut/u_fcc_fixpt/clk_out1
    SLICE_X11Y53         FDCE                                         r  u_mwfil_chiftop/u_dut/u_fcc_fixpt/xUik_2_reg[0][2]/C
  -------------------------------------------------------------------    -------------------
    SLICE_X11Y53         FDCE (Prop_fdce_C_Q)         0.456    -0.437 r  u_mwfil_chiftop/u_dut/u_fcc_fixpt/xUik_2_reg[0][2]/Q
                         net (fo=2, routed)           0.863     0.427    u_mwfil_chiftop/u_dut/u_fcc_fixpt/xUik_2_reg[0]_3[2]
    DSP48_X0Y20          DSP48E1 (Prop_dsp48e1_A[2]_PCOUT[47])
                                                      4.036     4.463 r  u_mwfil_chiftop/u_dut/u_fcc_fixpt/ARG/PCOUT[47]
                         net (fo=1, routed)           0.002     4.465    u_mwfil_chiftop/u_dut/u_fcc_fixpt/ARG_n_106
    DSP48_X0Y21          DSP48E1 (Prop_dsp48e1_PCIN[47]_P[0])
                                                      1.518     5.983 r  u_mwfil_chiftop/u_dut/u_fcc_fixpt/ARG__0/P[0]
                         net (fo=2, routed)           0.999     6.981    u_mwfil_chiftop/u_dut/u_fcc_fixpt/ARG__0_n_105
    SLICE_X11Y45         LUT2 (Prop_lut2_I0_O)        0.124     7.105 r  u_mwfil_chiftop/u_dut/u_fcc_fixpt/xXik_reg[0]0_carry__3_i_3/O
                         net (fo=1, routed)           0.000     7.105    u_mwfil_chiftop/u_dut/u_fcc_fixpt/xXik_reg[0]0_carry__3_i_3_n_0
    SLICE_X11Y45         CARRY4 (Prop_carry4_S[1]_CO[3])
                                                      0.550     7.655 r  u_mwfil_chiftop/u_dut/u_fcc_fixpt/xXik_reg[0]0_carry__3/CO[3]
                         net (fo=1, routed)           0.000     7.655    u_mwfil_chiftop/u_dut/u_fcc_fixpt/xXik_reg[0]0_carry__3_n_0
    SLICE_X11Y46         CARRY4 (Prop_carry4_CI_O[1])
                                                      0.348     8.003 f  u_mwfil_chiftop/u_dut/u_fcc_fixpt/xXik_reg[0]0_carry__4/O[1]
                         net (fo=2, routed)           0.479     8.482    u_mwfil_chiftop/u_dut/u_fcc_fixpt/xXik_reg[0]0[21]
    SLICE_X10Y47         LUT1 (Prop_lut1_I0_O)        0.303     8.785 r  u_mwfil_chiftop/u_dut/u_fcc_fixpt/RESIZE1_carry_i_3/O
                         net (fo=1, routed)           0.000     8.785    u_mwfil_chiftop/u_dut/u_fcc_fixpt/RESIZE1_carry_i_3_n_0
    SLICE_X10Y47         CARRY4 (Prop_carry4_S[1]_CO[3])
                                                      0.533     9.318 r  u_mwfil_chiftop/u_dut/u_fcc_fixpt/RESIZE1_carry/CO[3]
                         net (fo=1, routed)           0.000     9.318    u_mwfil_chiftop/u_dut/u_fcc_fixpt/RESIZE1_carry_n_0
    SLICE_X10Y48         CARRY4 (Prop_carry4_CI_O[1])
                                                      0.323     9.641 r  u_mwfil_chiftop/u_dut/u_fcc_fixpt/RESIZE1_carry__0/O[1]
                         net (fo=15, routed)          0.888    10.530    u_mwfil_chiftop/u_dut/u_fcc_fixpt/RESIZE1[5]
    SLICE_X5Y48          LUT2 (Prop_lut2_I0_O)        0.306    10.836 r  u_mwfil_chiftop/u_dut/u_fcc_fixpt/RESIZE0__121_carry__1_i_4/O
                         net (fo=1, routed)           0.000    10.836    u_mwfil_chiftop/u_dut/u_fcc_fixpt/RESIZE0__121_carry__1_i_4_n_0
    SLICE_X5Y48          CARRY4 (Prop_carry4_S[0]_CO[3])
                                                      0.532    11.368 r  u_mwfil_chiftop/u_dut/u_fcc_fixpt/RESIZE0__121_carry__1/CO[3]
                         net (fo=1, routed)           0.000    11.368    u_mwfil_chiftop/u_dut/u_fcc_fixpt/RESIZE0__121_carry__1_n_0
    SLICE_X5Y49          CARRY4 (Prop_carry4_CI_O[2])
                                                      0.239    11.607 r  u_mwfil_chiftop/u_dut/u_fcc_fixpt/RESIZE0__121_carry__2/O[2]
                         net (fo=2, routed)           0.963    12.569    u_mwfil_chiftop/u_dut/u_fcc_fixpt/RESIZE0__121_carry__2_n_5
    SLICE_X8Y49          LUT3 (Prop_lut3_I1_O)        0.331    12.900 r  u_mwfil_chiftop/u_dut/u_fcc_fixpt/RESIZE0__730_carry__2_i_1/O
                         net (fo=2, routed)           0.822    13.723    u_mwfil_chiftop/u_dut/u_fcc_fixpt/RESIZE0__730_carry__2_i_1_n_0
    SLICE_X8Y49          LUT4 (Prop_lut4_I3_O)        0.331    14.054 r  u_mwfil_chiftop/u_dut/u_fcc_fixpt/RESIZE0__730_carry__2_i_5/O
                         net (fo=1, routed)           0.000    14.054    u_mwfil_chiftop/u_dut/u_fcc_fixpt/RESIZE0__730_carry__2_i_5_n_0
    SLICE_X8Y49          CARRY4 (Prop_carry4_S[3]_CO[3])
                                                      0.376    14.430 r  u_mwfil_chiftop/u_dut/u_fcc_fixpt/RESIZE0__730_carry__2/CO[3]
                         net (fo=1, routed)           0.001    14.430    u_mwfil_chiftop/u_dut/u_fcc_fixpt/RESIZE0__730_carry__2_n_0
    SLICE_X8Y50          CARRY4 (Prop_carry4_CI_O[3])
                                                      0.315    14.745 r  u_mwfil_chiftop/u_dut/u_fcc_fixpt/RESIZE0__730_carry__3/O[3]
                         net (fo=2, routed)           0.974    15.719    u_mwfil_chiftop/u_dut/u_fcc_fixpt/RESIZE0__730_carry__3_n_4
    SLICE_X15Y49         LUT3 (Prop_lut3_I0_O)        0.332    16.051 r  u_mwfil_chiftop/u_dut/u_fcc_fixpt/RESIZE0__851_carry__4_i_4/O
                         net (fo=2, routed)           0.789    16.840    u_mwfil_chiftop/u_dut/u_fcc_fixpt/RESIZE0__851_carry__4_i_4_n_0
    SLICE_X15Y50         LUT4 (Prop_lut4_I3_O)        0.332    17.172 r  u_mwfil_chiftop/u_dut/u_fcc_fixpt/RESIZE0__851_carry__4_i_8/O
                         net (fo=1, routed)           0.000    17.172    u_mwfil_chiftop/u_dut/u_fcc_fixpt/RESIZE0__851_carry__4_i_8_n_0
    SLICE_X15Y50         CARRY4 (Prop_carry4_S[0]_CO[3])
                                                      0.532    17.704 r  u_mwfil_chiftop/u_dut/u_fcc_fixpt/RESIZE0__851_carry__4/CO[3]
                         net (fo=1, routed)           0.000    17.704    u_mwfil_chiftop/u_dut/u_fcc_fixpt/RESIZE0__851_carry__4_n_0
    SLICE_X15Y51         CARRY4 (Prop_carry4_CI_CO[3])
                                                      0.114    17.818 r  u_mwfil_chiftop/u_dut/u_fcc_fixpt/RESIZE0__851_carry__5/CO[3]
                         net (fo=1, routed)           0.000    17.818    u_mwfil_chiftop/u_dut/u_fcc_fixpt/RESIZE0__851_carry__5_n_0
    SLICE_X15Y52         CARRY4 (Prop_carry4_CI_O[3])
                                                      0.313    18.131 f  u_mwfil_chiftop/u_dut/u_fcc_fixpt/RESIZE0__851_carry__6/O[3]
                         net (fo=2, routed)           0.785    18.916    u_mwfil_chiftop/u_dut/u_fcc_fixpt/xUik[0]_0[11]
    SLICE_X13Y55         LUT2 (Prop_lut2_I0_O)        0.306    19.222 r  u_mwfil_chiftop/u_dut/u_fcc_fixpt/tmp1__4_carry__0_i_3/O
                         net (fo=1, routed)           0.000    19.222    u_mwfil_chiftop/u_dut/u_fcc_fixpt/tmp1__4_carry__0_i_3_n_0
    SLICE_X13Y55         CARRY4 (Prop_carry4_S[1]_CO[3])
                                                      0.550    19.772 r  u_mwfil_chiftop/u_dut/u_fcc_fixpt/tmp1__4_carry__0/CO[3]
                         net (fo=1, routed)           0.000    19.772    u_mwfil_chiftop/u_dut/u_fcc_fixpt/tmp1__4_carry__0_n_0
    SLICE_X13Y56         CARRY4 (Prop_carry4_CI_CO[2])
                                                      0.228    20.000 f  u_mwfil_chiftop/u_dut/u_fcc_fixpt/tmp1__4_carry__1/CO[2]
                         net (fo=21, routed)          0.903    20.903    u_mwfil_chiftop/u_dut/u_fcc_fixpt/x_1
    SLICE_X14Y54         LUT2 (Prop_lut2_I0_O)        0.339    21.242 r  u_mwfil_chiftop/u_dut/u_fcc_fixpt/mem_reg_1_i_21/O
                         net (fo=4, routed)           0.866    22.107    u_mwfil_chiftop/u_dut/u_fcc_fixpt/wr_din[61]
    DSP48_X0Y23          DSP48E1 (Prop_dsp48e1_D[7]_P[1])
                                                      5.294    27.401 f  u_mwfil_chiftop/u_dut/u_fcc_fixpt/p20D2_aux_mul_temp/P[1]
                         net (fo=5, routed)           0.995    28.396    u_mwfil_chiftop/u_dut/u_fcc_fixpt/p20D2_aux_mul_temp__0[1]
    SLICE_X11Y57         LUT2 (Prop_lut2_I0_O)        0.124    28.520 r  u_mwfil_chiftop/u_dut/u_fcc_fixpt/tmp_121__4_carry_i_8/O
                         net (fo=1, routed)           0.000    28.520    u_mwfil_chiftop/u_dut/u_fcc_fixpt/tmp_121__4_carry_i_8_n_0
    SLICE_X11Y57         CARRY4 (Prop_carry4_S[0]_CO[3])
                                                      0.532    29.052 r  u_mwfil_chiftop/u_dut/u_fcc_fixpt/tmp_121__4_carry/CO[3]
                         net (fo=1, routed)           0.000    29.052    u_mwfil_chiftop/u_dut/u_fcc_fixpt/tmp_121__4_carry_n_0
    SLICE_X11Y58         CARRY4 (Prop_carry4_CI_CO[3])
                                                      0.114    29.166 r  u_mwfil_chiftop/u_dut/u_fcc_fixpt/tmp_121__4_carry__0/CO[3]
                         net (fo=1, routed)           0.000    29.166    u_mwfil_chiftop/u_dut/u_fcc_fixpt/tmp_121__4_carry__0_n_0
    SLICE_X11Y59         CARRY4 (Prop_carry4_CI_CO[3])
                                                      0.114    29.280 r  u_mwfil_chiftop/u_dut/u_fcc_fixpt/tmp_121__4_carry__1/CO[3]
                         net (fo=1, routed)           0.000    29.280    u_mwfil_chiftop/u_dut/u_fcc_fixpt/tmp_121__4_carry__1_n_0
    SLICE_X11Y60         CARRY4 (Prop_carry4_CI_CO[1])
                                                      0.157    29.437 r  u_mwfil_chiftop/u_dut/u_fcc_fixpt/tmp_121__4_carry__2/CO[1]
                         net (fo=55, routed)          0.802    30.239    u_mwfil_chiftop/u_dut/u_fcc_fixpt/D2_aux_1
    SLICE_X10Y57         LUT3 (Prop_lut3_I1_O)        0.329    30.568 r  u_mwfil_chiftop/u_dut/u_fcc_fixpt/tmp_131__4_carry_i_7/O
                         net (fo=1, routed)           0.000    30.568    u_mwfil_chiftop/u_dut/u_fcc_fixpt/tmp_131__4_carry_i_7_n_0
    SLICE_X10Y57         CARRY4 (Prop_carry4_S[1]_CO[3])
                                                      0.533    31.101 r  u_mwfil_chiftop/u_dut/u_fcc_fixpt/tmp_131__4_carry/CO[3]
                         net (fo=1, routed)           0.000    31.101    u_mwfil_chiftop/u_dut/u_fcc_fixpt/tmp_131__4_carry_n_0
    SLICE_X10Y58         CARRY4 (Prop_carry4_CI_CO[3])
                                                      0.117    31.218 r  u_mwfil_chiftop/u_dut/u_fcc_fixpt/tmp_131__4_carry__0/CO[3]
                         net (fo=1, routed)           0.000    31.218    u_mwfil_chiftop/u_dut/u_fcc_fixpt/tmp_131__4_carry__0_n_0
    SLICE_X10Y59         CARRY4 (Prop_carry4_CI_CO[3])
                                                      0.117    31.335 r  u_mwfil_chiftop/u_dut/u_fcc_fixpt/tmp_131__4_carry__1/CO[3]
                         net (fo=1, routed)           0.000    31.335    u_mwfil_chiftop/u_dut/u_fcc_fixpt/tmp_131__4_carry__1_n_0
    SLICE_X10Y60         CARRY4 (Prop_carry4_CI_CO[1])
                                                      0.157    31.492 r  u_mwfil_chiftop/u_dut/u_fcc_fixpt/tmp_131__4_carry__2/CO[1]
                         net (fo=27, routed)          1.053    32.546    u_mwfil_chiftop/u_dut/u_fcc_fixpt/s_1
    SLICE_X11Y56         LUT3 (Prop_lut3_I0_O)        0.360    32.906 r  u_mwfil_chiftop/u_dut/u_fcc_fixpt/mem_reg_0_i_28/O
                         net (fo=1, routed)           0.449    33.355    u_mwfil_chiftop/u_mwfil_chifcore/DUT2CHIF.u_d2bfifo/u_dpscram/wr_din[44]
    RAMB36_X0Y11         RAMB36E1                                     r  u_mwfil_chiftop/u_mwfil_chifcore/DUT2CHIF.u_d2bfifo/u_dpscram/mem_reg_0/DIBDI[24]
  -------------------------------------------------------------------    -------------------

                         (clock clk_out1_clk_wiz_0 rise edge)
                                                     40.000    40.000 r  
    E3                                                0.000    40.000 r  sysclk (IN)
                         net (fo=0)                   0.000    40.000    u_clk_wiz_0/inst/clk_in1
    E3                   IBUF (Prop_ibuf_I_O)         1.411    41.411 r  u_clk_wiz_0/inst/clkin1_ibufg/O
                         net (fo=1, routed)           1.162    42.573    u_clk_wiz_0/inst/clk_in1_clk_wiz_0
    MMCME2_ADV_X1Y2      MMCME2_ADV (Prop_mmcme2_adv_CLKIN1_CLKOUT0)
                                                     -7.324    35.249 r  u_clk_wiz_0/inst/mmcm_adv_inst/CLKOUT0
                         net (fo=1, routed)           1.639    36.888    u_clk_wiz_0/inst/clk_out1_clk_wiz_0
    BUFGCTRL_X0Y16       BUFG (Prop_bufg_I_O)         0.091    36.979 r  u_clk_wiz_0/inst/clkout1_buf/O
                         net (fo=852, routed)         1.567    38.546    u_mwfil_chiftop/u_mwfil_chifcore/DUT2CHIF.u_d2bfifo/u_dpscram/clk_out1
    RAMB36_X0Y11         RAMB36E1                                     r  u_mwfil_chiftop/u_mwfil_chifcore/DUT2CHIF.u_d2bfifo/u_dpscram/mem_reg_0/CLKBWRCLK
                         clock pessimism              0.559    39.106    
                         clock uncertainty           -0.098    39.008    
    RAMB36_X0Y11         RAMB36E1 (Setup_ramb36e1_CLKBWRCLK_DIBDI[24])
                                                     -0.449    38.559    u_mwfil_chiftop/u_mwfil_chifcore/DUT2CHIF.u_d2bfifo/u_dpscram/mem_reg_0
  -------------------------------------------------------------------
                         required time                         38.559    
                         arrival time                         -33.355    
  -------------------------------------------------------------------
                         slack                                  5.204    

Slack (MET) :             5.231ns  (required time - arrival time)
  Source:                 u_mwfil_chiftop/u_dut/u_fcc_fixpt/xUik_2_reg[0][2]/C
                            (rising edge-triggered cell FDCE clocked by clk_out1_clk_wiz_0  {rise@0.000ns fall@20.000ns period=40.000ns})
  Destination:            u_mwfil_chiftop/u_mwfil_chifcore/DUT2CHIF.u_d2bfifo/u_dpscram/mem_reg_0/DIPADIP[0]
                            (rising edge-triggered cell RAMB36E1 clocked by clk_out1_clk_wiz_0  {rise@0.000ns fall@20.000ns period=40.000ns})
  Path Group:             clk_out1_clk_wiz_0
  Path Type:              Setup (Max at Slow Process Corner)
  Requirement:            40.000ns  (clk_out1_clk_wiz_0 rise@40.000ns - clk_out1_clk_wiz_0 rise@0.000ns)
  Data Path Delay:        34.221ns  (logic 21.612ns (63.155%)  route 12.609ns (36.845%))
  Logic Levels:           36  (CARRY4=21 DSP48E1=3 LUT1=1 LUT2=5 LUT3=4 LUT4=2)
  Clock Path Skew:        -0.002ns (DCD - SCD + CPR)
    Destination Clock Delay (DCD):    -1.454ns = ( 38.546 - 40.000 ) 
    Source Clock Delay      (SCD):    -0.893ns
    Clock Pessimism Removal (CPR):    0.559ns
  Clock Uncertainty:      0.098ns  ((TSJ^2 + DJ^2)^1/2) / 2 + PE
    Total System Jitter     (TSJ):    0.071ns
    Discrete Jitter          (DJ):    0.182ns
    Phase Error              (PE):    0.000ns

    Location             Delay type                Incr(ns)  Path(ns)    Netlist Resource(s)
  -------------------------------------------------------------------    -------------------
                         (clock clk_out1_clk_wiz_0 rise edge)
                                                      0.000     0.000 r  
    E3                                                0.000     0.000 r  sysclk (IN)
                         net (fo=0)                   0.000     0.000    u_clk_wiz_0/inst/clk_in1
    E3                   IBUF (Prop_ibuf_I_O)         1.482     1.482 r  u_clk_wiz_0/inst/clkin1_ibufg/O
                         net (fo=1, routed)           1.233     2.715    u_clk_wiz_0/inst/clk_in1_clk_wiz_0
    MMCME2_ADV_X1Y2      MMCME2_ADV (Prop_mmcme2_adv_CLKIN1_CLKOUT0)
                                                     -7.070    -4.355 r  u_clk_wiz_0/inst/mmcm_adv_inst/CLKOUT0
                         net (fo=1, routed)           1.719    -2.636    u_clk_wiz_0/inst/clk_out1_clk_wiz_0
    BUFGCTRL_X0Y16       BUFG (Prop_bufg_I_O)         0.096    -2.540 r  u_clk_wiz_0/inst/clkout1_buf/O
                         net (fo=852, routed)         1.647    -0.893    u_mwfil_chiftop/u_dut/u_fcc_fixpt/clk_out1
    SLICE_X11Y53         FDCE                                         r  u_mwfil_chiftop/u_dut/u_fcc_fixpt/xUik_2_reg[0][2]/C
  -------------------------------------------------------------------    -------------------
    SLICE_X11Y53         FDCE (Prop_fdce_C_Q)         0.456    -0.437 r  u_mwfil_chiftop/u_dut/u_fcc_fixpt/xUik_2_reg[0][2]/Q
                         net (fo=2, routed)           0.863     0.427    u_mwfil_chiftop/u_dut/u_fcc_fixpt/xUik_2_reg[0]_3[2]
    DSP48_X0Y20          DSP48E1 (Prop_dsp48e1_A[2]_PCOUT[47])
                                                      4.036     4.463 r  u_mwfil_chiftop/u_dut/u_fcc_fixpt/ARG/PCOUT[47]
                         net (fo=1, routed)           0.002     4.465    u_mwfil_chiftop/u_dut/u_fcc_fixpt/ARG_n_106
    DSP48_X0Y21          DSP48E1 (Prop_dsp48e1_PCIN[47]_P[0])
                                                      1.518     5.983 r  u_mwfil_chiftop/u_dut/u_fcc_fixpt/ARG__0/P[0]
                         net (fo=2, routed)           0.999     6.981    u_mwfil_chiftop/u_dut/u_fcc_fixpt/ARG__0_n_105
    SLICE_X11Y45         LUT2 (Prop_lut2_I0_O)        0.124     7.105 r  u_mwfil_chiftop/u_dut/u_fcc_fixpt/xXik_reg[0]0_carry__3_i_3/O
                         net (fo=1, routed)           0.000     7.105    u_mwfil_chiftop/u_dut/u_fcc_fixpt/xXik_reg[0]0_carry__3_i_3_n_0
    SLICE_X11Y45         CARRY4 (Prop_carry4_S[1]_CO[3])
                                                      0.550     7.655 r  u_mwfil_chiftop/u_dut/u_fcc_fixpt/xXik_reg[0]0_carry__3/CO[3]
                         net (fo=1, routed)           0.000     7.655    u_mwfil_chiftop/u_dut/u_fcc_fixpt/xXik_reg[0]0_carry__3_n_0
    SLICE_X11Y46         CARRY4 (Prop_carry4_CI_O[1])
                                                      0.348     8.003 f  u_mwfil_chiftop/u_dut/u_fcc_fixpt/xXik_reg[0]0_carry__4/O[1]
                         net (fo=2, routed)           0.479     8.482    u_mwfil_chiftop/u_dut/u_fcc_fixpt/xXik_reg[0]0[21]
    SLICE_X10Y47         LUT1 (Prop_lut1_I0_O)        0.303     8.785 r  u_mwfil_chiftop/u_dut/u_fcc_fixpt/RESIZE1_carry_i_3/O
                         net (fo=1, routed)           0.000     8.785    u_mwfil_chiftop/u_dut/u_fcc_fixpt/RESIZE1_carry_i_3_n_0
    SLICE_X10Y47         CARRY4 (Prop_carry4_S[1]_CO[3])
                                                      0.533     9.318 r  u_mwfil_chiftop/u_dut/u_fcc_fixpt/RESIZE1_carry/CO[3]
                         net (fo=1, routed)           0.000     9.318    u_mwfil_chiftop/u_dut/u_fcc_fixpt/RESIZE1_carry_n_0
    SLICE_X10Y48         CARRY4 (Prop_carry4_CI_O[1])
                                                      0.323     9.641 r  u_mwfil_chiftop/u_dut/u_fcc_fixpt/RESIZE1_carry__0/O[1]
                         net (fo=15, routed)          0.888    10.530    u_mwfil_chiftop/u_dut/u_fcc_fixpt/RESIZE1[5]
    SLICE_X5Y48          LUT2 (Prop_lut2_I0_O)        0.306    10.836 r  u_mwfil_chiftop/u_dut/u_fcc_fixpt/RESIZE0__121_carry__1_i_4/O
                         net (fo=1, routed)           0.000    10.836    u_mwfil_chiftop/u_dut/u_fcc_fixpt/RESIZE0__121_carry__1_i_4_n_0
    SLICE_X5Y48          CARRY4 (Prop_carry4_S[0]_CO[3])
                                                      0.532    11.368 r  u_mwfil_chiftop/u_dut/u_fcc_fixpt/RESIZE0__121_carry__1/CO[3]
                         net (fo=1, routed)           0.000    11.368    u_mwfil_chiftop/u_dut/u_fcc_fixpt/RESIZE0__121_carry__1_n_0
    SLICE_X5Y49          CARRY4 (Prop_carry4_CI_O[2])
                                                      0.239    11.607 r  u_mwfil_chiftop/u_dut/u_fcc_fixpt/RESIZE0__121_carry__2/O[2]
                         net (fo=2, routed)           0.963    12.569    u_mwfil_chiftop/u_dut/u_fcc_fixpt/RESIZE0__121_carry__2_n_5
    SLICE_X8Y49          LUT3 (Prop_lut3_I1_O)        0.331    12.900 r  u_mwfil_chiftop/u_dut/u_fcc_fixpt/RESIZE0__730_carry__2_i_1/O
                         net (fo=2, routed)           0.822    13.723    u_mwfil_chiftop/u_dut/u_fcc_fixpt/RESIZE0__730_carry__2_i_1_n_0
    SLICE_X8Y49          LUT4 (Prop_lut4_I3_O)        0.331    14.054 r  u_mwfil_chiftop/u_dut/u_fcc_fixpt/RESIZE0__730_carry__2_i_5/O
                         net (fo=1, routed)           0.000    14.054    u_mwfil_chiftop/u_dut/u_fcc_fixpt/RESIZE0__730_carry__2_i_5_n_0
    SLICE_X8Y49          CARRY4 (Prop_carry4_S[3]_CO[3])
                                                      0.376    14.430 r  u_mwfil_chiftop/u_dut/u_fcc_fixpt/RESIZE0__730_carry__2/CO[3]
                         net (fo=1, routed)           0.001    14.430    u_mwfil_chiftop/u_dut/u_fcc_fixpt/RESIZE0__730_carry__2_n_0
    SLICE_X8Y50          CARRY4 (Prop_carry4_CI_O[3])
                                                      0.315    14.745 r  u_mwfil_chiftop/u_dut/u_fcc_fixpt/RESIZE0__730_carry__3/O[3]
                         net (fo=2, routed)           0.974    15.719    u_mwfil_chiftop/u_dut/u_fcc_fixpt/RESIZE0__730_carry__3_n_4
    SLICE_X15Y49         LUT3 (Prop_lut3_I0_O)        0.332    16.051 r  u_mwfil_chiftop/u_dut/u_fcc_fixpt/RESIZE0__851_carry__4_i_4/O
                         net (fo=2, routed)           0.789    16.840    u_mwfil_chiftop/u_dut/u_fcc_fixpt/RESIZE0__851_carry__4_i_4_n_0
    SLICE_X15Y50         LUT4 (Prop_lut4_I3_O)        0.332    17.172 r  u_mwfil_chiftop/u_dut/u_fcc_fixpt/RESIZE0__851_carry__4_i_8/O
                         net (fo=1, routed)           0.000    17.172    u_mwfil_chiftop/u_dut/u_fcc_fixpt/RESIZE0__851_carry__4_i_8_n_0
    SLICE_X15Y50         CARRY4 (Prop_carry4_S[0]_CO[3])
                                                      0.532    17.704 r  u_mwfil_chiftop/u_dut/u_fcc_fixpt/RESIZE0__851_carry__4/CO[3]
                         net (fo=1, routed)           0.000    17.704    u_mwfil_chiftop/u_dut/u_fcc_fixpt/RESIZE0__851_carry__4_n_0
    SLICE_X15Y51         CARRY4 (Prop_carry4_CI_CO[3])
                                                      0.114    17.818 r  u_mwfil_chiftop/u_dut/u_fcc_fixpt/RESIZE0__851_carry__5/CO[3]
                         net (fo=1, routed)           0.000    17.818    u_mwfil_chiftop/u_dut/u_fcc_fixpt/RESIZE0__851_carry__5_n_0
    SLICE_X15Y52         CARRY4 (Prop_carry4_CI_O[3])
                                                      0.313    18.131 f  u_mwfil_chiftop/u_dut/u_fcc_fixpt/RESIZE0__851_carry__6/O[3]
                         net (fo=2, routed)           0.785    18.916    u_mwfil_chiftop/u_dut/u_fcc_fixpt/xUik[0]_0[11]
    SLICE_X13Y55         LUT2 (Prop_lut2_I0_O)        0.306    19.222 r  u_mwfil_chiftop/u_dut/u_fcc_fixpt/tmp1__4_carry__0_i_3/O
                         net (fo=1, routed)           0.000    19.222    u_mwfil_chiftop/u_dut/u_fcc_fixpt/tmp1__4_carry__0_i_3_n_0
    SLICE_X13Y55         CARRY4 (Prop_carry4_S[1]_CO[3])
                                                      0.550    19.772 r  u_mwfil_chiftop/u_dut/u_fcc_fixpt/tmp1__4_carry__0/CO[3]
                         net (fo=1, routed)           0.000    19.772    u_mwfil_chiftop/u_dut/u_fcc_fixpt/tmp1__4_carry__0_n_0
    SLICE_X13Y56         CARRY4 (Prop_carry4_CI_CO[2])
                                                      0.228    20.000 f  u_mwfil_chiftop/u_dut/u_fcc_fixpt/tmp1__4_carry__1/CO[2]
                         net (fo=21, routed)          0.903    20.903    u_mwfil_chiftop/u_dut/u_fcc_fixpt/x_1
    SLICE_X14Y54         LUT2 (Prop_lut2_I0_O)        0.339    21.242 r  u_mwfil_chiftop/u_dut/u_fcc_fixpt/mem_reg_1_i_21/O
                         net (fo=4, routed)           0.866    22.107    u_mwfil_chiftop/u_dut/u_fcc_fixpt/wr_din[61]
    DSP48_X0Y23          DSP48E1 (Prop_dsp48e1_D[7]_P[1])
                                                      5.294    27.401 f  u_mwfil_chiftop/u_dut/u_fcc_fixpt/p20D2_aux_mul_temp/P[1]
                         net (fo=5, routed)           0.995    28.396    u_mwfil_chiftop/u_dut/u_fcc_fixpt/p20D2_aux_mul_temp__0[1]
    SLICE_X11Y57         LUT2 (Prop_lut2_I0_O)        0.124    28.520 r  u_mwfil_chiftop/u_dut/u_fcc_fixpt/tmp_121__4_carry_i_8/O
                         net (fo=1, routed)           0.000    28.520    u_mwfil_chiftop/u_dut/u_fcc_fixpt/tmp_121__4_carry_i_8_n_0
    SLICE_X11Y57         CARRY4 (Prop_carry4_S[0]_CO[3])
                                                      0.532    29.052 r  u_mwfil_chiftop/u_dut/u_fcc_fixpt/tmp_121__4_carry/CO[3]
                         net (fo=1, routed)           0.000    29.052    u_mwfil_chiftop/u_dut/u_fcc_fixpt/tmp_121__4_carry_n_0
    SLICE_X11Y58         CARRY4 (Prop_carry4_CI_CO[3])
                                                      0.114    29.166 r  u_mwfil_chiftop/u_dut/u_fcc_fixpt/tmp_121__4_carry__0/CO[3]
                         net (fo=1, routed)           0.000    29.166    u_mwfil_chiftop/u_dut/u_fcc_fixpt/tmp_121__4_carry__0_n_0
    SLICE_X11Y59         CARRY4 (Prop_carry4_CI_CO[3])
                                                      0.114    29.280 r  u_mwfil_chiftop/u_dut/u_fcc_fixpt/tmp_121__4_carry__1/CO[3]
                         net (fo=1, routed)           0.000    29.280    u_mwfil_chiftop/u_dut/u_fcc_fixpt/tmp_121__4_carry__1_n_0
    SLICE_X11Y60         CARRY4 (Prop_carry4_CI_CO[1])
                                                      0.157    29.437 r  u_mwfil_chiftop/u_dut/u_fcc_fixpt/tmp_121__4_carry__2/CO[1]
                         net (fo=55, routed)          0.802    30.239    u_mwfil_chiftop/u_dut/u_fcc_fixpt/D2_aux_1
    SLICE_X10Y57         LUT3 (Prop_lut3_I1_O)        0.329    30.568 r  u_mwfil_chiftop/u_dut/u_fcc_fixpt/tmp_131__4_carry_i_7/O
                         net (fo=1, routed)           0.000    30.568    u_mwfil_chiftop/u_dut/u_fcc_fixpt/tmp_131__4_carry_i_7_n_0
    SLICE_X10Y57         CARRY4 (Prop_carry4_S[1]_CO[3])
                                                      0.533    31.101 r  u_mwfil_chiftop/u_dut/u_fcc_fixpt/tmp_131__4_carry/CO[3]
                         net (fo=1, routed)           0.000    31.101    u_mwfil_chiftop/u_dut/u_fcc_fixpt/tmp_131__4_carry_n_0
    SLICE_X10Y58         CARRY4 (Prop_carry4_CI_CO[3])
                                                      0.117    31.218 r  u_mwfil_chiftop/u_dut/u_fcc_fixpt/tmp_131__4_carry__0/CO[3]
                         net (fo=1, routed)           0.000    31.218    u_mwfil_chiftop/u_dut/u_fcc_fixpt/tmp_131__4_carry__0_n_0
    SLICE_X10Y59         CARRY4 (Prop_carry4_CI_CO[3])
                                                      0.117    31.335 r  u_mwfil_chiftop/u_dut/u_fcc_fixpt/tmp_131__4_carry__1/CO[3]
                         net (fo=1, routed)           0.000    31.335    u_mwfil_chiftop/u_dut/u_fcc_fixpt/tmp_131__4_carry__1_n_0
    SLICE_X10Y60         CARRY4 (Prop_carry4_CI_CO[1])
                                                      0.157    31.492 r  u_mwfil_chiftop/u_dut/u_fcc_fixpt/tmp_131__4_carry__2/CO[1]
                         net (fo=27, routed)          0.981    32.473    u_mwfil_chiftop/u_dut/u_fcc_fixpt/s_1
    SLICE_X11Y56         LUT3 (Prop_lut3_I0_O)        0.357    32.830 r  u_mwfil_chiftop/u_dut/u_fcc_fixpt/mem_reg_0_i_47/O
                         net (fo=1, routed)           0.498    33.328    u_mwfil_chiftop/u_mwfil_chifcore/DUT2CHIF.u_d2bfifo/u_dpscram/wr_din[52]
    RAMB36_X0Y11         RAMB36E1                                     r  u_mwfil_chiftop/u_mwfil_chifcore/DUT2CHIF.u_d2bfifo/u_dpscram/mem_reg_0/DIPADIP[0]
  -------------------------------------------------------------------    -------------------

                         (clock clk_out1_clk_wiz_0 rise edge)
                                                     40.000    40.000 r  
    E3                                                0.000    40.000 r  sysclk (IN)
                         net (fo=0)                   0.000    40.000    u_clk_wiz_0/inst/clk_in1
    E3                   IBUF (Prop_ibuf_I_O)         1.411    41.411 r  u_clk_wiz_0/inst/clkin1_ibufg/O
                         net (fo=1, routed)           1.162    42.573    u_clk_wiz_0/inst/clk_in1_clk_wiz_0
    MMCME2_ADV_X1Y2      MMCME2_ADV (Prop_mmcme2_adv_CLKIN1_CLKOUT0)
                                                     -7.324    35.249 r  u_clk_wiz_0/inst/mmcm_adv_inst/CLKOUT0
                         net (fo=1, routed)           1.639    36.888    u_clk_wiz_0/inst/clk_out1_clk_wiz_0
    BUFGCTRL_X0Y16       BUFG (Prop_bufg_I_O)         0.091    36.979 r  u_clk_wiz_0/inst/clkout1_buf/O
                         net (fo=852, routed)         1.567    38.546    u_mwfil_chiftop/u_mwfil_chifcore/DUT2CHIF.u_d2bfifo/u_dpscram/clk_out1
    RAMB36_X0Y11         RAMB36E1                                     r  u_mwfil_chiftop/u_mwfil_chifcore/DUT2CHIF.u_d2bfifo/u_dpscram/mem_reg_0/CLKBWRCLK
                         clock pessimism              0.559    39.106    
                         clock uncertainty           -0.098    39.008    
    RAMB36_X0Y11         RAMB36E1 (Setup_ramb36e1_CLKBWRCLK_DIPADIP[0])
                                                     -0.449    38.559    u_mwfil_chiftop/u_mwfil_chifcore/DUT2CHIF.u_d2bfifo/u_dpscram/mem_reg_0
  -------------------------------------------------------------------
                         required time                         38.559    
                         arrival time                         -33.328    
  -------------------------------------------------------------------
                         slack                                  5.231    

Slack (MET) :             5.241ns  (required time - arrival time)
  Source:                 u_mwfil_chiftop/u_dut/u_fcc_fixpt/xUik_2_reg[0][2]/C
                            (rising edge-triggered cell FDCE clocked by clk_out1_clk_wiz_0  {rise@0.000ns fall@20.000ns period=40.000ns})
  Destination:            u_mwfil_chiftop/u_mwfil_chifcore/DUT2CHIF.u_d2bfifo/u_dpscram/mem_reg_0/DIBDI[17]
                            (rising edge-triggered cell RAMB36E1 clocked by clk_out1_clk_wiz_0  {rise@0.000ns fall@20.000ns period=40.000ns})
  Path Group:             clk_out1_clk_wiz_0
  Path Type:              Setup (Max at Slow Process Corner)
  Requirement:            40.000ns  (clk_out1_clk_wiz_0 rise@40.000ns - clk_out1_clk_wiz_0 rise@0.000ns)
  Data Path Delay:        34.419ns  (logic 21.587ns (62.719%)  route 12.832ns (37.281%))
  Logic Levels:           36  (CARRY4=21 DSP48E1=3 LUT1=1 LUT2=5 LUT3=4 LUT4=2)
  Clock Path Skew:        -0.002ns (DCD - SCD + CPR)
    Destination Clock Delay (DCD):    -1.454ns = ( 38.546 - 40.000 ) 
    Source Clock Delay      (SCD):    -0.893ns
    Clock Pessimism Removal (CPR):    0.559ns
  Clock Uncertainty:      0.098ns  ((TSJ^2 + DJ^2)^1/2) / 2 + PE
    Total System Jitter     (TSJ):    0.071ns
    Discrete Jitter          (DJ):    0.182ns
    Phase Error              (PE):    0.000ns

    Location             Delay type                Incr(ns)  Path(ns)    Netlist Resource(s)
  -------------------------------------------------------------------    -------------------
                         (clock clk_out1_clk_wiz_0 rise edge)
                                                      0.000     0.000 r  
    E3                                                0.000     0.000 r  sysclk (IN)
                         net (fo=0)                   0.000     0.000    u_clk_wiz_0/inst/clk_in1
    E3                   IBUF (Prop_ibuf_I_O)         1.482     1.482 r  u_clk_wiz_0/inst/clkin1_ibufg/O
                         net (fo=1, routed)           1.233     2.715    u_clk_wiz_0/inst/clk_in1_clk_wiz_0
    MMCME2_ADV_X1Y2      MMCME2_ADV (Prop_mmcme2_adv_CLKIN1_CLKOUT0)
                                                     -7.070    -4.355 r  u_clk_wiz_0/inst/mmcm_adv_inst/CLKOUT0
                         net (fo=1, routed)           1.719    -2.636    u_clk_wiz_0/inst/clk_out1_clk_wiz_0
    BUFGCTRL_X0Y16       BUFG (Prop_bufg_I_O)         0.096    -2.540 r  u_clk_wiz_0/inst/clkout1_buf/O
                         net (fo=852, routed)         1.647    -0.893    u_mwfil_chiftop/u_dut/u_fcc_fixpt/clk_out1
    SLICE_X11Y53         FDCE                                         r  u_mwfil_chiftop/u_dut/u_fcc_fixpt/xUik_2_reg[0][2]/C
  -------------------------------------------------------------------    -------------------
    SLICE_X11Y53         FDCE (Prop_fdce_C_Q)         0.456    -0.437 r  u_mwfil_chiftop/u_dut/u_fcc_fixpt/xUik_2_reg[0][2]/Q
                         net (fo=2, routed)           0.863     0.427    u_mwfil_chiftop/u_dut/u_fcc_fixpt/xUik_2_reg[0]_3[2]
    DSP48_X0Y20          DSP48E1 (Prop_dsp48e1_A[2]_PCOUT[47])
                                                      4.036     4.463 r  u_mwfil_chiftop/u_dut/u_fcc_fixpt/ARG/PCOUT[47]
                         net (fo=1, routed)           0.002     4.465    u_mwfil_chiftop/u_dut/u_fcc_fixpt/ARG_n_106
    DSP48_X0Y21          DSP48E1 (Prop_dsp48e1_PCIN[47]_P[0])
                                                      1.518     5.983 r  u_mwfil_chiftop/u_dut/u_fcc_fixpt/ARG__0/P[0]
                         net (fo=2, routed)           0.999     6.981    u_mwfil_chiftop/u_dut/u_fcc_fixpt/ARG__0_n_105
    SLICE_X11Y45         LUT2 (Prop_lut2_I0_O)        0.124     7.105 r  u_mwfil_chiftop/u_dut/u_fcc_fixpt/xXik_reg[0]0_carry__3_i_3/O
                         net (fo=1, routed)           0.000     7.105    u_mwfil_chiftop/u_dut/u_fcc_fixpt/xXik_reg[0]0_carry__3_i_3_n_0
    SLICE_X11Y45         CARRY4 (Prop_carry4_S[1]_CO[3])
                                                      0.550     7.655 r  u_mwfil_chiftop/u_dut/u_fcc_fixpt/xXik_reg[0]0_carry__3/CO[3]
                         net (fo=1, routed)           0.000     7.655    u_mwfil_chiftop/u_dut/u_fcc_fixpt/xXik_reg[0]0_carry__3_n_0
    SLICE_X11Y46         CARRY4 (Prop_carry4_CI_O[1])
                                                      0.348     8.003 f  u_mwfil_chiftop/u_dut/u_fcc_fixpt/xXik_reg[0]0_carry__4/O[1]
                         net (fo=2, routed)           0.479     8.482    u_mwfil_chiftop/u_dut/u_fcc_fixpt/xXik_reg[0]0[21]
    SLICE_X10Y47         LUT1 (Prop_lut1_I0_O)        0.303     8.785 r  u_mwfil_chiftop/u_dut/u_fcc_fixpt/RESIZE1_carry_i_3/O
                         net (fo=1, routed)           0.000     8.785    u_mwfil_chiftop/u_dut/u_fcc_fixpt/RESIZE1_carry_i_3_n_0
    SLICE_X10Y47         CARRY4 (Prop_carry4_S[1]_CO[3])
                                                      0.533     9.318 r  u_mwfil_chiftop/u_dut/u_fcc_fixpt/RESIZE1_carry/CO[3]
                         net (fo=1, routed)           0.000     9.318    u_mwfil_chiftop/u_dut/u_fcc_fixpt/RESIZE1_carry_n_0
    SLICE_X10Y48         CARRY4 (Prop_carry4_CI_O[1])
                                                      0.323     9.641 r  u_mwfil_chiftop/u_dut/u_fcc_fixpt/RESIZE1_carry__0/O[1]
                         net (fo=15, routed)          0.888    10.530    u_mwfil_chiftop/u_dut/u_fcc_fixpt/RESIZE1[5]
    SLICE_X5Y48          LUT2 (Prop_lut2_I0_O)        0.306    10.836 r  u_mwfil_chiftop/u_dut/u_fcc_fixpt/RESIZE0__121_carry__1_i_4/O
                         net (fo=1, routed)           0.000    10.836    u_mwfil_chiftop/u_dut/u_fcc_fixpt/RESIZE0__121_carry__1_i_4_n_0
    SLICE_X5Y48          CARRY4 (Prop_carry4_S[0]_CO[3])
                                                      0.532    11.368 r  u_mwfil_chiftop/u_dut/u_fcc_fixpt/RESIZE0__121_carry__1/CO[3]
                         net (fo=1, routed)           0.000    11.368    u_mwfil_chiftop/u_dut/u_fcc_fixpt/RESIZE0__121_carry__1_n_0
    SLICE_X5Y49          CARRY4 (Prop_carry4_CI_O[2])
                                                      0.239    11.607 r  u_mwfil_chiftop/u_dut/u_fcc_fixpt/RESIZE0__121_carry__2/O[2]
                         net (fo=2, routed)           0.963    12.569    u_mwfil_chiftop/u_dut/u_fcc_fixpt/RESIZE0__121_carry__2_n_5
    SLICE_X8Y49          LUT3 (Prop_lut3_I1_O)        0.331    12.900 r  u_mwfil_chiftop/u_dut/u_fcc_fixpt/RESIZE0__730_carry__2_i_1/O
                         net (fo=2, routed)           0.822    13.723    u_mwfil_chiftop/u_dut/u_fcc_fixpt/RESIZE0__730_carry__2_i_1_n_0
    SLICE_X8Y49          LUT4 (Prop_lut4_I3_O)        0.331    14.054 r  u_mwfil_chiftop/u_dut/u_fcc_fixpt/RESIZE0__730_carry__2_i_5/O
                         net (fo=1, routed)           0.000    14.054    u_mwfil_chiftop/u_dut/u_fcc_fixpt/RESIZE0__730_carry__2_i_5_n_0
    SLICE_X8Y49          CARRY4 (Prop_carry4_S[3]_CO[3])
                                                      0.376    14.430 r  u_mwfil_chiftop/u_dut/u_fcc_fixpt/RESIZE0__730_carry__2/CO[3]
                         net (fo=1, routed)           0.001    14.430    u_mwfil_chiftop/u_dut/u_fcc_fixpt/RESIZE0__730_carry__2_n_0
    SLICE_X8Y50          CARRY4 (Prop_carry4_CI_O[3])
                                                      0.315    14.745 r  u_mwfil_chiftop/u_dut/u_fcc_fixpt/RESIZE0__730_carry__3/O[3]
                         net (fo=2, routed)           0.974    15.719    u_mwfil_chiftop/u_dut/u_fcc_fixpt/RESIZE0__730_carry__3_n_4
    SLICE_X15Y49         LUT3 (Prop_lut3_I0_O)        0.332    16.051 r  u_mwfil_chiftop/u_dut/u_fcc_fixpt/RESIZE0__851_carry__4_i_4/O
                         net (fo=2, routed)           0.789    16.840    u_mwfil_chiftop/u_dut/u_fcc_fixpt/RESIZE0__851_carry__4_i_4_n_0
    SLICE_X15Y50         LUT4 (Prop_lut4_I3_O)        0.332    17.172 r  u_mwfil_chiftop/u_dut/u_fcc_fixpt/RESIZE0__851_carry__4_i_8/O
                         net (fo=1, routed)           0.000    17.172    u_mwfil_chiftop/u_dut/u_fcc_fixpt/RESIZE0__851_carry__4_i_8_n_0
    SLICE_X15Y50         CARRY4 (Prop_carry4_S[0]_CO[3])
                                                      0.532    17.704 r  u_mwfil_chiftop/u_dut/u_fcc_fixpt/RESIZE0__851_carry__4/CO[3]
                         net (fo=1, routed)           0.000    17.704    u_mwfil_chiftop/u_dut/u_fcc_fixpt/RESIZE0__851_carry__4_n_0
    SLICE_X15Y51         CARRY4 (Prop_carry4_CI_CO[3])
                                                      0.114    17.818 r  u_mwfil_chiftop/u_dut/u_fcc_fixpt/RESIZE0__851_carry__5/CO[3]
                         net (fo=1, routed)           0.000    17.818    u_mwfil_chiftop/u_dut/u_fcc_fixpt/RESIZE0__851_carry__5_n_0
    SLICE_X15Y52         CARRY4 (Prop_carry4_CI_O[3])
                                                      0.313    18.131 f  u_mwfil_chiftop/u_dut/u_fcc_fixpt/RESIZE0__851_carry__6/O[3]
                         net (fo=2, routed)           0.785    18.916    u_mwfil_chiftop/u_dut/u_fcc_fixpt/xUik[0]_0[11]
    SLICE_X13Y55         LUT2 (Prop_lut2_I0_O)        0.306    19.222 r  u_mwfil_chiftop/u_dut/u_fcc_fixpt/tmp1__4_carry__0_i_3/O
                         net (fo=1, routed)           0.000    19.222    u_mwfil_chiftop/u_dut/u_fcc_fixpt/tmp1__4_carry__0_i_3_n_0
    SLICE_X13Y55         CARRY4 (Prop_carry4_S[1]_CO[3])
                                                      0.550    19.772 r  u_mwfil_chiftop/u_dut/u_fcc_fixpt/tmp1__4_carry__0/CO[3]
                         net (fo=1, routed)           0.000    19.772    u_mwfil_chiftop/u_dut/u_fcc_fixpt/tmp1__4_carry__0_n_0
    SLICE_X13Y56         CARRY4 (Prop_carry4_CI_CO[2])
                                                      0.228    20.000 f  u_mwfil_chiftop/u_dut/u_fcc_fixpt/tmp1__4_carry__1/CO[2]
                         net (fo=21, routed)          0.903    20.903    u_mwfil_chiftop/u_dut/u_fcc_fixpt/x_1
    SLICE_X14Y54         LUT2 (Prop_lut2_I0_O)        0.339    21.242 r  u_mwfil_chiftop/u_dut/u_fcc_fixpt/mem_reg_1_i_21/O
                         net (fo=4, routed)           0.866    22.107    u_mwfil_chiftop/u_dut/u_fcc_fixpt/wr_din[61]
    DSP48_X0Y23          DSP48E1 (Prop_dsp48e1_D[7]_P[1])
                                                      5.294    27.401 f  u_mwfil_chiftop/u_dut/u_fcc_fixpt/p20D2_aux_mul_temp/P[1]
                         net (fo=5, routed)           0.995    28.396    u_mwfil_chiftop/u_dut/u_fcc_fixpt/p20D2_aux_mul_temp__0[1]
    SLICE_X11Y57         LUT2 (Prop_lut2_I0_O)        0.124    28.520 r  u_mwfil_chiftop/u_dut/u_fcc_fixpt/tmp_121__4_carry_i_8/O
                         net (fo=1, routed)           0.000    28.520    u_mwfil_chiftop/u_dut/u_fcc_fixpt/tmp_121__4_carry_i_8_n_0
    SLICE_X11Y57         CARRY4 (Prop_carry4_S[0]_CO[3])
                                                      0.532    29.052 r  u_mwfil_chiftop/u_dut/u_fcc_fixpt/tmp_121__4_carry/CO[3]
                         net (fo=1, routed)           0.000    29.052    u_mwfil_chiftop/u_dut/u_fcc_fixpt/tmp_121__4_carry_n_0
    SLICE_X11Y58         CARRY4 (Prop_carry4_CI_CO[3])
                                                      0.114    29.166 r  u_mwfil_chiftop/u_dut/u_fcc_fixpt/tmp_121__4_carry__0/CO[3]
                         net (fo=1, routed)           0.000    29.166    u_mwfil_chiftop/u_dut/u_fcc_fixpt/tmp_121__4_carry__0_n_0
    SLICE_X11Y59         CARRY4 (Prop_carry4_CI_CO[3])
                                                      0.114    29.280 r  u_mwfil_chiftop/u_dut/u_fcc_fixpt/tmp_121__4_carry__1/CO[3]
                         net (fo=1, routed)           0.000    29.280    u_mwfil_chiftop/u_dut/u_fcc_fixpt/tmp_121__4_carry__1_n_0
    SLICE_X11Y60         CARRY4 (Prop_carry4_CI_CO[1])
                                                      0.157    29.437 r  u_mwfil_chiftop/u_dut/u_fcc_fixpt/tmp_121__4_carry__2/CO[1]
                         net (fo=55, routed)          0.802    30.239    u_mwfil_chiftop/u_dut/u_fcc_fixpt/D2_aux_1
    SLICE_X10Y57         LUT3 (Prop_lut3_I1_O)        0.329    30.568 r  u_mwfil_chiftop/u_dut/u_fcc_fixpt/tmp_131__4_carry_i_7/O
                         net (fo=1, routed)           0.000    30.568    u_mwfil_chiftop/u_dut/u_fcc_fixpt/tmp_131__4_carry_i_7_n_0
    SLICE_X10Y57         CARRY4 (Prop_carry4_S[1]_CO[3])
                                                      0.533    31.101 r  u_mwfil_chiftop/u_dut/u_fcc_fixpt/tmp_131__4_carry/CO[3]
                         net (fo=1, routed)           0.000    31.101    u_mwfil_chiftop/u_dut/u_fcc_fixpt/tmp_131__4_carry_n_0
    SLICE_X10Y58         CARRY4 (Prop_carry4_CI_CO[3])
                                                      0.117    31.218 r  u_mwfil_chiftop/u_dut/u_fcc_fixpt/tmp_131__4_carry__0/CO[3]
                         net (fo=1, routed)           0.000    31.218    u_mwfil_chiftop/u_dut/u_fcc_fixpt/tmp_131__4_carry__0_n_0
    SLICE_X10Y59         CARRY4 (Prop_carry4_CI_CO[3])
                                                      0.117    31.335 r  u_mwfil_chiftop/u_dut/u_fcc_fixpt/tmp_131__4_carry__1/CO[3]
                         net (fo=1, routed)           0.000    31.335    u_mwfil_chiftop/u_dut/u_fcc_fixpt/tmp_131__4_carry__1_n_0
    SLICE_X10Y60         CARRY4 (Prop_carry4_CI_CO[1])
                                                      0.157    31.492 r  u_mwfil_chiftop/u_dut/u_fcc_fixpt/tmp_131__4_carry__2/CO[1]
                         net (fo=27, routed)          1.053    32.546    u_mwfil_chiftop/u_dut/u_fcc_fixpt/s_1
    SLICE_X11Y56         LUT3 (Prop_lut3_I0_O)        0.332    32.878 r  u_mwfil_chiftop/u_dut/u_fcc_fixpt/mem_reg_0_i_35/O
                         net (fo=1, routed)           0.648    33.526    u_mwfil_chiftop/u_mwfil_chifcore/DUT2CHIF.u_d2bfifo/u_dpscram/wr_din[37]
    RAMB36_X0Y11         RAMB36E1                                     r  u_mwfil_chiftop/u_mwfil_chifcore/DUT2CHIF.u_d2bfifo/u_dpscram/mem_reg_0/DIBDI[17]
  -------------------------------------------------------------------    -------------------

                         (clock clk_out1_clk_wiz_0 rise edge)
                                                     40.000    40.000 r  
    E3                                                0.000    40.000 r  sysclk (IN)
                         net (fo=0)                   0.000    40.000    u_clk_wiz_0/inst/clk_in1
    E3                   IBUF (Prop_ibuf_I_O)         1.411    41.411 r  u_clk_wiz_0/inst/clkin1_ibufg/O
                         net (fo=1, routed)           1.162    42.573    u_clk_wiz_0/inst/clk_in1_clk_wiz_0
    MMCME2_ADV_X1Y2      MMCME2_ADV (Prop_mmcme2_adv_CLKIN1_CLKOUT0)
                                                     -7.324    35.249 r  u_clk_wiz_0/inst/mmcm_adv_inst/CLKOUT0
                         net (fo=1, routed)           1.639    36.888    u_clk_wiz_0/inst/clk_out1_clk_wiz_0
    BUFGCTRL_X0Y16       BUFG (Prop_bufg_I_O)         0.091    36.979 r  u_clk_wiz_0/inst/clkout1_buf/O
                         net (fo=852, routed)         1.567    38.546    u_mwfil_chiftop/u_mwfil_chifcore/DUT2CHIF.u_d2bfifo/u_dpscram/clk_out1
    RAMB36_X0Y11         RAMB36E1                                     r  u_mwfil_chiftop/u_mwfil_chifcore/DUT2CHIF.u_d2bfifo/u_dpscram/mem_reg_0/CLKBWRCLK
                         clock pessimism              0.559    39.106    
                         clock uncertainty           -0.098    39.008    
    RAMB36_X0Y11         RAMB36E1 (Setup_ramb36e1_CLKBWRCLK_DIBDI[17])
                                                     -0.241    38.767    u_mwfil_chiftop/u_mwfil_chifcore/DUT2CHIF.u_d2bfifo/u_dpscram/mem_reg_0
  -------------------------------------------------------------------
                         required time                         38.767    
                         arrival time                         -33.526    
  -------------------------------------------------------------------
                         slack                                  5.241    

Slack (MET) :             5.249ns  (required time - arrival time)
  Source:                 u_mwfil_chiftop/u_dut/u_fcc_fixpt/xUik_2_reg[0][2]/C
                            (rising edge-triggered cell FDCE clocked by clk_out1_clk_wiz_0  {rise@0.000ns fall@20.000ns period=40.000ns})
  Destination:            u_mwfil_chiftop/u_mwfil_chifcore/DUT2CHIF.u_d2bfifo/u_dpscram/mem_reg_0/DIBDI[10]
                            (rising edge-triggered cell RAMB36E1 clocked by clk_out1_clk_wiz_0  {rise@0.000ns fall@20.000ns period=40.000ns})
  Path Group:             clk_out1_clk_wiz_0
  Path Type:              Setup (Max at Slow Process Corner)
  Requirement:            40.000ns  (clk_out1_clk_wiz_0 rise@40.000ns - clk_out1_clk_wiz_0 rise@0.000ns)
  Data Path Delay:        34.206ns  (logic 21.613ns (63.184%)  route 12.593ns (36.816%))
  Logic Levels:           36  (CARRY4=21 DSP48E1=3 LUT1=1 LUT2=5 LUT3=4 LUT4=2)
  Clock Path Skew:        -0.002ns (DCD - SCD + CPR)
    Destination Clock Delay (DCD):    -1.454ns = ( 38.546 - 40.000 ) 
    Source Clock Delay      (SCD):    -0.893ns
    Clock Pessimism Removal (CPR):    0.559ns
  Clock Uncertainty:      0.098ns  ((TSJ^2 + DJ^2)^1/2) / 2 + PE
    Total System Jitter     (TSJ):    0.071ns
    Discrete Jitter          (DJ):    0.182ns
    Phase Error              (PE):    0.000ns

    Location             Delay type                Incr(ns)  Path(ns)    Netlist Resource(s)
  -------------------------------------------------------------------    -------------------
                         (clock clk_out1_clk_wiz_0 rise edge)
                                                      0.000     0.000 r  
    E3                                                0.000     0.000 r  sysclk (IN)
                         net (fo=0)                   0.000     0.000    u_clk_wiz_0/inst/clk_in1
    E3                   IBUF (Prop_ibuf_I_O)         1.482     1.482 r  u_clk_wiz_0/inst/clkin1_ibufg/O
                         net (fo=1, routed)           1.233     2.715    u_clk_wiz_0/inst/clk_in1_clk_wiz_0
    MMCME2_ADV_X1Y2      MMCME2_ADV (Prop_mmcme2_adv_CLKIN1_CLKOUT0)
                                                     -7.070    -4.355 r  u_clk_wiz_0/inst/mmcm_adv_inst/CLKOUT0
                         net (fo=1, routed)           1.719    -2.636    u_clk_wiz_0/inst/clk_out1_clk_wiz_0
    BUFGCTRL_X0Y16       BUFG (Prop_bufg_I_O)         0.096    -2.540 r  u_clk_wiz_0/inst/clkout1_buf/O
                         net (fo=852, routed)         1.647    -0.893    u_mwfil_chiftop/u_dut/u_fcc_fixpt/clk_out1
    SLICE_X11Y53         FDCE                                         r  u_mwfil_chiftop/u_dut/u_fcc_fixpt/xUik_2_reg[0][2]/C
  -------------------------------------------------------------------    -------------------
    SLICE_X11Y53         FDCE (Prop_fdce_C_Q)         0.456    -0.437 r  u_mwfil_chiftop/u_dut/u_fcc_fixpt/xUik_2_reg[0][2]/Q
                         net (fo=2, routed)           0.863     0.427    u_mwfil_chiftop/u_dut/u_fcc_fixpt/xUik_2_reg[0]_3[2]
    DSP48_X0Y20          DSP48E1 (Prop_dsp48e1_A[2]_PCOUT[47])
                                                      4.036     4.463 r  u_mwfil_chiftop/u_dut/u_fcc_fixpt/ARG/PCOUT[47]
                         net (fo=1, routed)           0.002     4.465    u_mwfil_chiftop/u_dut/u_fcc_fixpt/ARG_n_106
    DSP48_X0Y21          DSP48E1 (Prop_dsp48e1_PCIN[47]_P[0])
                                                      1.518     5.983 r  u_mwfil_chiftop/u_dut/u_fcc_fixpt/ARG__0/P[0]
                         net (fo=2, routed)           0.999     6.981    u_mwfil_chiftop/u_dut/u_fcc_fixpt/ARG__0_n_105
    SLICE_X11Y45         LUT2 (Prop_lut2_I0_O)        0.124     7.105 r  u_mwfil_chiftop/u_dut/u_fcc_fixpt/xXik_reg[0]0_carry__3_i_3/O
                         net (fo=1, routed)           0.000     7.105    u_mwfil_chiftop/u_dut/u_fcc_fixpt/xXik_reg[0]0_carry__3_i_3_n_0
    SLICE_X11Y45         CARRY4 (Prop_carry4_S[1]_CO[3])
                                                      0.550     7.655 r  u_mwfil_chiftop/u_dut/u_fcc_fixpt/xXik_reg[0]0_carry__3/CO[3]
                         net (fo=1, routed)           0.000     7.655    u_mwfil_chiftop/u_dut/u_fcc_fixpt/xXik_reg[0]0_carry__3_n_0
    SLICE_X11Y46         CARRY4 (Prop_carry4_CI_O[1])
                                                      0.348     8.003 f  u_mwfil_chiftop/u_dut/u_fcc_fixpt/xXik_reg[0]0_carry__4/O[1]
                         net (fo=2, routed)           0.479     8.482    u_mwfil_chiftop/u_dut/u_fcc_fixpt/xXik_reg[0]0[21]
    SLICE_X10Y47         LUT1 (Prop_lut1_I0_O)        0.303     8.785 r  u_mwfil_chiftop/u_dut/u_fcc_fixpt/RESIZE1_carry_i_3/O
                         net (fo=1, routed)           0.000     8.785    u_mwfil_chiftop/u_dut/u_fcc_fixpt/RESIZE1_carry_i_3_n_0
    SLICE_X10Y47         CARRY4 (Prop_carry4_S[1]_CO[3])
                                                      0.533     9.318 r  u_mwfil_chiftop/u_dut/u_fcc_fixpt/RESIZE1_carry/CO[3]
                         net (fo=1, routed)           0.000     9.318    u_mwfil_chiftop/u_dut/u_fcc_fixpt/RESIZE1_carry_n_0
    SLICE_X10Y48         CARRY4 (Prop_carry4_CI_O[1])
                                                      0.323     9.641 r  u_mwfil_chiftop/u_dut/u_fcc_fixpt/RESIZE1_carry__0/O[1]
                         net (fo=15, routed)          0.888    10.530    u_mwfil_chiftop/u_dut/u_fcc_fixpt/RESIZE1[5]
    SLICE_X5Y48          LUT2 (Prop_lut2_I0_O)        0.306    10.836 r  u_mwfil_chiftop/u_dut/u_fcc_fixpt/RESIZE0__121_carry__1_i_4/O
                         net (fo=1, routed)           0.000    10.836    u_mwfil_chiftop/u_dut/u_fcc_fixpt/RESIZE0__121_carry__1_i_4_n_0
    SLICE_X5Y48          CARRY4 (Prop_carry4_S[0]_CO[3])
                                                      0.532    11.368 r  u_mwfil_chiftop/u_dut/u_fcc_fixpt/RESIZE0__121_carry__1/CO[3]
                         net (fo=1, routed)           0.000    11.368    u_mwfil_chiftop/u_dut/u_fcc_fixpt/RESIZE0__121_carry__1_n_0
    SLICE_X5Y49          CARRY4 (Prop_carry4_CI_O[2])
                                                      0.239    11.607 r  u_mwfil_chiftop/u_dut/u_fcc_fixpt/RESIZE0__121_carry__2/O[2]
                         net (fo=2, routed)           0.963    12.569    u_mwfil_chiftop/u_dut/u_fcc_fixpt/RESIZE0__121_carry__2_n_5
    SLICE_X8Y49          LUT3 (Prop_lut3_I1_O)        0.331    12.900 r  u_mwfil_chiftop/u_dut/u_fcc_fixpt/RESIZE0__730_carry__2_i_1/O
                         net (fo=2, routed)           0.822    13.723    u_mwfil_chiftop/u_dut/u_fcc_fixpt/RESIZE0__730_carry__2_i_1_n_0
    SLICE_X8Y49          LUT4 (Prop_lut4_I3_O)        0.331    14.054 r  u_mwfil_chiftop/u_dut/u_fcc_fixpt/RESIZE0__730_carry__2_i_5/O
                         net (fo=1, routed)           0.000    14.054    u_mwfil_chiftop/u_dut/u_fcc_fixpt/RESIZE0__730_carry__2_i_5_n_0
    SLICE_X8Y49          CARRY4 (Prop_carry4_S[3]_CO[3])
                                                      0.376    14.430 r  u_mwfil_chiftop/u_dut/u_fcc_fixpt/RESIZE0__730_carry__2/CO[3]
                         net (fo=1, routed)           0.001    14.430    u_mwfil_chiftop/u_dut/u_fcc_fixpt/RESIZE0__730_carry__2_n_0
    SLICE_X8Y50          CARRY4 (Prop_carry4_CI_O[3])
                                                      0.315    14.745 r  u_mwfil_chiftop/u_dut/u_fcc_fixpt/RESIZE0__730_carry__3/O[3]
                         net (fo=2, routed)           0.974    15.719    u_mwfil_chiftop/u_dut/u_fcc_fixpt/RESIZE0__730_carry__3_n_4
    SLICE_X15Y49         LUT3 (Prop_lut3_I0_O)        0.332    16.051 r  u_mwfil_chiftop/u_dut/u_fcc_fixpt/RESIZE0__851_carry__4_i_4/O
                         net (fo=2, routed)           0.789    16.840    u_mwfil_chiftop/u_dut/u_fcc_fixpt/RESIZE0__851_carry__4_i_4_n_0
    SLICE_X15Y50         LUT4 (Prop_lut4_I3_O)        0.332    17.172 r  u_mwfil_chiftop/u_dut/u_fcc_fixpt/RESIZE0__851_carry__4_i_8/O
                         net (fo=1, routed)           0.000    17.172    u_mwfil_chiftop/u_dut/u_fcc_fixpt/RESIZE0__851_carry__4_i_8_n_0
    SLICE_X15Y50         CARRY4 (Prop_carry4_S[0]_CO[3])
                                                      0.532    17.704 r  u_mwfil_chiftop/u_dut/u_fcc_fixpt/RESIZE0__851_carry__4/CO[3]
                         net (fo=1, routed)           0.000    17.704    u_mwfil_chiftop/u_dut/u_fcc_fixpt/RESIZE0__851_carry__4_n_0
    SLICE_X15Y51         CARRY4 (Prop_carry4_CI_CO[3])
                                                      0.114    17.818 r  u_mwfil_chiftop/u_dut/u_fcc_fixpt/RESIZE0__851_carry__5/CO[3]
                         net (fo=1, routed)           0.000    17.818    u_mwfil_chiftop/u_dut/u_fcc_fixpt/RESIZE0__851_carry__5_n_0
    SLICE_X15Y52         CARRY4 (Prop_carry4_CI_O[3])
                                                      0.313    18.131 f  u_mwfil_chiftop/u_dut/u_fcc_fixpt/RESIZE0__851_carry__6/O[3]
                         net (fo=2, routed)           0.785    18.916    u_mwfil_chiftop/u_dut/u_fcc_fixpt/xUik[0]_0[11]
    SLICE_X13Y55         LUT2 (Prop_lut2_I0_O)        0.306    19.222 r  u_mwfil_chiftop/u_dut/u_fcc_fixpt/tmp1__4_carry__0_i_3/O
                         net (fo=1, routed)           0.000    19.222    u_mwfil_chiftop/u_dut/u_fcc_fixpt/tmp1__4_carry__0_i_3_n_0
    SLICE_X13Y55         CARRY4 (Prop_carry4_S[1]_CO[3])
                                                      0.550    19.772 r  u_mwfil_chiftop/u_dut/u_fcc_fixpt/tmp1__4_carry__0/CO[3]
                         net (fo=1, routed)           0.000    19.772    u_mwfil_chiftop/u_dut/u_fcc_fixpt/tmp1__4_carry__0_n_0
    SLICE_X13Y56         CARRY4 (Prop_carry4_CI_CO[2])
                                                      0.228    20.000 f  u_mwfil_chiftop/u_dut/u_fcc_fixpt/tmp1__4_carry__1/CO[2]
                         net (fo=21, routed)          0.903    20.903    u_mwfil_chiftop/u_dut/u_fcc_fixpt/x_1
    SLICE_X14Y54         LUT2 (Prop_lut2_I0_O)        0.339    21.242 r  u_mwfil_chiftop/u_dut/u_fcc_fixpt/mem_reg_1_i_21/O
                         net (fo=4, routed)           0.866    22.107    u_mwfil_chiftop/u_dut/u_fcc_fixpt/wr_din[61]
    DSP48_X0Y23          DSP48E1 (Prop_dsp48e1_D[7]_P[1])
                                                      5.294    27.401 f  u_mwfil_chiftop/u_dut/u_fcc_fixpt/p20D2_aux_mul_temp/P[1]
                         net (fo=5, routed)           0.995    28.396    u_mwfil_chiftop/u_dut/u_fcc_fixpt/p20D2_aux_mul_temp__0[1]
    SLICE_X11Y57         LUT2 (Prop_lut2_I0_O)        0.124    28.520 r  u_mwfil_chiftop/u_dut/u_fcc_fixpt/tmp_121__4_carry_i_8/O
                         net (fo=1, routed)           0.000    28.520    u_mwfil_chiftop/u_dut/u_fcc_fixpt/tmp_121__4_carry_i_8_n_0
    SLICE_X11Y57         CARRY4 (Prop_carry4_S[0]_CO[3])
                                                      0.532    29.052 r  u_mwfil_chiftop/u_dut/u_fcc_fixpt/tmp_121__4_carry/CO[3]
                         net (fo=1, routed)           0.000    29.052    u_mwfil_chiftop/u_dut/u_fcc_fixpt/tmp_121__4_carry_n_0
    SLICE_X11Y58         CARRY4 (Prop_carry4_CI_CO[3])
                                                      0.114    29.166 r  u_mwfil_chiftop/u_dut/u_fcc_fixpt/tmp_121__4_carry__0/CO[3]
                         net (fo=1, routed)           0.000    29.166    u_mwfil_chiftop/u_dut/u_fcc_fixpt/tmp_121__4_carry__0_n_0
    SLICE_X11Y59         CARRY4 (Prop_carry4_CI_CO[3])
                                                      0.114    29.280 r  u_mwfil_chiftop/u_dut/u_fcc_fixpt/tmp_121__4_carry__1/CO[3]
                         net (fo=1, routed)           0.000    29.280    u_mwfil_chiftop/u_dut/u_fcc_fixpt/tmp_121__4_carry__1_n_0
    SLICE_X11Y60         CARRY4 (Prop_carry4_CI_CO[1])
                                                      0.157    29.437 r  u_mwfil_chiftop/u_dut/u_fcc_fixpt/tmp_121__4_carry__2/CO[1]
                         net (fo=55, routed)          0.802    30.239    u_mwfil_chiftop/u_dut/u_fcc_fixpt/D2_aux_1
    SLICE_X10Y57         LUT3 (Prop_lut3_I1_O)        0.329    30.568 r  u_mwfil_chiftop/u_dut/u_fcc_fixpt/tmp_131__4_carry_i_7/O
                         net (fo=1, routed)           0.000    30.568    u_mwfil_chiftop/u_dut/u_fcc_fixpt/tmp_131__4_carry_i_7_n_0
    SLICE_X10Y57         CARRY4 (Prop_carry4_S[1]_CO[3])
                                                      0.533    31.101 r  u_mwfil_chiftop/u_dut/u_fcc_fixpt/tmp_131__4_carry/CO[3]
                         net (fo=1, routed)           0.000    31.101    u_mwfil_chiftop/u_dut/u_fcc_fixpt/tmp_131__4_carry_n_0
    SLICE_X10Y58         CARRY4 (Prop_carry4_CI_CO[3])
                                                      0.117    31.218 r  u_mwfil_chiftop/u_dut/u_fcc_fixpt/tmp_131__4_carry__0/CO[3]
                         net (fo=1, routed)           0.000    31.218    u_mwfil_chiftop/u_dut/u_fcc_fixpt/tmp_131__4_carry__0_n_0
    SLICE_X10Y59         CARRY4 (Prop_carry4_CI_CO[3])
                                                      0.117    31.335 r  u_mwfil_chiftop/u_dut/u_fcc_fixpt/tmp_131__4_carry__1/CO[3]
                         net (fo=1, routed)           0.000    31.335    u_mwfil_chiftop/u_dut/u_fcc_fixpt/tmp_131__4_carry__1_n_0
    SLICE_X10Y60         CARRY4 (Prop_carry4_CI_CO[1])
                                                      0.157    31.492 r  u_mwfil_chiftop/u_dut/u_fcc_fixpt/tmp_131__4_carry__2/CO[1]
                         net (fo=27, routed)          0.989    32.481    u_mwfil_chiftop/u_dut/u_fcc_fixpt/s_1
    SLICE_X10Y56         LUT3 (Prop_lut3_I0_O)        0.358    32.839 r  u_mwfil_chiftop/u_dut/u_fcc_fixpt/mem_reg_0_i_42/O
                         net (fo=1, routed)           0.475    33.314    u_mwfil_chiftop/u_mwfil_chifcore/DUT2CHIF.u_d2bfifo/u_dpscram/wr_din[30]
    RAMB36_X0Y11         RAMB36E1                                     r  u_mwfil_chiftop/u_mwfil_chifcore/DUT2CHIF.u_d2bfifo/u_dpscram/mem_reg_0/DIBDI[10]
  -------------------------------------------------------------------    -------------------

                         (clock clk_out1_clk_wiz_0 rise edge)
                                                     40.000    40.000 r  
    E3                                                0.000    40.000 r  sysclk (IN)
                         net (fo=0)                   0.000    40.000    u_clk_wiz_0/inst/clk_in1
    E3                   IBUF (Prop_ibuf_I_O)         1.411    41.411 r  u_clk_wiz_0/inst/clkin1_ibufg/O
                         net (fo=1, routed)           1.162    42.573    u_clk_wiz_0/inst/clk_in1_clk_wiz_0
    MMCME2_ADV_X1Y2      MMCME2_ADV (Prop_mmcme2_adv_CLKIN1_CLKOUT0)
                                                     -7.324    35.249 r  u_clk_wiz_0/inst/mmcm_adv_inst/CLKOUT0
                         net (fo=1, routed)           1.639    36.888    u_clk_wiz_0/inst/clk_out1_clk_wiz_0
    BUFGCTRL_X0Y16       BUFG (Prop_bufg_I_O)         0.091    36.979 r  u_clk_wiz_0/inst/clkout1_buf/O
                         net (fo=852, routed)         1.567    38.546    u_mwfil_chiftop/u_mwfil_chifcore/DUT2CHIF.u_d2bfifo/u_dpscram/clk_out1
    RAMB36_X0Y11         RAMB36E1                                     r  u_mwfil_chiftop/u_mwfil_chifcore/DUT2CHIF.u_d2bfifo/u_dpscram/mem_reg_0/CLKBWRCLK
                         clock pessimism              0.559    39.106    
                         clock uncertainty           -0.098    39.008    
    RAMB36_X0Y11         RAMB36E1 (Setup_ramb36e1_CLKBWRCLK_DIBDI[10])
                                                     -0.445    38.563    u_mwfil_chiftop/u_mwfil_chifcore/DUT2CHIF.u_d2bfifo/u_dpscram/mem_reg_0
  -------------------------------------------------------------------
                         required time                         38.563    
                         arrival time                         -33.314    
  -------------------------------------------------------------------
                         slack                                  5.249    

Slack (MET) :             5.293ns  (required time - arrival time)
  Source:                 u_mwfil_chiftop/u_dut/u_fcc_fixpt/xUik_2_reg[0][2]/C
                            (rising edge-triggered cell FDCE clocked by clk_out1_clk_wiz_0  {rise@0.000ns fall@20.000ns period=40.000ns})
  Destination:            u_mwfil_chiftop/u_mwfil_chifcore/DUT2CHIF.u_d2bfifo/u_dpscram/mem_reg_0/DIBDI[16]
                            (rising edge-triggered cell RAMB36E1 clocked by clk_out1_clk_wiz_0  {rise@0.000ns fall@20.000ns period=40.000ns})
  Path Group:             clk_out1_clk_wiz_0
  Path Type:              Setup (Max at Slow Process Corner)
  Requirement:            40.000ns  (clk_out1_clk_wiz_0 rise@40.000ns - clk_out1_clk_wiz_0 rise@0.000ns)
  Data Path Delay:        34.367ns  (logic 21.587ns (62.813%)  route 12.780ns (37.187%))
  Logic Levels:           36  (CARRY4=21 DSP48E1=3 LUT1=1 LUT2=5 LUT3=4 LUT4=2)
  Clock Path Skew:        -0.002ns (DCD - SCD + CPR)
    Destination Clock Delay (DCD):    -1.454ns = ( 38.546 - 40.000 ) 
    Source Clock Delay      (SCD):    -0.893ns
    Clock Pessimism Removal (CPR):    0.559ns
  Clock Uncertainty:      0.098ns  ((TSJ^2 + DJ^2)^1/2) / 2 + PE
    Total System Jitter     (TSJ):    0.071ns
    Discrete Jitter          (DJ):    0.182ns
    Phase Error              (PE):    0.000ns

    Location             Delay type                Incr(ns)  Path(ns)    Netlist Resource(s)
  -------------------------------------------------------------------    -------------------
                         (clock clk_out1_clk_wiz_0 rise edge)
                                                      0.000     0.000 r  
    E3                                                0.000     0.000 r  sysclk (IN)
                         net (fo=0)                   0.000     0.000    u_clk_wiz_0/inst/clk_in1
    E3                   IBUF (Prop_ibuf_I_O)         1.482     1.482 r  u_clk_wiz_0/inst/clkin1_ibufg/O
                         net (fo=1, routed)           1.233     2.715    u_clk_wiz_0/inst/clk_in1_clk_wiz_0
    MMCME2_ADV_X1Y2      MMCME2_ADV (Prop_mmcme2_adv_CLKIN1_CLKOUT0)
                                                     -7.070    -4.355 r  u_clk_wiz_0/inst/mmcm_adv_inst/CLKOUT0
                         net (fo=1, routed)           1.719    -2.636    u_clk_wiz_0/inst/clk_out1_clk_wiz_0
    BUFGCTRL_X0Y16       BUFG (Prop_bufg_I_O)         0.096    -2.540 r  u_clk_wiz_0/inst/clkout1_buf/O
                         net (fo=852, routed)         1.647    -0.893    u_mwfil_chiftop/u_dut/u_fcc_fixpt/clk_out1
    SLICE_X11Y53         FDCE                                         r  u_mwfil_chiftop/u_dut/u_fcc_fixpt/xUik_2_reg[0][2]/C
  -------------------------------------------------------------------    -------------------
    SLICE_X11Y53         FDCE (Prop_fdce_C_Q)         0.456    -0.437 r  u_mwfil_chiftop/u_dut/u_fcc_fixpt/xUik_2_reg[0][2]/Q
                         net (fo=2, routed)           0.863     0.427    u_mwfil_chiftop/u_dut/u_fcc_fixpt/xUik_2_reg[0]_3[2]
    DSP48_X0Y20          DSP48E1 (Prop_dsp48e1_A[2]_PCOUT[47])
                                                      4.036     4.463 r  u_mwfil_chiftop/u_dut/u_fcc_fixpt/ARG/PCOUT[47]
                         net (fo=1, routed)           0.002     4.465    u_mwfil_chiftop/u_dut/u_fcc_fixpt/ARG_n_106
    DSP48_X0Y21          DSP48E1 (Prop_dsp48e1_PCIN[47]_P[0])
                                                      1.518     5.983 r  u_mwfil_chiftop/u_dut/u_fcc_fixpt/ARG__0/P[0]
                         net (fo=2, routed)           0.999     6.981    u_mwfil_chiftop/u_dut/u_fcc_fixpt/ARG__0_n_105
    SLICE_X11Y45         LUT2 (Prop_lut2_I0_O)        0.124     7.105 r  u_mwfil_chiftop/u_dut/u_fcc_fixpt/xXik_reg[0]0_carry__3_i_3/O
                         net (fo=1, routed)           0.000     7.105    u_mwfil_chiftop/u_dut/u_fcc_fixpt/xXik_reg[0]0_carry__3_i_3_n_0
    SLICE_X11Y45         CARRY4 (Prop_carry4_S[1]_CO[3])
                                                      0.550     7.655 r  u_mwfil_chiftop/u_dut/u_fcc_fixpt/xXik_reg[0]0_carry__3/CO[3]
                         net (fo=1, routed)           0.000     7.655    u_mwfil_chiftop/u_dut/u_fcc_fixpt/xXik_reg[0]0_carry__3_n_0
    SLICE_X11Y46         CARRY4 (Prop_carry4_CI_O[1])
                                                      0.348     8.003 f  u_mwfil_chiftop/u_dut/u_fcc_fixpt/xXik_reg[0]0_carry__4/O[1]
                         net (fo=2, routed)           0.479     8.482    u_mwfil_chiftop/u_dut/u_fcc_fixpt/xXik_reg[0]0[21]
    SLICE_X10Y47         LUT1 (Prop_lut1_I0_O)        0.303     8.785 r  u_mwfil_chiftop/u_dut/u_fcc_fixpt/RESIZE1_carry_i_3/O
                         net (fo=1, routed)           0.000     8.785    u_mwfil_chiftop/u_dut/u_fcc_fixpt/RESIZE1_carry_i_3_n_0
    SLICE_X10Y47         CARRY4 (Prop_carry4_S[1]_CO[3])
                                                      0.533     9.318 r  u_mwfil_chiftop/u_dut/u_fcc_fixpt/RESIZE1_carry/CO[3]
                         net (fo=1, routed)           0.000     9.318    u_mwfil_chiftop/u_dut/u_fcc_fixpt/RESIZE1_carry_n_0
    SLICE_X10Y48         CARRY4 (Prop_carry4_CI_O[1])
                                                      0.323     9.641 r  u_mwfil_chiftop/u_dut/u_fcc_fixpt/RESIZE1_carry__0/O[1]
                         net (fo=15, routed)          0.888    10.530    u_mwfil_chiftop/u_dut/u_fcc_fixpt/RESIZE1[5]
    SLICE_X5Y48          LUT2 (Prop_lut2_I0_O)        0.306    10.836 r  u_mwfil_chiftop/u_dut/u_fcc_fixpt/RESIZE0__121_carry__1_i_4/O
                         net (fo=1, routed)           0.000    10.836    u_mwfil_chiftop/u_dut/u_fcc_fixpt/RESIZE0__121_carry__1_i_4_n_0
    SLICE_X5Y48          CARRY4 (Prop_carry4_S[0]_CO[3])
                                                      0.532    11.368 r  u_mwfil_chiftop/u_dut/u_fcc_fixpt/RESIZE0__121_carry__1/CO[3]
                         net (fo=1, routed)           0.000    11.368    u_mwfil_chiftop/u_dut/u_fcc_fixpt/RESIZE0__121_carry__1_n_0
    SLICE_X5Y49          CARRY4 (Prop_carry4_CI_O[2])
                                                      0.239    11.607 r  u_mwfil_chiftop/u_dut/u_fcc_fixpt/RESIZE0__121_carry__2/O[2]
                         net (fo=2, routed)           0.963    12.569    u_mwfil_chiftop/u_dut/u_fcc_fixpt/RESIZE0__121_carry__2_n_5
    SLICE_X8Y49          LUT3 (Prop_lut3_I1_O)        0.331    12.900 r  u_mwfil_chiftop/u_dut/u_fcc_fixpt/RESIZE0__730_carry__2_i_1/O
                         net (fo=2, routed)           0.822    13.723    u_mwfil_chiftop/u_dut/u_fcc_fixpt/RESIZE0__730_carry__2_i_1_n_0
    SLICE_X8Y49          LUT4 (Prop_lut4_I3_O)        0.331    14.054 r  u_mwfil_chiftop/u_dut/u_fcc_fixpt/RESIZE0__730_carry__2_i_5/O
                         net (fo=1, routed)           0.000    14.054    u_mwfil_chiftop/u_dut/u_fcc_fixpt/RESIZE0__730_carry__2_i_5_n_0
    SLICE_X8Y49          CARRY4 (Prop_carry4_S[3]_CO[3])
                                                      0.376    14.430 r  u_mwfil_chiftop/u_dut/u_fcc_fixpt/RESIZE0__730_carry__2/CO[3]
                         net (fo=1, routed)           0.001    14.430    u_mwfil_chiftop/u_dut/u_fcc_fixpt/RESIZE0__730_carry__2_n_0
    SLICE_X8Y50          CARRY4 (Prop_carry4_CI_O[3])
                                                      0.315    14.745 r  u_mwfil_chiftop/u_dut/u_fcc_fixpt/RESIZE0__730_carry__3/O[3]
                         net (fo=2, routed)           0.974    15.719    u_mwfil_chiftop/u_dut/u_fcc_fixpt/RESIZE0__730_carry__3_n_4
    SLICE_X15Y49         LUT3 (Prop_lut3_I0_O)        0.332    16.051 r  u_mwfil_chiftop/u_dut/u_fcc_fixpt/RESIZE0__851_carry__4_i_4/O
                         net (fo=2, routed)           0.789    16.840    u_mwfil_chiftop/u_dut/u_fcc_fixpt/RESIZE0__851_carry__4_i_4_n_0
    SLICE_X15Y50         LUT4 (Prop_lut4_I3_O)        0.332    17.172 r  u_mwfil_chiftop/u_dut/u_fcc_fixpt/RESIZE0__851_carry__4_i_8/O
                         net (fo=1, routed)           0.000    17.172    u_mwfil_chiftop/u_dut/u_fcc_fixpt/RESIZE0__851_carry__4_i_8_n_0
    SLICE_X15Y50         CARRY4 (Prop_carry4_S[0]_CO[3])
                                                      0.532    17.704 r  u_mwfil_chiftop/u_dut/u_fcc_fixpt/RESIZE0__851_carry__4/CO[3]
                         net (fo=1, routed)           0.000    17.704    u_mwfil_chiftop/u_dut/u_fcc_fixpt/RESIZE0__851_carry__4_n_0
    SLICE_X15Y51         CARRY4 (Prop_carry4_CI_CO[3])
                                                      0.114    17.818 r  u_mwfil_chiftop/u_dut/u_fcc_fixpt/RESIZE0__851_carry__5/CO[3]
                         net (fo=1, routed)           0.000    17.818    u_mwfil_chiftop/u_dut/u_fcc_fixpt/RESIZE0__851_carry__5_n_0
    SLICE_X15Y52         CARRY4 (Prop_carry4_CI_O[3])
                                                      0.313    18.131 f  u_mwfil_chiftop/u_dut/u_fcc_fixpt/RESIZE0__851_carry__6/O[3]
                         net (fo=2, routed)           0.785    18.916    u_mwfil_chiftop/u_dut/u_fcc_fixpt/xUik[0]_0[11]
    SLICE_X13Y55         LUT2 (Prop_lut2_I0_O)        0.306    19.222 r  u_mwfil_chiftop/u_dut/u_fcc_fixpt/tmp1__4_carry__0_i_3/O
                         net (fo=1, routed)           0.000    19.222    u_mwfil_chiftop/u_dut/u_fcc_fixpt/tmp1__4_carry__0_i_3_n_0
    SLICE_X13Y55         CARRY4 (Prop_carry4_S[1]_CO[3])
                                                      0.550    19.772 r  u_mwfil_chiftop/u_dut/u_fcc_fixpt/tmp1__4_carry__0/CO[3]
                         net (fo=1, routed)           0.000    19.772    u_mwfil_chiftop/u_dut/u_fcc_fixpt/tmp1__4_carry__0_n_0
    SLICE_X13Y56         CARRY4 (Prop_carry4_CI_CO[2])
                                                      0.228    20.000 f  u_mwfil_chiftop/u_dut/u_fcc_fixpt/tmp1__4_carry__1/CO[2]
                         net (fo=21, routed)          0.903    20.903    u_mwfil_chiftop/u_dut/u_fcc_fixpt/x_1
    SLICE_X14Y54         LUT2 (Prop_lut2_I0_O)        0.339    21.242 r  u_mwfil_chiftop/u_dut/u_fcc_fixpt/mem_reg_1_i_21/O
                         net (fo=4, routed)           0.866    22.107    u_mwfil_chiftop/u_dut/u_fcc_fixpt/wr_din[61]
    DSP48_X0Y23          DSP48E1 (Prop_dsp48e1_D[7]_P[1])
                                                      5.294    27.401 f  u_mwfil_chiftop/u_dut/u_fcc_fixpt/p20D2_aux_mul_temp/P[1]
                         net (fo=5, routed)           0.995    28.396    u_mwfil_chiftop/u_dut/u_fcc_fixpt/p20D2_aux_mul_temp__0[1]
    SLICE_X11Y57         LUT2 (Prop_lut2_I0_O)        0.124    28.520 r  u_mwfil_chiftop/u_dut/u_fcc_fixpt/tmp_121__4_carry_i_8/O
                         net (fo=1, routed)           0.000    28.520    u_mwfil_chiftop/u_dut/u_fcc_fixpt/tmp_121__4_carry_i_8_n_0
    SLICE_X11Y57         CARRY4 (Prop_carry4_S[0]_CO[3])
                                                      0.532    29.052 r  u_mwfil_chiftop/u_dut/u_fcc_fixpt/tmp_121__4_carry/CO[3]
                         net (fo=1, routed)           0.000    29.052    u_mwfil_chiftop/u_dut/u_fcc_fixpt/tmp_121__4_carry_n_0
    SLICE_X11Y58         CARRY4 (Prop_carry4_CI_CO[3])
                                                      0.114    29.166 r  u_mwfil_chiftop/u_dut/u_fcc_fixpt/tmp_121__4_carry__0/CO[3]
                         net (fo=1, routed)           0.000    29.166    u_mwfil_chiftop/u_dut/u_fcc_fixpt/tmp_121__4_carry__0_n_0
    SLICE_X11Y59         CARRY4 (Prop_carry4_CI_CO[3])
                                                      0.114    29.280 r  u_mwfil_chiftop/u_dut/u_fcc_fixpt/tmp_121__4_carry__1/CO[3]
                         net (fo=1, routed)           0.000    29.280    u_mwfil_chiftop/u_dut/u_fcc_fixpt/tmp_121__4_carry__1_n_0
    SLICE_X11Y60         CARRY4 (Prop_carry4_CI_CO[1])
                                                      0.157    29.437 r  u_mwfil_chiftop/u_dut/u_fcc_fixpt/tmp_121__4_carry__2/CO[1]
                         net (fo=55, routed)          0.802    30.239    u_mwfil_chiftop/u_dut/u_fcc_fixpt/D2_aux_1
    SLICE_X10Y57         LUT3 (Prop_lut3_I1_O)        0.329    30.568 r  u_mwfil_chiftop/u_dut/u_fcc_fixpt/tmp_131__4_carry_i_7/O
                         net (fo=1, routed)           0.000    30.568    u_mwfil_chiftop/u_dut/u_fcc_fixpt/tmp_131__4_carry_i_7_n_0
    SLICE_X10Y57         CARRY4 (Prop_carry4_S[1]_CO[3])
                                                      0.533    31.101 r  u_mwfil_chiftop/u_dut/u_fcc_fixpt/tmp_131__4_carry/CO[3]
                         net (fo=1, routed)           0.000    31.101    u_mwfil_chiftop/u_dut/u_fcc_fixpt/tmp_131__4_carry_n_0
    SLICE_X10Y58         CARRY4 (Prop_carry4_CI_CO[3])
                                                      0.117    31.218 r  u_mwfil_chiftop/u_dut/u_fcc_fixpt/tmp_131__4_carry__0/CO[3]
                         net (fo=1, routed)           0.000    31.218    u_mwfil_chiftop/u_dut/u_fcc_fixpt/tmp_131__4_carry__0_n_0
    SLICE_X10Y59         CARRY4 (Prop_carry4_CI_CO[3])
                                                      0.117    31.335 r  u_mwfil_chiftop/u_dut/u_fcc_fixpt/tmp_131__4_carry__1/CO[3]
                         net (fo=1, routed)           0.000    31.335    u_mwfil_chiftop/u_dut/u_fcc_fixpt/tmp_131__4_carry__1_n_0
    SLICE_X10Y60         CARRY4 (Prop_carry4_CI_CO[1])
                                                      0.157    31.492 r  u_mwfil_chiftop/u_dut/u_fcc_fixpt/tmp_131__4_carry__2/CO[1]
                         net (fo=27, routed)          1.065    32.557    u_mwfil_chiftop/u_dut/u_fcc_fixpt/s_1
    SLICE_X10Y56         LUT3 (Prop_lut3_I0_O)        0.332    32.889 r  u_mwfil_chiftop/u_dut/u_fcc_fixpt/mem_reg_0_i_36/O
                         net (fo=1, routed)           0.585    33.474    u_mwfil_chiftop/u_mwfil_chifcore/DUT2CHIF.u_d2bfifo/u_dpscram/wr_din[36]
    RAMB36_X0Y11         RAMB36E1                                     r  u_mwfil_chiftop/u_mwfil_chifcore/DUT2CHIF.u_d2bfifo/u_dpscram/mem_reg_0/DIBDI[16]
  -------------------------------------------------------------------    -------------------

                         (clock clk_out1_clk_wiz_0 rise edge)
                                                     40.000    40.000 r  
    E3                                                0.000    40.000 r  sysclk (IN)
                         net (fo=0)                   0.000    40.000    u_clk_wiz_0/inst/clk_in1
    E3                   IBUF (Prop_ibuf_I_O)         1.411    41.411 r  u_clk_wiz_0/inst/clkin1_ibufg/O
                         net (fo=1, routed)           1.162    42.573    u_clk_wiz_0/inst/clk_in1_clk_wiz_0
    MMCME2_ADV_X1Y2      MMCME2_ADV (Prop_mmcme2_adv_CLKIN1_CLKOUT0)
                                                     -7.324    35.249 r  u_clk_wiz_0/inst/mmcm_adv_inst/CLKOUT0
                         net (fo=1, routed)           1.639    36.888    u_clk_wiz_0/inst/clk_out1_clk_wiz_0
    BUFGCTRL_X0Y16       BUFG (Prop_bufg_I_O)         0.091    36.979 r  u_clk_wiz_0/inst/clkout1_buf/O
                         net (fo=852, routed)         1.567    38.546    u_mwfil_chiftop/u_mwfil_chifcore/DUT2CHIF.u_d2bfifo/u_dpscram/clk_out1
    RAMB36_X0Y11         RAMB36E1                                     r  u_mwfil_chiftop/u_mwfil_chifcore/DUT2CHIF.u_d2bfifo/u_dpscram/mem_reg_0/CLKBWRCLK
                         clock pessimism              0.559    39.106    
                         clock uncertainty           -0.098    39.008    
    RAMB36_X0Y11         RAMB36E1 (Setup_ramb36e1_CLKBWRCLK_DIBDI[16])
                                                     -0.241    38.767    u_mwfil_chiftop/u_mwfil_chifcore/DUT2CHIF.u_d2bfifo/u_dpscram/mem_reg_0
  -------------------------------------------------------------------
                         required time                         38.767    
                         arrival time                         -33.474    
  -------------------------------------------------------------------
                         slack                                  5.293    

Slack (MET) :             5.300ns  (required time - arrival time)
  Source:                 u_mwfil_chiftop/u_dut/u_fcc_fixpt/xUik_2_reg[0][2]/C
                            (rising edge-triggered cell FDCE clocked by clk_out1_clk_wiz_0  {rise@0.000ns fall@20.000ns period=40.000ns})
  Destination:            u_mwfil_chiftop/u_mwfil_chifcore/DUT2CHIF.u_d2bfifo/u_dpscram/mem_reg_0/DIBDI[23]
                            (rising edge-triggered cell RAMB36E1 clocked by clk_out1_clk_wiz_0  {rise@0.000ns fall@20.000ns period=40.000ns})
  Path Group:             clk_out1_clk_wiz_0
  Path Type:              Setup (Max at Slow Process Corner)
  Requirement:            40.000ns  (clk_out1_clk_wiz_0 rise@40.000ns - clk_out1_clk_wiz_0 rise@0.000ns)
  Data Path Delay:        34.157ns  (logic 21.616ns (63.285%)  route 12.541ns (36.715%))
  Logic Levels:           36  (CARRY4=21 DSP48E1=3 LUT1=1 LUT2=5 LUT3=4 LUT4=2)
  Clock Path Skew:        -0.002ns (DCD - SCD + CPR)
    Destination Clock Delay (DCD):    -1.454ns = ( 38.546 - 40.000 ) 
    Source Clock Delay      (SCD):    -0.893ns
    Clock Pessimism Removal (CPR):    0.559ns
  Clock Uncertainty:      0.098ns  ((TSJ^2 + DJ^2)^1/2) / 2 + PE
    Total System Jitter     (TSJ):    0.071ns
    Discrete Jitter          (DJ):    0.182ns
    Phase Error              (PE):    0.000ns

    Location             Delay type                Incr(ns)  Path(ns)    Netlist Resource(s)
  -------------------------------------------------------------------    -------------------
                         (clock clk_out1_clk_wiz_0 rise edge)
                                                      0.000     0.000 r  
    E3                                                0.000     0.000 r  sysclk (IN)
                         net (fo=0)                   0.000     0.000    u_clk_wiz_0/inst/clk_in1
    E3                   IBUF (Prop_ibuf_I_O)         1.482     1.482 r  u_clk_wiz_0/inst/clkin1_ibufg/O
                         net (fo=1, routed)           1.233     2.715    u_clk_wiz_0/inst/clk_in1_clk_wiz_0
    MMCME2_ADV_X1Y2      MMCME2_ADV (Prop_mmcme2_adv_CLKIN1_CLKOUT0)
                                                     -7.070    -4.355 r  u_clk_wiz_0/inst/mmcm_adv_inst/CLKOUT0
                         net (fo=1, routed)           1.719    -2.636    u_clk_wiz_0/inst/clk_out1_clk_wiz_0
    BUFGCTRL_X0Y16       BUFG (Prop_bufg_I_O)         0.096    -2.540 r  u_clk_wiz_0/inst/clkout1_buf/O
                         net (fo=852, routed)         1.647    -0.893    u_mwfil_chiftop/u_dut/u_fcc_fixpt/clk_out1
    SLICE_X11Y53         FDCE                                         r  u_mwfil_chiftop/u_dut/u_fcc_fixpt/xUik_2_reg[0][2]/C
  -------------------------------------------------------------------    -------------------
    SLICE_X11Y53         FDCE (Prop_fdce_C_Q)         0.456    -0.437 r  u_mwfil_chiftop/u_dut/u_fcc_fixpt/xUik_2_reg[0][2]/Q
                         net (fo=2, routed)           0.863     0.427    u_mwfil_chiftop/u_dut/u_fcc_fixpt/xUik_2_reg[0]_3[2]
    DSP48_X0Y20          DSP48E1 (Prop_dsp48e1_A[2]_PCOUT[47])
                                                      4.036     4.463 r  u_mwfil_chiftop/u_dut/u_fcc_fixpt/ARG/PCOUT[47]
                         net (fo=1, routed)           0.002     4.465    u_mwfil_chiftop/u_dut/u_fcc_fixpt/ARG_n_106
    DSP48_X0Y21          DSP48E1 (Prop_dsp48e1_PCIN[47]_P[0])
                                                      1.518     5.983 r  u_mwfil_chiftop/u_dut/u_fcc_fixpt/ARG__0/P[0]
                         net (fo=2, routed)           0.999     6.981    u_mwfil_chiftop/u_dut/u_fcc_fixpt/ARG__0_n_105
    SLICE_X11Y45         LUT2 (Prop_lut2_I0_O)        0.124     7.105 r  u_mwfil_chiftop/u_dut/u_fcc_fixpt/xXik_reg[0]0_carry__3_i_3/O
                         net (fo=1, routed)           0.000     7.105    u_mwfil_chiftop/u_dut/u_fcc_fixpt/xXik_reg[0]0_carry__3_i_3_n_0
    SLICE_X11Y45         CARRY4 (Prop_carry4_S[1]_CO[3])
                                                      0.550     7.655 r  u_mwfil_chiftop/u_dut/u_fcc_fixpt/xXik_reg[0]0_carry__3/CO[3]
                         net (fo=1, routed)           0.000     7.655    u_mwfil_chiftop/u_dut/u_fcc_fixpt/xXik_reg[0]0_carry__3_n_0
    SLICE_X11Y46         CARRY4 (Prop_carry4_CI_O[1])
                                                      0.348     8.003 f  u_mwfil_chiftop/u_dut/u_fcc_fixpt/xXik_reg[0]0_carry__4/O[1]
                         net (fo=2, routed)           0.479     8.482    u_mwfil_chiftop/u_dut/u_fcc_fixpt/xXik_reg[0]0[21]
    SLICE_X10Y47         LUT1 (Prop_lut1_I0_O)        0.303     8.785 r  u_mwfil_chiftop/u_dut/u_fcc_fixpt/RESIZE1_carry_i_3/O
                         net (fo=1, routed)           0.000     8.785    u_mwfil_chiftop/u_dut/u_fcc_fixpt/RESIZE1_carry_i_3_n_0
    SLICE_X10Y47         CARRY4 (Prop_carry4_S[1]_CO[3])
                                                      0.533     9.318 r  u_mwfil_chiftop/u_dut/u_fcc_fixpt/RESIZE1_carry/CO[3]
                         net (fo=1, routed)           0.000     9.318    u_mwfil_chiftop/u_dut/u_fcc_fixpt/RESIZE1_carry_n_0
    SLICE_X10Y48         CARRY4 (Prop_carry4_CI_O[1])
                                                      0.323     9.641 r  u_mwfil_chiftop/u_dut/u_fcc_fixpt/RESIZE1_carry__0/O[1]
                         net (fo=15, routed)          0.888    10.530    u_mwfil_chiftop/u_dut/u_fcc_fixpt/RESIZE1[5]
    SLICE_X5Y48          LUT2 (Prop_lut2_I0_O)        0.306    10.836 r  u_mwfil_chiftop/u_dut/u_fcc_fixpt/RESIZE0__121_carry__1_i_4/O
                         net (fo=1, routed)           0.000    10.836    u_mwfil_chiftop/u_dut/u_fcc_fixpt/RESIZE0__121_carry__1_i_4_n_0
    SLICE_X5Y48          CARRY4 (Prop_carry4_S[0]_CO[3])
                                                      0.532    11.368 r  u_mwfil_chiftop/u_dut/u_fcc_fixpt/RESIZE0__121_carry__1/CO[3]
                         net (fo=1, routed)           0.000    11.368    u_mwfil_chiftop/u_dut/u_fcc_fixpt/RESIZE0__121_carry__1_n_0
    SLICE_X5Y49          CARRY4 (Prop_carry4_CI_O[2])
                                                      0.239    11.607 r  u_mwfil_chiftop/u_dut/u_fcc_fixpt/RESIZE0__121_carry__2/O[2]
                         net (fo=2, routed)           0.963    12.569    u_mwfil_chiftop/u_dut/u_fcc_fixpt/RESIZE0__121_carry__2_n_5
    SLICE_X8Y49          LUT3 (Prop_lut3_I1_O)        0.331    12.900 r  u_mwfil_chiftop/u_dut/u_fcc_fixpt/RESIZE0__730_carry__2_i_1/O
                         net (fo=2, routed)           0.822    13.723    u_mwfil_chiftop/u_dut/u_fcc_fixpt/RESIZE0__730_carry__2_i_1_n_0
    SLICE_X8Y49          LUT4 (Prop_lut4_I3_O)        0.331    14.054 r  u_mwfil_chiftop/u_dut/u_fcc_fixpt/RESIZE0__730_carry__2_i_5/O
                         net (fo=1, routed)           0.000    14.054    u_mwfil_chiftop/u_dut/u_fcc_fixpt/RESIZE0__730_carry__2_i_5_n_0
    SLICE_X8Y49          CARRY4 (Prop_carry4_S[3]_CO[3])
                                                      0.376    14.430 r  u_mwfil_chiftop/u_dut/u_fcc_fixpt/RESIZE0__730_carry__2/CO[3]
                         net (fo=1, routed)           0.001    14.430    u_mwfil_chiftop/u_dut/u_fcc_fixpt/RESIZE0__730_carry__2_n_0
    SLICE_X8Y50          CARRY4 (Prop_carry4_CI_O[3])
                                                      0.315    14.745 r  u_mwfil_chiftop/u_dut/u_fcc_fixpt/RESIZE0__730_carry__3/O[3]
                         net (fo=2, routed)           0.974    15.719    u_mwfil_chiftop/u_dut/u_fcc_fixpt/RESIZE0__730_carry__3_n_4
    SLICE_X15Y49         LUT3 (Prop_lut3_I0_O)        0.332    16.051 r  u_mwfil_chiftop/u_dut/u_fcc_fixpt/RESIZE0__851_carry__4_i_4/O
                         net (fo=2, routed)           0.789    16.840    u_mwfil_chiftop/u_dut/u_fcc_fixpt/RESIZE0__851_carry__4_i_4_n_0
    SLICE_X15Y50         LUT4 (Prop_lut4_I3_O)        0.332    17.172 r  u_mwfil_chiftop/u_dut/u_fcc_fixpt/RESIZE0__851_carry__4_i_8/O
                         net (fo=1, routed)           0.000    17.172    u_mwfil_chiftop/u_dut/u_fcc_fixpt/RESIZE0__851_carry__4_i_8_n_0
    SLICE_X15Y50         CARRY4 (Prop_carry4_S[0]_CO[3])
                                                      0.532    17.704 r  u_mwfil_chiftop/u_dut/u_fcc_fixpt/RESIZE0__851_carry__4/CO[3]
                         net (fo=1, routed)           0.000    17.704    u_mwfil_chiftop/u_dut/u_fcc_fixpt/RESIZE0__851_carry__4_n_0
    SLICE_X15Y51         CARRY4 (Prop_carry4_CI_CO[3])
                                                      0.114    17.818 r  u_mwfil_chiftop/u_dut/u_fcc_fixpt/RESIZE0__851_carry__5/CO[3]
                         net (fo=1, routed)           0.000    17.818    u_mwfil_chiftop/u_dut/u_fcc_fixpt/RESIZE0__851_carry__5_n_0
    SLICE_X15Y52         CARRY4 (Prop_carry4_CI_O[3])
                                                      0.313    18.131 f  u_mwfil_chiftop/u_dut/u_fcc_fixpt/RESIZE0__851_carry__6/O[3]
                         net (fo=2, routed)           0.785    18.916    u_mwfil_chiftop/u_dut/u_fcc_fixpt/xUik[0]_0[11]
    SLICE_X13Y55         LUT2 (Prop_lut2_I0_O)        0.306    19.222 r  u_mwfil_chiftop/u_dut/u_fcc_fixpt/tmp1__4_carry__0_i_3/O
                         net (fo=1, routed)           0.000    19.222    u_mwfil_chiftop/u_dut/u_fcc_fixpt/tmp1__4_carry__0_i_3_n_0
    SLICE_X13Y55         CARRY4 (Prop_carry4_S[1]_CO[3])
                                                      0.550    19.772 r  u_mwfil_chiftop/u_dut/u_fcc_fixpt/tmp1__4_carry__0/CO[3]
                         net (fo=1, routed)           0.000    19.772    u_mwfil_chiftop/u_dut/u_fcc_fixpt/tmp1__4_carry__0_n_0
    SLICE_X13Y56         CARRY4 (Prop_carry4_CI_CO[2])
                                                      0.228    20.000 f  u_mwfil_chiftop/u_dut/u_fcc_fixpt/tmp1__4_carry__1/CO[2]
                         net (fo=21, routed)          0.903    20.903    u_mwfil_chiftop/u_dut/u_fcc_fixpt/x_1
    SLICE_X14Y54         LUT2 (Prop_lut2_I0_O)        0.339    21.242 r  u_mwfil_chiftop/u_dut/u_fcc_fixpt/mem_reg_1_i_21/O
                         net (fo=4, routed)           0.866    22.107    u_mwfil_chiftop/u_dut/u_fcc_fixpt/wr_din[61]
    DSP48_X0Y23          DSP48E1 (Prop_dsp48e1_D[7]_P[1])
                                                      5.294    27.401 f  u_mwfil_chiftop/u_dut/u_fcc_fixpt/p20D2_aux_mul_temp/P[1]
                         net (fo=5, routed)           0.995    28.396    u_mwfil_chiftop/u_dut/u_fcc_fixpt/p20D2_aux_mul_temp__0[1]
    SLICE_X11Y57         LUT2 (Prop_lut2_I0_O)        0.124    28.520 r  u_mwfil_chiftop/u_dut/u_fcc_fixpt/tmp_121__4_carry_i_8/O
                         net (fo=1, routed)           0.000    28.520    u_mwfil_chiftop/u_dut/u_fcc_fixpt/tmp_121__4_carry_i_8_n_0
    SLICE_X11Y57         CARRY4 (Prop_carry4_S[0]_CO[3])
                                                      0.532    29.052 r  u_mwfil_chiftop/u_dut/u_fcc_fixpt/tmp_121__4_carry/CO[3]
                         net (fo=1, routed)           0.000    29.052    u_mwfil_chiftop/u_dut/u_fcc_fixpt/tmp_121__4_carry_n_0
    SLICE_X11Y58         CARRY4 (Prop_carry4_CI_CO[3])
                                                      0.114    29.166 r  u_mwfil_chiftop/u_dut/u_fcc_fixpt/tmp_121__4_carry__0/CO[3]
                         net (fo=1, routed)           0.000    29.166    u_mwfil_chiftop/u_dut/u_fcc_fixpt/tmp_121__4_carry__0_n_0
    SLICE_X11Y59         CARRY4 (Prop_carry4_CI_CO[3])
                                                      0.114    29.280 r  u_mwfil_chiftop/u_dut/u_fcc_fixpt/tmp_121__4_carry__1/CO[3]
                         net (fo=1, routed)           0.000    29.280    u_mwfil_chiftop/u_dut/u_fcc_fixpt/tmp_121__4_carry__1_n_0
    SLICE_X11Y60         CARRY4 (Prop_carry4_CI_CO[1])
                                                      0.157    29.437 r  u_mwfil_chiftop/u_dut/u_fcc_fixpt/tmp_121__4_carry__2/CO[1]
                         net (fo=55, routed)          0.802    30.239    u_mwfil_chiftop/u_dut/u_fcc_fixpt/D2_aux_1
    SLICE_X10Y57         LUT3 (Prop_lut3_I1_O)        0.329    30.568 r  u_mwfil_chiftop/u_dut/u_fcc_fixpt/tmp_131__4_carry_i_7/O
                         net (fo=1, routed)           0.000    30.568    u_mwfil_chiftop/u_dut/u_fcc_fixpt/tmp_131__4_carry_i_7_n_0
    SLICE_X10Y57         CARRY4 (Prop_carry4_S[1]_CO[3])
                                                      0.533    31.101 r  u_mwfil_chiftop/u_dut/u_fcc_fixpt/tmp_131__4_carry/CO[3]
                         net (fo=1, routed)           0.000    31.101    u_mwfil_chiftop/u_dut/u_fcc_fixpt/tmp_131__4_carry_n_0
    SLICE_X10Y58         CARRY4 (Prop_carry4_CI_CO[3])
                                                      0.117    31.218 r  u_mwfil_chiftop/u_dut/u_fcc_fixpt/tmp_131__4_carry__0/CO[3]
                         net (fo=1, routed)           0.000    31.218    u_mwfil_chiftop/u_dut/u_fcc_fixpt/tmp_131__4_carry__0_n_0
    SLICE_X10Y59         CARRY4 (Prop_carry4_CI_CO[3])
                                                      0.117    31.335 r  u_mwfil_chiftop/u_dut/u_fcc_fixpt/tmp_131__4_carry__1/CO[3]
                         net (fo=1, routed)           0.000    31.335    u_mwfil_chiftop/u_dut/u_fcc_fixpt/tmp_131__4_carry__1_n_0
    SLICE_X10Y60         CARRY4 (Prop_carry4_CI_CO[1])
                                                      0.157    31.492 r  u_mwfil_chiftop/u_dut/u_fcc_fixpt/tmp_131__4_carry__2/CO[1]
                         net (fo=27, routed)          0.969    32.462    u_mwfil_chiftop/u_dut/u_fcc_fixpt/s_1
    SLICE_X9Y58          LUT3 (Prop_lut3_I0_O)        0.361    32.823 r  u_mwfil_chiftop/u_dut/u_fcc_fixpt/mem_reg_0_i_29/O
                         net (fo=1, routed)           0.441    33.264    u_mwfil_chiftop/u_mwfil_chifcore/DUT2CHIF.u_d2bfifo/u_dpscram/wr_din[43]
    RAMB36_X0Y11         RAMB36E1                                     r  u_mwfil_chiftop/u_mwfil_chifcore/DUT2CHIF.u_d2bfifo/u_dpscram/mem_reg_0/DIBDI[23]
  -------------------------------------------------------------------    -------------------

                         (clock clk_out1_clk_wiz_0 rise edge)
                                                     40.000    40.000 r  
    E3                                                0.000    40.000 r  sysclk (IN)
                         net (fo=0)                   0.000    40.000    u_clk_wiz_0/inst/clk_in1
    E3                   IBUF (Prop_ibuf_I_O)         1.411    41.411 r  u_clk_wiz_0/inst/clkin1_ibufg/O
                         net (fo=1, routed)           1.162    42.573    u_clk_wiz_0/inst/clk_in1_clk_wiz_0
    MMCME2_ADV_X1Y2      MMCME2_ADV (Prop_mmcme2_adv_CLKIN1_CLKOUT0)
                                                     -7.324    35.249 r  u_clk_wiz_0/inst/mmcm_adv_inst/CLKOUT0
                         net (fo=1, routed)           1.639    36.888    u_clk_wiz_0/inst/clk_out1_clk_wiz_0
    BUFGCTRL_X0Y16       BUFG (Prop_bufg_I_O)         0.091    36.979 r  u_clk_wiz_0/inst/clkout1_buf/O
                         net (fo=852, routed)         1.567    38.546    u_mwfil_chiftop/u_mwfil_chifcore/DUT2CHIF.u_d2bfifo/u_dpscram/clk_out1
    RAMB36_X0Y11         RAMB36E1                                     r  u_mwfil_chiftop/u_mwfil_chifcore/DUT2CHIF.u_d2bfifo/u_dpscram/mem_reg_0/CLKBWRCLK
                         clock pessimism              0.559    39.106    
                         clock uncertainty           -0.098    39.008    
    RAMB36_X0Y11         RAMB36E1 (Setup_ramb36e1_CLKBWRCLK_DIBDI[23])
                                                     -0.444    38.564    u_mwfil_chiftop/u_mwfil_chifcore/DUT2CHIF.u_d2bfifo/u_dpscram/mem_reg_0
  -------------------------------------------------------------------
                         required time                         38.564    
                         arrival time                         -33.264    
  -------------------------------------------------------------------
                         slack                                  5.300    

Slack (MET) :             5.406ns  (required time - arrival time)
  Source:                 u_mwfil_chiftop/u_dut/u_fcc_fixpt/xUik_2_reg[0][2]/C
                            (rising edge-triggered cell FDCE clocked by clk_out1_clk_wiz_0  {rise@0.000ns fall@20.000ns period=40.000ns})
  Destination:            u_mwfil_chiftop/u_mwfil_chifcore/DUT2CHIF.u_d2bfifo/u_dpscram/mem_reg_0/DIBDI[27]
                            (rising edge-triggered cell RAMB36E1 clocked by clk_out1_clk_wiz_0  {rise@0.000ns fall@20.000ns period=40.000ns})
  Path Group:             clk_out1_clk_wiz_0
  Path Type:              Setup (Max at Slow Process Corner)
  Requirement:            40.000ns  (clk_out1_clk_wiz_0 rise@40.000ns - clk_out1_clk_wiz_0 rise@0.000ns)
  Data Path Delay:        34.046ns  (logic 21.612ns (63.479%)  route 12.434ns (36.521%))
  Logic Levels:           36  (CARRY4=21 DSP48E1=3 LUT1=1 LUT2=5 LUT3=4 LUT4=2)
  Clock Path Skew:        -0.002ns (DCD - SCD + CPR)
    Destination Clock Delay (DCD):    -1.454ns = ( 38.546 - 40.000 ) 
    Source Clock Delay      (SCD):    -0.893ns
    Clock Pessimism Removal (CPR):    0.559ns
  Clock Uncertainty:      0.098ns  ((TSJ^2 + DJ^2)^1/2) / 2 + PE
    Total System Jitter     (TSJ):    0.071ns
    Discrete Jitter          (DJ):    0.182ns
    Phase Error              (PE):    0.000ns

    Location             Delay type                Incr(ns)  Path(ns)    Netlist Resource(s)
  -------------------------------------------------------------------    -------------------
                         (clock clk_out1_clk_wiz_0 rise edge)
                                                      0.000     0.000 r  
    E3                                                0.000     0.000 r  sysclk (IN)
                         net (fo=0)                   0.000     0.000    u_clk_wiz_0/inst/clk_in1
    E3                   IBUF (Prop_ibuf_I_O)         1.482     1.482 r  u_clk_wiz_0/inst/clkin1_ibufg/O
                         net (fo=1, routed)           1.233     2.715    u_clk_wiz_0/inst/clk_in1_clk_wiz_0
    MMCME2_ADV_X1Y2      MMCME2_ADV (Prop_mmcme2_adv_CLKIN1_CLKOUT0)
                                                     -7.070    -4.355 r  u_clk_wiz_0/inst/mmcm_adv_inst/CLKOUT0
                         net (fo=1, routed)           1.719    -2.636    u_clk_wiz_0/inst/clk_out1_clk_wiz_0
    BUFGCTRL_X0Y16       BUFG (Prop_bufg_I_O)         0.096    -2.540 r  u_clk_wiz_0/inst/clkout1_buf/O
                         net (fo=852, routed)         1.647    -0.893    u_mwfil_chiftop/u_dut/u_fcc_fixpt/clk_out1
    SLICE_X11Y53         FDCE                                         r  u_mwfil_chiftop/u_dut/u_fcc_fixpt/xUik_2_reg[0][2]/C
  -------------------------------------------------------------------    -------------------
    SLICE_X11Y53         FDCE (Prop_fdce_C_Q)         0.456    -0.437 r  u_mwfil_chiftop/u_dut/u_fcc_fixpt/xUik_2_reg[0][2]/Q
                         net (fo=2, routed)           0.863     0.427    u_mwfil_chiftop/u_dut/u_fcc_fixpt/xUik_2_reg[0]_3[2]
    DSP48_X0Y20          DSP48E1 (Prop_dsp48e1_A[2]_PCOUT[47])
                                                      4.036     4.463 r  u_mwfil_chiftop/u_dut/u_fcc_fixpt/ARG/PCOUT[47]
                         net (fo=1, routed)           0.002     4.465    u_mwfil_chiftop/u_dut/u_fcc_fixpt/ARG_n_106
    DSP48_X0Y21          DSP48E1 (Prop_dsp48e1_PCIN[47]_P[0])
                                                      1.518     5.983 r  u_mwfil_chiftop/u_dut/u_fcc_fixpt/ARG__0/P[0]
                         net (fo=2, routed)           0.999     6.981    u_mwfil_chiftop/u_dut/u_fcc_fixpt/ARG__0_n_105
    SLICE_X11Y45         LUT2 (Prop_lut2_I0_O)        0.124     7.105 r  u_mwfil_chiftop/u_dut/u_fcc_fixpt/xXik_reg[0]0_carry__3_i_3/O
                         net (fo=1, routed)           0.000     7.105    u_mwfil_chiftop/u_dut/u_fcc_fixpt/xXik_reg[0]0_carry__3_i_3_n_0
    SLICE_X11Y45         CARRY4 (Prop_carry4_S[1]_CO[3])
                                                      0.550     7.655 r  u_mwfil_chiftop/u_dut/u_fcc_fixpt/xXik_reg[0]0_carry__3/CO[3]
                         net (fo=1, routed)           0.000     7.655    u_mwfil_chiftop/u_dut/u_fcc_fixpt/xXik_reg[0]0_carry__3_n_0
    SLICE_X11Y46         CARRY4 (Prop_carry4_CI_O[1])
                                                      0.348     8.003 f  u_mwfil_chiftop/u_dut/u_fcc_fixpt/xXik_reg[0]0_carry__4/O[1]
                         net (fo=2, routed)           0.479     8.482    u_mwfil_chiftop/u_dut/u_fcc_fixpt/xXik_reg[0]0[21]
    SLICE_X10Y47         LUT1 (Prop_lut1_I0_O)        0.303     8.785 r  u_mwfil_chiftop/u_dut/u_fcc_fixpt/RESIZE1_carry_i_3/O
                         net (fo=1, routed)           0.000     8.785    u_mwfil_chiftop/u_dut/u_fcc_fixpt/RESIZE1_carry_i_3_n_0
    SLICE_X10Y47         CARRY4 (Prop_carry4_S[1]_CO[3])
                                                      0.533     9.318 r  u_mwfil_chiftop/u_dut/u_fcc_fixpt/RESIZE1_carry/CO[3]
                         net (fo=1, routed)           0.000     9.318    u_mwfil_chiftop/u_dut/u_fcc_fixpt/RESIZE1_carry_n_0
    SLICE_X10Y48         CARRY4 (Prop_carry4_CI_O[1])
                                                      0.323     9.641 r  u_mwfil_chiftop/u_dut/u_fcc_fixpt/RESIZE1_carry__0/O[1]
                         net (fo=15, routed)          0.888    10.530    u_mwfil_chiftop/u_dut/u_fcc_fixpt/RESIZE1[5]
    SLICE_X5Y48          LUT2 (Prop_lut2_I0_O)        0.306    10.836 r  u_mwfil_chiftop/u_dut/u_fcc_fixpt/RESIZE0__121_carry__1_i_4/O
                         net (fo=1, routed)           0.000    10.836    u_mwfil_chiftop/u_dut/u_fcc_fixpt/RESIZE0__121_carry__1_i_4_n_0
    SLICE_X5Y48          CARRY4 (Prop_carry4_S[0]_CO[3])
                                                      0.532    11.368 r  u_mwfil_chiftop/u_dut/u_fcc_fixpt/RESIZE0__121_carry__1/CO[3]
                         net (fo=1, routed)           0.000    11.368    u_mwfil_chiftop/u_dut/u_fcc_fixpt/RESIZE0__121_carry__1_n_0
    SLICE_X5Y49          CARRY4 (Prop_carry4_CI_O[2])
                                                      0.239    11.607 r  u_mwfil_chiftop/u_dut/u_fcc_fixpt/RESIZE0__121_carry__2/O[2]
                         net (fo=2, routed)           0.963    12.569    u_mwfil_chiftop/u_dut/u_fcc_fixpt/RESIZE0__121_carry__2_n_5
    SLICE_X8Y49          LUT3 (Prop_lut3_I1_O)        0.331    12.900 r  u_mwfil_chiftop/u_dut/u_fcc_fixpt/RESIZE0__730_carry__2_i_1/O
                         net (fo=2, routed)           0.822    13.723    u_mwfil_chiftop/u_dut/u_fcc_fixpt/RESIZE0__730_carry__2_i_1_n_0
    SLICE_X8Y49          LUT4 (Prop_lut4_I3_O)        0.331    14.054 r  u_mwfil_chiftop/u_dut/u_fcc_fixpt/RESIZE0__730_carry__2_i_5/O
                         net (fo=1, routed)           0.000    14.054    u_mwfil_chiftop/u_dut/u_fcc_fixpt/RESIZE0__730_carry__2_i_5_n_0
    SLICE_X8Y49          CARRY4 (Prop_carry4_S[3]_CO[3])
                                                      0.376    14.430 r  u_mwfil_chiftop/u_dut/u_fcc_fixpt/RESIZE0__730_carry__2/CO[3]
                         net (fo=1, routed)           0.001    14.430    u_mwfil_chiftop/u_dut/u_fcc_fixpt/RESIZE0__730_carry__2_n_0
    SLICE_X8Y50          CARRY4 (Prop_carry4_CI_O[3])
                                                      0.315    14.745 r  u_mwfil_chiftop/u_dut/u_fcc_fixpt/RESIZE0__730_carry__3/O[3]
                         net (fo=2, routed)           0.974    15.719    u_mwfil_chiftop/u_dut/u_fcc_fixpt/RESIZE0__730_carry__3_n_4
    SLICE_X15Y49         LUT3 (Prop_lut3_I0_O)        0.332    16.051 r  u_mwfil_chiftop/u_dut/u_fcc_fixpt/RESIZE0__851_carry__4_i_4/O
                         net (fo=2, routed)           0.789    16.840    u_mwfil_chiftop/u_dut/u_fcc_fixpt/RESIZE0__851_carry__4_i_4_n_0
    SLICE_X15Y50         LUT4 (Prop_lut4_I3_O)        0.332    17.172 r  u_mwfil_chiftop/u_dut/u_fcc_fixpt/RESIZE0__851_carry__4_i_8/O
                         net (fo=1, routed)           0.000    17.172    u_mwfil_chiftop/u_dut/u_fcc_fixpt/RESIZE0__851_carry__4_i_8_n_0
    SLICE_X15Y50         CARRY4 (Prop_carry4_S[0]_CO[3])
                                                      0.532    17.704 r  u_mwfil_chiftop/u_dut/u_fcc_fixpt/RESIZE0__851_carry__4/CO[3]
                         net (fo=1, routed)           0.000    17.704    u_mwfil_chiftop/u_dut/u_fcc_fixpt/RESIZE0__851_carry__4_n_0
    SLICE_X15Y51         CARRY4 (Prop_carry4_CI_CO[3])
                                                      0.114    17.818 r  u_mwfil_chiftop/u_dut/u_fcc_fixpt/RESIZE0__851_carry__5/CO[3]
                         net (fo=1, routed)           0.000    17.818    u_mwfil_chiftop/u_dut/u_fcc_fixpt/RESIZE0__851_carry__5_n_0
    SLICE_X15Y52         CARRY4 (Prop_carry4_CI_O[3])
                                                      0.313    18.131 f  u_mwfil_chiftop/u_dut/u_fcc_fixpt/RESIZE0__851_carry__6/O[3]
                         net (fo=2, routed)           0.785    18.916    u_mwfil_chiftop/u_dut/u_fcc_fixpt/xUik[0]_0[11]
    SLICE_X13Y55         LUT2 (Prop_lut2_I0_O)        0.306    19.222 r  u_mwfil_chiftop/u_dut/u_fcc_fixpt/tmp1__4_carry__0_i_3/O
                         net (fo=1, routed)           0.000    19.222    u_mwfil_chiftop/u_dut/u_fcc_fixpt/tmp1__4_carry__0_i_3_n_0
    SLICE_X13Y55         CARRY4 (Prop_carry4_S[1]_CO[3])
                                                      0.550    19.772 r  u_mwfil_chiftop/u_dut/u_fcc_fixpt/tmp1__4_carry__0/CO[3]
                         net (fo=1, routed)           0.000    19.772    u_mwfil_chiftop/u_dut/u_fcc_fixpt/tmp1__4_carry__0_n_0
    SLICE_X13Y56         CARRY4 (Prop_carry4_CI_CO[2])
                                                      0.228    20.000 f  u_mwfil_chiftop/u_dut/u_fcc_fixpt/tmp1__4_carry__1/CO[2]
                         net (fo=21, routed)          0.903    20.903    u_mwfil_chiftop/u_dut/u_fcc_fixpt/x_1
    SLICE_X14Y54         LUT2 (Prop_lut2_I0_O)        0.339    21.242 r  u_mwfil_chiftop/u_dut/u_fcc_fixpt/mem_reg_1_i_21/O
                         net (fo=4, routed)           0.866    22.107    u_mwfil_chiftop/u_dut/u_fcc_fixpt/wr_din[61]
    DSP48_X0Y23          DSP48E1 (Prop_dsp48e1_D[7]_P[1])
                                                      5.294    27.401 f  u_mwfil_chiftop/u_dut/u_fcc_fixpt/p20D2_aux_mul_temp/P[1]
                         net (fo=5, routed)           0.995    28.396    u_mwfil_chiftop/u_dut/u_fcc_fixpt/p20D2_aux_mul_temp__0[1]
    SLICE_X11Y57         LUT2 (Prop_lut2_I0_O)        0.124    28.520 r  u_mwfil_chiftop/u_dut/u_fcc_fixpt/tmp_121__4_carry_i_8/O
                         net (fo=1, routed)           0.000    28.520    u_mwfil_chiftop/u_dut/u_fcc_fixpt/tmp_121__4_carry_i_8_n_0
    SLICE_X11Y57         CARRY4 (Prop_carry4_S[0]_CO[3])
                                                      0.532    29.052 r  u_mwfil_chiftop/u_dut/u_fcc_fixpt/tmp_121__4_carry/CO[3]
                         net (fo=1, routed)           0.000    29.052    u_mwfil_chiftop/u_dut/u_fcc_fixpt/tmp_121__4_carry_n_0
    SLICE_X11Y58         CARRY4 (Prop_carry4_CI_CO[3])
                                                      0.114    29.166 r  u_mwfil_chiftop/u_dut/u_fcc_fixpt/tmp_121__4_carry__0/CO[3]
                         net (fo=1, routed)           0.000    29.166    u_mwfil_chiftop/u_dut/u_fcc_fixpt/tmp_121__4_carry__0_n_0
    SLICE_X11Y59         CARRY4 (Prop_carry4_CI_CO[3])
                                                      0.114    29.280 r  u_mwfil_chiftop/u_dut/u_fcc_fixpt/tmp_121__4_carry__1/CO[3]
                         net (fo=1, routed)           0.000    29.280    u_mwfil_chiftop/u_dut/u_fcc_fixpt/tmp_121__4_carry__1_n_0
    SLICE_X11Y60         CARRY4 (Prop_carry4_CI_CO[1])
                                                      0.157    29.437 r  u_mwfil_chiftop/u_dut/u_fcc_fixpt/tmp_121__4_carry__2/CO[1]
                         net (fo=55, routed)          0.802    30.239    u_mwfil_chiftop/u_dut/u_fcc_fixpt/D2_aux_1
    SLICE_X10Y57         LUT3 (Prop_lut3_I1_O)        0.329    30.568 r  u_mwfil_chiftop/u_dut/u_fcc_fixpt/tmp_131__4_carry_i_7/O
                         net (fo=1, routed)           0.000    30.568    u_mwfil_chiftop/u_dut/u_fcc_fixpt/tmp_131__4_carry_i_7_n_0
    SLICE_X10Y57         CARRY4 (Prop_carry4_S[1]_CO[3])
                                                      0.533    31.101 r  u_mwfil_chiftop/u_dut/u_fcc_fixpt/tmp_131__4_carry/CO[3]
                         net (fo=1, routed)           0.000    31.101    u_mwfil_chiftop/u_dut/u_fcc_fixpt/tmp_131__4_carry_n_0
    SLICE_X10Y58         CARRY4 (Prop_carry4_CI_CO[3])
                                                      0.117    31.218 r  u_mwfil_chiftop/u_dut/u_fcc_fixpt/tmp_131__4_carry__0/CO[3]
                         net (fo=1, routed)           0.000    31.218    u_mwfil_chiftop/u_dut/u_fcc_fixpt/tmp_131__4_carry__0_n_0
    SLICE_X10Y59         CARRY4 (Prop_carry4_CI_CO[3])
                                                      0.117    31.335 r  u_mwfil_chiftop/u_dut/u_fcc_fixpt/tmp_131__4_carry__1/CO[3]
                         net (fo=1, routed)           0.000    31.335    u_mwfil_chiftop/u_dut/u_fcc_fixpt/tmp_131__4_carry__1_n_0
    SLICE_X10Y60         CARRY4 (Prop_carry4_CI_CO[1])
                                                      0.157    31.492 r  u_mwfil_chiftop/u_dut/u_fcc_fixpt/tmp_131__4_carry__2/CO[1]
                         net (fo=27, routed)          0.864    32.356    u_mwfil_chiftop/u_dut/u_fcc_fixpt/s_1
    SLICE_X9Y58          LUT3 (Prop_lut3_I0_O)        0.357    32.713 r  u_mwfil_chiftop/u_dut/u_fcc_fixpt/mem_reg_0_i_25/O
                         net (fo=1, routed)           0.440    33.153    u_mwfil_chiftop/u_mwfil_chifcore/DUT2CHIF.u_d2bfifo/u_dpscram/wr_din[47]
    RAMB36_X0Y11         RAMB36E1                                     r  u_mwfil_chiftop/u_mwfil_chifcore/DUT2CHIF.u_d2bfifo/u_dpscram/mem_reg_0/DIBDI[27]
  -------------------------------------------------------------------    -------------------

                         (clock clk_out1_clk_wiz_0 rise edge)
                                                     40.000    40.000 r  
    E3                                                0.000    40.000 r  sysclk (IN)
                         net (fo=0)                   0.000    40.000    u_clk_wiz_0/inst/clk_in1
    E3                   IBUF (Prop_ibuf_I_O)         1.411    41.411 r  u_clk_wiz_0/inst/clkin1_ibufg/O
                         net (fo=1, routed)           1.162    42.573    u_clk_wiz_0/inst/clk_in1_clk_wiz_0
    MMCME2_ADV_X1Y2      MMCME2_ADV (Prop_mmcme2_adv_CLKIN1_CLKOUT0)
                                                     -7.324    35.249 r  u_clk_wiz_0/inst/mmcm_adv_inst/CLKOUT0
                         net (fo=1, routed)           1.639    36.888    u_clk_wiz_0/inst/clk_out1_clk_wiz_0
    BUFGCTRL_X0Y16       BUFG (Prop_bufg_I_O)         0.091    36.979 r  u_clk_wiz_0/inst/clkout1_buf/O
                         net (fo=852, routed)         1.567    38.546    u_mwfil_chiftop/u_mwfil_chifcore/DUT2CHIF.u_d2bfifo/u_dpscram/clk_out1
    RAMB36_X0Y11         RAMB36E1                                     r  u_mwfil_chiftop/u_mwfil_chifcore/DUT2CHIF.u_d2bfifo/u_dpscram/mem_reg_0/CLKBWRCLK
                         clock pessimism              0.559    39.106    
                         clock uncertainty           -0.098    39.008    
    RAMB36_X0Y11         RAMB36E1 (Setup_ramb36e1_CLKBWRCLK_DIBDI[27])
                                                     -0.449    38.559    u_mwfil_chiftop/u_mwfil_chifcore/DUT2CHIF.u_d2bfifo/u_dpscram/mem_reg_0
  -------------------------------------------------------------------
                         required time                         38.559    
                         arrival time                         -33.153    
  -------------------------------------------------------------------
                         slack                                  5.406    

Slack (MET) :             5.419ns  (required time - arrival time)
  Source:                 u_mwfil_chiftop/u_dut/u_fcc_fixpt/xUik_2_reg[0][2]/C
                            (rising edge-triggered cell FDCE clocked by clk_out1_clk_wiz_0  {rise@0.000ns fall@20.000ns period=40.000ns})
  Destination:            u_mwfil_chiftop/u_mwfil_chifcore/DUT2CHIF.u_d2bfifo/u_dpscram/mem_reg_0/DIBDI[20]
                            (rising edge-triggered cell RAMB36E1 clocked by clk_out1_clk_wiz_0  {rise@0.000ns fall@20.000ns period=40.000ns})
  Path Group:             clk_out1_clk_wiz_0
  Path Type:              Setup (Max at Slow Process Corner)
  Requirement:            40.000ns  (clk_out1_clk_wiz_0 rise@40.000ns - clk_out1_clk_wiz_0 rise@0.000ns)
  Data Path Delay:        34.017ns  (logic 21.580ns (63.440%)  route 12.437ns (36.560%))
  Logic Levels:           36  (CARRY4=21 DSP48E1=3 LUT1=1 LUT2=5 LUT3=4 LUT4=2)
  Clock Path Skew:        -0.002ns (DCD - SCD + CPR)
    Destination Clock Delay (DCD):    -1.454ns = ( 38.546 - 40.000 ) 
    Source Clock Delay      (SCD):    -0.893ns
    Clock Pessimism Removal (CPR):    0.559ns
  Clock Uncertainty:      0.098ns  ((TSJ^2 + DJ^2)^1/2) / 2 + PE
    Total System Jitter     (TSJ):    0.071ns
    Discrete Jitter          (DJ):    0.182ns
    Phase Error              (PE):    0.000ns

    Location             Delay type                Incr(ns)  Path(ns)    Netlist Resource(s)
  -------------------------------------------------------------------    -------------------
                         (clock clk_out1_clk_wiz_0 rise edge)
                                                      0.000     0.000 r  
    E3                                                0.000     0.000 r  sysclk (IN)
                         net (fo=0)                   0.000     0.000    u_clk_wiz_0/inst/clk_in1
    E3                   IBUF (Prop_ibuf_I_O)         1.482     1.482 r  u_clk_wiz_0/inst/clkin1_ibufg/O
                         net (fo=1, routed)           1.233     2.715    u_clk_wiz_0/inst/clk_in1_clk_wiz_0
    MMCME2_ADV_X1Y2      MMCME2_ADV (Prop_mmcme2_adv_CLKIN1_CLKOUT0)
                                                     -7.070    -4.355 r  u_clk_wiz_0/inst/mmcm_adv_inst/CLKOUT0
                         net (fo=1, routed)           1.719    -2.636    u_clk_wiz_0/inst/clk_out1_clk_wiz_0
    BUFGCTRL_X0Y16       BUFG (Prop_bufg_I_O)         0.096    -2.540 r  u_clk_wiz_0/inst/clkout1_buf/O
                         net (fo=852, routed)         1.647    -0.893    u_mwfil_chiftop/u_dut/u_fcc_fixpt/clk_out1
    SLICE_X11Y53         FDCE                                         r  u_mwfil_chiftop/u_dut/u_fcc_fixpt/xUik_2_reg[0][2]/C
  -------------------------------------------------------------------    -------------------
    SLICE_X11Y53         FDCE (Prop_fdce_C_Q)         0.456    -0.437 r  u_mwfil_chiftop/u_dut/u_fcc_fixpt/xUik_2_reg[0][2]/Q
                         net (fo=2, routed)           0.863     0.427    u_mwfil_chiftop/u_dut/u_fcc_fixpt/xUik_2_reg[0]_3[2]
    DSP48_X0Y20          DSP48E1 (Prop_dsp48e1_A[2]_PCOUT[47])
                                                      4.036     4.463 r  u_mwfil_chiftop/u_dut/u_fcc_fixpt/ARG/PCOUT[47]
                         net (fo=1, routed)           0.002     4.465    u_mwfil_chiftop/u_dut/u_fcc_fixpt/ARG_n_106
    DSP48_X0Y21          DSP48E1 (Prop_dsp48e1_PCIN[47]_P[0])
                                                      1.518     5.983 r  u_mwfil_chiftop/u_dut/u_fcc_fixpt/ARG__0/P[0]
                         net (fo=2, routed)           0.999     6.981    u_mwfil_chiftop/u_dut/u_fcc_fixpt/ARG__0_n_105
    SLICE_X11Y45         LUT2 (Prop_lut2_I0_O)        0.124     7.105 r  u_mwfil_chiftop/u_dut/u_fcc_fixpt/xXik_reg[0]0_carry__3_i_3/O
                         net (fo=1, routed)           0.000     7.105    u_mwfil_chiftop/u_dut/u_fcc_fixpt/xXik_reg[0]0_carry__3_i_3_n_0
    SLICE_X11Y45         CARRY4 (Prop_carry4_S[1]_CO[3])
                                                      0.550     7.655 r  u_mwfil_chiftop/u_dut/u_fcc_fixpt/xXik_reg[0]0_carry__3/CO[3]
                         net (fo=1, routed)           0.000     7.655    u_mwfil_chiftop/u_dut/u_fcc_fixpt/xXik_reg[0]0_carry__3_n_0
    SLICE_X11Y46         CARRY4 (Prop_carry4_CI_O[1])
                                                      0.348     8.003 f  u_mwfil_chiftop/u_dut/u_fcc_fixpt/xXik_reg[0]0_carry__4/O[1]
                         net (fo=2, routed)           0.479     8.482    u_mwfil_chiftop/u_dut/u_fcc_fixpt/xXik_reg[0]0[21]
    SLICE_X10Y47         LUT1 (Prop_lut1_I0_O)        0.303     8.785 r  u_mwfil_chiftop/u_dut/u_fcc_fixpt/RESIZE1_carry_i_3/O
                         net (fo=1, routed)           0.000     8.785    u_mwfil_chiftop/u_dut/u_fcc_fixpt/RESIZE1_carry_i_3_n_0
    SLICE_X10Y47         CARRY4 (Prop_carry4_S[1]_CO[3])
                                                      0.533     9.318 r  u_mwfil_chiftop/u_dut/u_fcc_fixpt/RESIZE1_carry/CO[3]
                         net (fo=1, routed)           0.000     9.318    u_mwfil_chiftop/u_dut/u_fcc_fixpt/RESIZE1_carry_n_0
    SLICE_X10Y48         CARRY4 (Prop_carry4_CI_O[1])
                                                      0.323     9.641 r  u_mwfil_chiftop/u_dut/u_fcc_fixpt/RESIZE1_carry__0/O[1]
                         net (fo=15, routed)          0.888    10.530    u_mwfil_chiftop/u_dut/u_fcc_fixpt/RESIZE1[5]
    SLICE_X5Y48          LUT2 (Prop_lut2_I0_O)        0.306    10.836 r  u_mwfil_chiftop/u_dut/u_fcc_fixpt/RESIZE0__121_carry__1_i_4/O
                         net (fo=1, routed)           0.000    10.836    u_mwfil_chiftop/u_dut/u_fcc_fixpt/RESIZE0__121_carry__1_i_4_n_0
    SLICE_X5Y48          CARRY4 (Prop_carry4_S[0]_CO[3])
                                                      0.532    11.368 r  u_mwfil_chiftop/u_dut/u_fcc_fixpt/RESIZE0__121_carry__1/CO[3]
                         net (fo=1, routed)           0.000    11.368    u_mwfil_chiftop/u_dut/u_fcc_fixpt/RESIZE0__121_carry__1_n_0
    SLICE_X5Y49          CARRY4 (Prop_carry4_CI_O[2])
                                                      0.239    11.607 r  u_mwfil_chiftop/u_dut/u_fcc_fixpt/RESIZE0__121_carry__2/O[2]
                         net (fo=2, routed)           0.963    12.569    u_mwfil_chiftop/u_dut/u_fcc_fixpt/RESIZE0__121_carry__2_n_5
    SLICE_X8Y49          LUT3 (Prop_lut3_I1_O)        0.331    12.900 r  u_mwfil_chiftop/u_dut/u_fcc_fixpt/RESIZE0__730_carry__2_i_1/O
                         net (fo=2, routed)           0.822    13.723    u_mwfil_chiftop/u_dut/u_fcc_fixpt/RESIZE0__730_carry__2_i_1_n_0
    SLICE_X8Y49          LUT4 (Prop_lut4_I3_O)        0.331    14.054 r  u_mwfil_chiftop/u_dut/u_fcc_fixpt/RESIZE0__730_carry__2_i_5/O
                         net (fo=1, routed)           0.000    14.054    u_mwfil_chiftop/u_dut/u_fcc_fixpt/RESIZE0__730_carry__2_i_5_n_0
    SLICE_X8Y49          CARRY4 (Prop_carry4_S[3]_CO[3])
                                                      0.376    14.430 r  u_mwfil_chiftop/u_dut/u_fcc_fixpt/RESIZE0__730_carry__2/CO[3]
                         net (fo=1, routed)           0.001    14.430    u_mwfil_chiftop/u_dut/u_fcc_fixpt/RESIZE0__730_carry__2_n_0
    SLICE_X8Y50          CARRY4 (Prop_carry4_CI_O[3])
                                                      0.315    14.745 r  u_mwfil_chiftop/u_dut/u_fcc_fixpt/RESIZE0__730_carry__3/O[3]
                         net (fo=2, routed)           0.974    15.719    u_mwfil_chiftop/u_dut/u_fcc_fixpt/RESIZE0__730_carry__3_n_4
    SLICE_X15Y49         LUT3 (Prop_lut3_I0_O)        0.332    16.051 r  u_mwfil_chiftop/u_dut/u_fcc_fixpt/RESIZE0__851_carry__4_i_4/O
                         net (fo=2, routed)           0.789    16.840    u_mwfil_chiftop/u_dut/u_fcc_fixpt/RESIZE0__851_carry__4_i_4_n_0
    SLICE_X15Y50         LUT4 (Prop_lut4_I3_O)        0.332    17.172 r  u_mwfil_chiftop/u_dut/u_fcc_fixpt/RESIZE0__851_carry__4_i_8/O
                         net (fo=1, routed)           0.000    17.172    u_mwfil_chiftop/u_dut/u_fcc_fixpt/RESIZE0__851_carry__4_i_8_n_0
    SLICE_X15Y50         CARRY4 (Prop_carry4_S[0]_CO[3])
                                                      0.532    17.704 r  u_mwfil_chiftop/u_dut/u_fcc_fixpt/RESIZE0__851_carry__4/CO[3]
                         net (fo=1, routed)           0.000    17.704    u_mwfil_chiftop/u_dut/u_fcc_fixpt/RESIZE0__851_carry__4_n_0
    SLICE_X15Y51         CARRY4 (Prop_carry4_CI_CO[3])
                                                      0.114    17.818 r  u_mwfil_chiftop/u_dut/u_fcc_fixpt/RESIZE0__851_carry__5/CO[3]
                         net (fo=1, routed)           0.000    17.818    u_mwfil_chiftop/u_dut/u_fcc_fixpt/RESIZE0__851_carry__5_n_0
    SLICE_X15Y52         CARRY4 (Prop_carry4_CI_O[3])
                                                      0.313    18.131 f  u_mwfil_chiftop/u_dut/u_fcc_fixpt/RESIZE0__851_carry__6/O[3]
                         net (fo=2, routed)           0.785    18.916    u_mwfil_chiftop/u_dut/u_fcc_fixpt/xUik[0]_0[11]
    SLICE_X13Y55         LUT2 (Prop_lut2_I0_O)        0.306    19.222 r  u_mwfil_chiftop/u_dut/u_fcc_fixpt/tmp1__4_carry__0_i_3/O
                         net (fo=1, routed)           0.000    19.222    u_mwfil_chiftop/u_dut/u_fcc_fixpt/tmp1__4_carry__0_i_3_n_0
    SLICE_X13Y55         CARRY4 (Prop_carry4_S[1]_CO[3])
                                                      0.550    19.772 r  u_mwfil_chiftop/u_dut/u_fcc_fixpt/tmp1__4_carry__0/CO[3]
                         net (fo=1, routed)           0.000    19.772    u_mwfil_chiftop/u_dut/u_fcc_fixpt/tmp1__4_carry__0_n_0
    SLICE_X13Y56         CARRY4 (Prop_carry4_CI_CO[2])
                                                      0.228    20.000 f  u_mwfil_chiftop/u_dut/u_fcc_fixpt/tmp1__4_carry__1/CO[2]
                         net (fo=21, routed)          0.903    20.903    u_mwfil_chiftop/u_dut/u_fcc_fixpt/x_1
    SLICE_X14Y54         LUT2 (Prop_lut2_I0_O)        0.339    21.242 r  u_mwfil_chiftop/u_dut/u_fcc_fixpt/mem_reg_1_i_21/O
                         net (fo=4, routed)           0.866    22.107    u_mwfil_chiftop/u_dut/u_fcc_fixpt/wr_din[61]
    DSP48_X0Y23          DSP48E1 (Prop_dsp48e1_D[7]_P[1])
                                                      5.294    27.401 f  u_mwfil_chiftop/u_dut/u_fcc_fixpt/p20D2_aux_mul_temp/P[1]
                         net (fo=5, routed)           0.995    28.396    u_mwfil_chiftop/u_dut/u_fcc_fixpt/p20D2_aux_mul_temp__0[1]
    SLICE_X11Y57         LUT2 (Prop_lut2_I0_O)        0.124    28.520 r  u_mwfil_chiftop/u_dut/u_fcc_fixpt/tmp_121__4_carry_i_8/O
                         net (fo=1, routed)           0.000    28.520    u_mwfil_chiftop/u_dut/u_fcc_fixpt/tmp_121__4_carry_i_8_n_0
    SLICE_X11Y57         CARRY4 (Prop_carry4_S[0]_CO[3])
                                                      0.532    29.052 r  u_mwfil_chiftop/u_dut/u_fcc_fixpt/tmp_121__4_carry/CO[3]
                         net (fo=1, routed)           0.000    29.052    u_mwfil_chiftop/u_dut/u_fcc_fixpt/tmp_121__4_carry_n_0
    SLICE_X11Y58         CARRY4 (Prop_carry4_CI_CO[3])
                                                      0.114    29.166 r  u_mwfil_chiftop/u_dut/u_fcc_fixpt/tmp_121__4_carry__0/CO[3]
                         net (fo=1, routed)           0.000    29.166    u_mwfil_chiftop/u_dut/u_fcc_fixpt/tmp_121__4_carry__0_n_0
    SLICE_X11Y59         CARRY4 (Prop_carry4_CI_CO[3])
                                                      0.114    29.280 r  u_mwfil_chiftop/u_dut/u_fcc_fixpt/tmp_121__4_carry__1/CO[3]
                         net (fo=1, routed)           0.000    29.280    u_mwfil_chiftop/u_dut/u_fcc_fixpt/tmp_121__4_carry__1_n_0
    SLICE_X11Y60         CARRY4 (Prop_carry4_CI_CO[1])
                                                      0.157    29.437 r  u_mwfil_chiftop/u_dut/u_fcc_fixpt/tmp_121__4_carry__2/CO[1]
                         net (fo=55, routed)          0.802    30.239    u_mwfil_chiftop/u_dut/u_fcc_fixpt/D2_aux_1
    SLICE_X10Y57         LUT3 (Prop_lut3_I1_O)        0.329    30.568 r  u_mwfil_chiftop/u_dut/u_fcc_fixpt/tmp_131__4_carry_i_7/O
                         net (fo=1, routed)           0.000    30.568    u_mwfil_chiftop/u_dut/u_fcc_fixpt/tmp_131__4_carry_i_7_n_0
    SLICE_X10Y57         CARRY4 (Prop_carry4_S[1]_CO[3])
                                                      0.533    31.101 r  u_mwfil_chiftop/u_dut/u_fcc_fixpt/tmp_131__4_carry/CO[3]
                         net (fo=1, routed)           0.000    31.101    u_mwfil_chiftop/u_dut/u_fcc_fixpt/tmp_131__4_carry_n_0
    SLICE_X10Y58         CARRY4 (Prop_carry4_CI_CO[3])
                                                      0.117    31.218 r  u_mwfil_chiftop/u_dut/u_fcc_fixpt/tmp_131__4_carry__0/CO[3]
                         net (fo=1, routed)           0.000    31.218    u_mwfil_chiftop/u_dut/u_fcc_fixpt/tmp_131__4_carry__0_n_0
    SLICE_X10Y59         CARRY4 (Prop_carry4_CI_CO[3])
                                                      0.117    31.335 r  u_mwfil_chiftop/u_dut/u_fcc_fixpt/tmp_131__4_carry__1/CO[3]
                         net (fo=1, routed)           0.000    31.335    u_mwfil_chiftop/u_dut/u_fcc_fixpt/tmp_131__4_carry__1_n_0
    SLICE_X10Y60         CARRY4 (Prop_carry4_CI_CO[1])
                                                      0.157    31.492 r  u_mwfil_chiftop/u_dut/u_fcc_fixpt/tmp_131__4_carry__2/CO[1]
                         net (fo=27, routed)          0.842    32.335    u_mwfil_chiftop/u_dut/u_fcc_fixpt/s_1
    SLICE_X10Y56         LUT3 (Prop_lut3_I0_O)        0.325    32.660 r  u_mwfil_chiftop/u_dut/u_fcc_fixpt/mem_reg_0_i_32/O
                         net (fo=1, routed)           0.464    33.124    u_mwfil_chiftop/u_mwfil_chifcore/DUT2CHIF.u_d2bfifo/u_dpscram/wr_din[40]
    RAMB36_X0Y11         RAMB36E1                                     r  u_mwfil_chiftop/u_mwfil_chifcore/DUT2CHIF.u_d2bfifo/u_dpscram/mem_reg_0/DIBDI[20]
  -------------------------------------------------------------------    -------------------

                         (clock clk_out1_clk_wiz_0 rise edge)
                                                     40.000    40.000 r  
    E3                                                0.000    40.000 r  sysclk (IN)
                         net (fo=0)                   0.000    40.000    u_clk_wiz_0/inst/clk_in1
    E3                   IBUF (Prop_ibuf_I_O)         1.411    41.411 r  u_clk_wiz_0/inst/clkin1_ibufg/O
                         net (fo=1, routed)           1.162    42.573    u_clk_wiz_0/inst/clk_in1_clk_wiz_0
    MMCME2_ADV_X1Y2      MMCME2_ADV (Prop_mmcme2_adv_CLKIN1_CLKOUT0)
                                                     -7.324    35.249 r  u_clk_wiz_0/inst/mmcm_adv_inst/CLKOUT0
                         net (fo=1, routed)           1.639    36.888    u_clk_wiz_0/inst/clk_out1_clk_wiz_0
    BUFGCTRL_X0Y16       BUFG (Prop_bufg_I_O)         0.091    36.979 r  u_clk_wiz_0/inst/clkout1_buf/O
                         net (fo=852, routed)         1.567    38.546    u_mwfil_chiftop/u_mwfil_chifcore/DUT2CHIF.u_d2bfifo/u_dpscram/clk_out1
    RAMB36_X0Y11         RAMB36E1                                     r  u_mwfil_chiftop/u_mwfil_chifcore/DUT2CHIF.u_d2bfifo/u_dpscram/mem_reg_0/CLKBWRCLK
                         clock pessimism              0.559    39.106    
                         clock uncertainty           -0.098    39.008    
    RAMB36_X0Y11         RAMB36E1 (Setup_ramb36e1_CLKBWRCLK_DIBDI[20])
                                                     -0.465    38.543    u_mwfil_chiftop/u_mwfil_chifcore/DUT2CHIF.u_d2bfifo/u_dpscram/mem_reg_0
  -------------------------------------------------------------------
                         required time                         38.543    
                         arrival time                         -33.124    
  -------------------------------------------------------------------
                         slack                                  5.419    

Slack (MET) :             5.436ns  (required time - arrival time)
  Source:                 u_mwfil_chiftop/u_dut/u_fcc_fixpt/xUik_2_reg[0][2]/C
                            (rising edge-triggered cell FDCE clocked by clk_out1_clk_wiz_0  {rise@0.000ns fall@20.000ns period=40.000ns})
  Destination:            u_mwfil_chiftop/u_mwfil_chifcore/DUT2CHIF.u_d2bfifo/u_dpscram/mem_reg_0/DIBDI[22]
                            (rising edge-triggered cell RAMB36E1 clocked by clk_out1_clk_wiz_0  {rise@0.000ns fall@20.000ns period=40.000ns})
  Path Group:             clk_out1_clk_wiz_0
  Path Type:              Setup (Max at Slow Process Corner)
  Requirement:            40.000ns  (clk_out1_clk_wiz_0 rise@40.000ns - clk_out1_clk_wiz_0 rise@0.000ns)
  Data Path Delay:        33.993ns  (logic 21.582ns (63.490%)  route 12.411ns (36.510%))
  Logic Levels:           36  (CARRY4=21 DSP48E1=3 LUT1=1 LUT2=5 LUT3=4 LUT4=2)
  Clock Path Skew:        -0.002ns (DCD - SCD + CPR)
    Destination Clock Delay (DCD):    -1.454ns = ( 38.546 - 40.000 ) 
    Source Clock Delay      (SCD):    -0.893ns
    Clock Pessimism Removal (CPR):    0.559ns
  Clock Uncertainty:      0.098ns  ((TSJ^2 + DJ^2)^1/2) / 2 + PE
    Total System Jitter     (TSJ):    0.071ns
    Discrete Jitter          (DJ):    0.182ns
    Phase Error              (PE):    0.000ns

    Location             Delay type                Incr(ns)  Path(ns)    Netlist Resource(s)
  -------------------------------------------------------------------    -------------------
                         (clock clk_out1_clk_wiz_0 rise edge)
                                                      0.000     0.000 r  
    E3                                                0.000     0.000 r  sysclk (IN)
                         net (fo=0)                   0.000     0.000    u_clk_wiz_0/inst/clk_in1
    E3                   IBUF (Prop_ibuf_I_O)         1.482     1.482 r  u_clk_wiz_0/inst/clkin1_ibufg/O
                         net (fo=1, routed)           1.233     2.715    u_clk_wiz_0/inst/clk_in1_clk_wiz_0
    MMCME2_ADV_X1Y2      MMCME2_ADV (Prop_mmcme2_adv_CLKIN1_CLKOUT0)
                                                     -7.070    -4.355 r  u_clk_wiz_0/inst/mmcm_adv_inst/CLKOUT0
                         net (fo=1, routed)           1.719    -2.636    u_clk_wiz_0/inst/clk_out1_clk_wiz_0
    BUFGCTRL_X0Y16       BUFG (Prop_bufg_I_O)         0.096    -2.540 r  u_clk_wiz_0/inst/clkout1_buf/O
                         net (fo=852, routed)         1.647    -0.893    u_mwfil_chiftop/u_dut/u_fcc_fixpt/clk_out1
    SLICE_X11Y53         FDCE                                         r  u_mwfil_chiftop/u_dut/u_fcc_fixpt/xUik_2_reg[0][2]/C
  -------------------------------------------------------------------    -------------------
    SLICE_X11Y53         FDCE (Prop_fdce_C_Q)         0.456    -0.437 r  u_mwfil_chiftop/u_dut/u_fcc_fixpt/xUik_2_reg[0][2]/Q
                         net (fo=2, routed)           0.863     0.427    u_mwfil_chiftop/u_dut/u_fcc_fixpt/xUik_2_reg[0]_3[2]
    DSP48_X0Y20          DSP48E1 (Prop_dsp48e1_A[2]_PCOUT[47])
                                                      4.036     4.463 r  u_mwfil_chiftop/u_dut/u_fcc_fixpt/ARG/PCOUT[47]
                         net (fo=1, routed)           0.002     4.465    u_mwfil_chiftop/u_dut/u_fcc_fixpt/ARG_n_106
    DSP48_X0Y21          DSP48E1 (Prop_dsp48e1_PCIN[47]_P[0])
                                                      1.518     5.983 r  u_mwfil_chiftop/u_dut/u_fcc_fixpt/ARG__0/P[0]
                         net (fo=2, routed)           0.999     6.981    u_mwfil_chiftop/u_dut/u_fcc_fixpt/ARG__0_n_105
    SLICE_X11Y45         LUT2 (Prop_lut2_I0_O)        0.124     7.105 r  u_mwfil_chiftop/u_dut/u_fcc_fixpt/xXik_reg[0]0_carry__3_i_3/O
                         net (fo=1, routed)           0.000     7.105    u_mwfil_chiftop/u_dut/u_fcc_fixpt/xXik_reg[0]0_carry__3_i_3_n_0
    SLICE_X11Y45         CARRY4 (Prop_carry4_S[1]_CO[3])
                                                      0.550     7.655 r  u_mwfil_chiftop/u_dut/u_fcc_fixpt/xXik_reg[0]0_carry__3/CO[3]
                         net (fo=1, routed)           0.000     7.655    u_mwfil_chiftop/u_dut/u_fcc_fixpt/xXik_reg[0]0_carry__3_n_0
    SLICE_X11Y46         CARRY4 (Prop_carry4_CI_O[1])
                                                      0.348     8.003 f  u_mwfil_chiftop/u_dut/u_fcc_fixpt/xXik_reg[0]0_carry__4/O[1]
                         net (fo=2, routed)           0.479     8.482    u_mwfil_chiftop/u_dut/u_fcc_fixpt/xXik_reg[0]0[21]
    SLICE_X10Y47         LUT1 (Prop_lut1_I0_O)        0.303     8.785 r  u_mwfil_chiftop/u_dut/u_fcc_fixpt/RESIZE1_carry_i_3/O
                         net (fo=1, routed)           0.000     8.785    u_mwfil_chiftop/u_dut/u_fcc_fixpt/RESIZE1_carry_i_3_n_0
    SLICE_X10Y47         CARRY4 (Prop_carry4_S[1]_CO[3])
                                                      0.533     9.318 r  u_mwfil_chiftop/u_dut/u_fcc_fixpt/RESIZE1_carry/CO[3]
                         net (fo=1, routed)           0.000     9.318    u_mwfil_chiftop/u_dut/u_fcc_fixpt/RESIZE1_carry_n_0
    SLICE_X10Y48         CARRY4 (Prop_carry4_CI_O[1])
                                                      0.323     9.641 r  u_mwfil_chiftop/u_dut/u_fcc_fixpt/RESIZE1_carry__0/O[1]
                         net (fo=15, routed)          0.888    10.530    u_mwfil_chiftop/u_dut/u_fcc_fixpt/RESIZE1[5]
    SLICE_X5Y48          LUT2 (Prop_lut2_I0_O)        0.306    10.836 r  u_mwfil_chiftop/u_dut/u_fcc_fixpt/RESIZE0__121_carry__1_i_4/O
                         net (fo=1, routed)           0.000    10.836    u_mwfil_chiftop/u_dut/u_fcc_fixpt/RESIZE0__121_carry__1_i_4_n_0
    SLICE_X5Y48          CARRY4 (Prop_carry4_S[0]_CO[3])
                                                      0.532    11.368 r  u_mwfil_chiftop/u_dut/u_fcc_fixpt/RESIZE0__121_carry__1/CO[3]
                         net (fo=1, routed)           0.000    11.368    u_mwfil_chiftop/u_dut/u_fcc_fixpt/RESIZE0__121_carry__1_n_0
    SLICE_X5Y49          CARRY4 (Prop_carry4_CI_O[2])
                                                      0.239    11.607 r  u_mwfil_chiftop/u_dut/u_fcc_fixpt/RESIZE0__121_carry__2/O[2]
                         net (fo=2, routed)           0.963    12.569    u_mwfil_chiftop/u_dut/u_fcc_fixpt/RESIZE0__121_carry__2_n_5
    SLICE_X8Y49          LUT3 (Prop_lut3_I1_O)        0.331    12.900 r  u_mwfil_chiftop/u_dut/u_fcc_fixpt/RESIZE0__730_carry__2_i_1/O
                         net (fo=2, routed)           0.822    13.723    u_mwfil_chiftop/u_dut/u_fcc_fixpt/RESIZE0__730_carry__2_i_1_n_0
    SLICE_X8Y49          LUT4 (Prop_lut4_I3_O)        0.331    14.054 r  u_mwfil_chiftop/u_dut/u_fcc_fixpt/RESIZE0__730_carry__2_i_5/O
                         net (fo=1, routed)           0.000    14.054    u_mwfil_chiftop/u_dut/u_fcc_fixpt/RESIZE0__730_carry__2_i_5_n_0
    SLICE_X8Y49          CARRY4 (Prop_carry4_S[3]_CO[3])
                                                      0.376    14.430 r  u_mwfil_chiftop/u_dut/u_fcc_fixpt/RESIZE0__730_carry__2/CO[3]
                         net (fo=1, routed)           0.001    14.430    u_mwfil_chiftop/u_dut/u_fcc_fixpt/RESIZE0__730_carry__2_n_0
    SLICE_X8Y50          CARRY4 (Prop_carry4_CI_O[3])
                                                      0.315    14.745 r  u_mwfil_chiftop/u_dut/u_fcc_fixpt/RESIZE0__730_carry__3/O[3]
                         net (fo=2, routed)           0.974    15.719    u_mwfil_chiftop/u_dut/u_fcc_fixpt/RESIZE0__730_carry__3_n_4
    SLICE_X15Y49         LUT3 (Prop_lut3_I0_O)        0.332    16.051 r  u_mwfil_chiftop/u_dut/u_fcc_fixpt/RESIZE0__851_carry__4_i_4/O
                         net (fo=2, routed)           0.789    16.840    u_mwfil_chiftop/u_dut/u_fcc_fixpt/RESIZE0__851_carry__4_i_4_n_0
    SLICE_X15Y50         LUT4 (Prop_lut4_I3_O)        0.332    17.172 r  u_mwfil_chiftop/u_dut/u_fcc_fixpt/RESIZE0__851_carry__4_i_8/O
                         net (fo=1, routed)           0.000    17.172    u_mwfil_chiftop/u_dut/u_fcc_fixpt/RESIZE0__851_carry__4_i_8_n_0
    SLICE_X15Y50         CARRY4 (Prop_carry4_S[0]_CO[3])
                                                      0.532    17.704 r  u_mwfil_chiftop/u_dut/u_fcc_fixpt/RESIZE0__851_carry__4/CO[3]
                         net (fo=1, routed)           0.000    17.704    u_mwfil_chiftop/u_dut/u_fcc_fixpt/RESIZE0__851_carry__4_n_0
    SLICE_X15Y51         CARRY4 (Prop_carry4_CI_CO[3])
                                                      0.114    17.818 r  u_mwfil_chiftop/u_dut/u_fcc_fixpt/RESIZE0__851_carry__5/CO[3]
                         net (fo=1, routed)           0.000    17.818    u_mwfil_chiftop/u_dut/u_fcc_fixpt/RESIZE0__851_carry__5_n_0
    SLICE_X15Y52         CARRY4 (Prop_carry4_CI_O[3])
                                                      0.313    18.131 f  u_mwfil_chiftop/u_dut/u_fcc_fixpt/RESIZE0__851_carry__6/O[3]
                         net (fo=2, routed)           0.785    18.916    u_mwfil_chiftop/u_dut/u_fcc_fixpt/xUik[0]_0[11]
    SLICE_X13Y55         LUT2 (Prop_lut2_I0_O)        0.306    19.222 r  u_mwfil_chiftop/u_dut/u_fcc_fixpt/tmp1__4_carry__0_i_3/O
                         net (fo=1, routed)           0.000    19.222    u_mwfil_chiftop/u_dut/u_fcc_fixpt/tmp1__4_carry__0_i_3_n_0
    SLICE_X13Y55         CARRY4 (Prop_carry4_S[1]_CO[3])
                                                      0.550    19.772 r  u_mwfil_chiftop/u_dut/u_fcc_fixpt/tmp1__4_carry__0/CO[3]
                         net (fo=1, routed)           0.000    19.772    u_mwfil_chiftop/u_dut/u_fcc_fixpt/tmp1__4_carry__0_n_0
    SLICE_X13Y56         CARRY4 (Prop_carry4_CI_CO[2])
                                                      0.228    20.000 f  u_mwfil_chiftop/u_dut/u_fcc_fixpt/tmp1__4_carry__1/CO[2]
                         net (fo=21, routed)          0.903    20.903    u_mwfil_chiftop/u_dut/u_fcc_fixpt/x_1
    SLICE_X14Y54         LUT2 (Prop_lut2_I0_O)        0.339    21.242 r  u_mwfil_chiftop/u_dut/u_fcc_fixpt/mem_reg_1_i_21/O
                         net (fo=4, routed)           0.866    22.107    u_mwfil_chiftop/u_dut/u_fcc_fixpt/wr_din[61]
    DSP48_X0Y23          DSP48E1 (Prop_dsp48e1_D[7]_P[1])
                                                      5.294    27.401 f  u_mwfil_chiftop/u_dut/u_fcc_fixpt/p20D2_aux_mul_temp/P[1]
                         net (fo=5, routed)           0.995    28.396    u_mwfil_chiftop/u_dut/u_fcc_fixpt/p20D2_aux_mul_temp__0[1]
    SLICE_X11Y57         LUT2 (Prop_lut2_I0_O)        0.124    28.520 r  u_mwfil_chiftop/u_dut/u_fcc_fixpt/tmp_121__4_carry_i_8/O
                         net (fo=1, routed)           0.000    28.520    u_mwfil_chiftop/u_dut/u_fcc_fixpt/tmp_121__4_carry_i_8_n_0
    SLICE_X11Y57         CARRY4 (Prop_carry4_S[0]_CO[3])
                                                      0.532    29.052 r  u_mwfil_chiftop/u_dut/u_fcc_fixpt/tmp_121__4_carry/CO[3]
                         net (fo=1, routed)           0.000    29.052    u_mwfil_chiftop/u_dut/u_fcc_fixpt/tmp_121__4_carry_n_0
    SLICE_X11Y58         CARRY4 (Prop_carry4_CI_CO[3])
                                                      0.114    29.166 r  u_mwfil_chiftop/u_dut/u_fcc_fixpt/tmp_121__4_carry__0/CO[3]
                         net (fo=1, routed)           0.000    29.166    u_mwfil_chiftop/u_dut/u_fcc_fixpt/tmp_121__4_carry__0_n_0
    SLICE_X11Y59         CARRY4 (Prop_carry4_CI_CO[3])
                                                      0.114    29.280 r  u_mwfil_chiftop/u_dut/u_fcc_fixpt/tmp_121__4_carry__1/CO[3]
                         net (fo=1, routed)           0.000    29.280    u_mwfil_chiftop/u_dut/u_fcc_fixpt/tmp_121__4_carry__1_n_0
    SLICE_X11Y60         CARRY4 (Prop_carry4_CI_CO[1])
                                                      0.157    29.437 r  u_mwfil_chiftop/u_dut/u_fcc_fixpt/tmp_121__4_carry__2/CO[1]
                         net (fo=55, routed)          0.802    30.239    u_mwfil_chiftop/u_dut/u_fcc_fixpt/D2_aux_1
    SLICE_X10Y57         LUT3 (Prop_lut3_I1_O)        0.329    30.568 r  u_mwfil_chiftop/u_dut/u_fcc_fixpt/tmp_131__4_carry_i_7/O
                         net (fo=1, routed)           0.000    30.568    u_mwfil_chiftop/u_dut/u_fcc_fixpt/tmp_131__4_carry_i_7_n_0
    SLICE_X10Y57         CARRY4 (Prop_carry4_S[1]_CO[3])
                                                      0.533    31.101 r  u_mwfil_chiftop/u_dut/u_fcc_fixpt/tmp_131__4_carry/CO[3]
                         net (fo=1, routed)           0.000    31.101    u_mwfil_chiftop/u_dut/u_fcc_fixpt/tmp_131__4_carry_n_0
    SLICE_X10Y58         CARRY4 (Prop_carry4_CI_CO[3])
                                                      0.117    31.218 r  u_mwfil_chiftop/u_dut/u_fcc_fixpt/tmp_131__4_carry__0/CO[3]
                         net (fo=1, routed)           0.000    31.218    u_mwfil_chiftop/u_dut/u_fcc_fixpt/tmp_131__4_carry__0_n_0
    SLICE_X10Y59         CARRY4 (Prop_carry4_CI_CO[3])
                                                      0.117    31.335 r  u_mwfil_chiftop/u_dut/u_fcc_fixpt/tmp_131__4_carry__1/CO[3]
                         net (fo=1, routed)           0.000    31.335    u_mwfil_chiftop/u_dut/u_fcc_fixpt/tmp_131__4_carry__1_n_0
    SLICE_X10Y60         CARRY4 (Prop_carry4_CI_CO[1])
                                                      0.157    31.492 r  u_mwfil_chiftop/u_dut/u_fcc_fixpt/tmp_131__4_carry__2/CO[1]
                         net (fo=27, routed)          0.832    32.324    u_mwfil_chiftop/u_dut/u_fcc_fixpt/s_1
    SLICE_X10Y56         LUT3 (Prop_lut3_I0_O)        0.327    32.651 r  u_mwfil_chiftop/u_dut/u_fcc_fixpt/mem_reg_0_i_30/O
                         net (fo=1, routed)           0.449    33.100    u_mwfil_chiftop/u_mwfil_chifcore/DUT2CHIF.u_d2bfifo/u_dpscram/wr_din[42]
    RAMB36_X0Y11         RAMB36E1                                     r  u_mwfil_chiftop/u_mwfil_chifcore/DUT2CHIF.u_d2bfifo/u_dpscram/mem_reg_0/DIBDI[22]
  -------------------------------------------------------------------    -------------------

                         (clock clk_out1_clk_wiz_0 rise edge)
                                                     40.000    40.000 r  
    E3                                                0.000    40.000 r  sysclk (IN)
                         net (fo=0)                   0.000    40.000    u_clk_wiz_0/inst/clk_in1
    E3                   IBUF (Prop_ibuf_I_O)         1.411    41.411 r  u_clk_wiz_0/inst/clkin1_ibufg/O
                         net (fo=1, routed)           1.162    42.573    u_clk_wiz_0/inst/clk_in1_clk_wiz_0
    MMCME2_ADV_X1Y2      MMCME2_ADV (Prop_mmcme2_adv_CLKIN1_CLKOUT0)
                                                     -7.324    35.249 r  u_clk_wiz_0/inst/mmcm_adv_inst/CLKOUT0
                         net (fo=1, routed)           1.639    36.888    u_clk_wiz_0/inst/clk_out1_clk_wiz_0
    BUFGCTRL_X0Y16       BUFG (Prop_bufg_I_O)         0.091    36.979 r  u_clk_wiz_0/inst/clkout1_buf/O
                         net (fo=852, routed)         1.567    38.546    u_mwfil_chiftop/u_mwfil_chifcore/DUT2CHIF.u_d2bfifo/u_dpscram/clk_out1
    RAMB36_X0Y11         RAMB36E1                                     r  u_mwfil_chiftop/u_mwfil_chifcore/DUT2CHIF.u_d2bfifo/u_dpscram/mem_reg_0/CLKBWRCLK
                         clock pessimism              0.559    39.106    
                         clock uncertainty           -0.098    39.008    
    RAMB36_X0Y11         RAMB36E1 (Setup_ramb36e1_CLKBWRCLK_DIBDI[22])
                                                     -0.472    38.536    u_mwfil_chiftop/u_mwfil_chifcore/DUT2CHIF.u_d2bfifo/u_dpscram/mem_reg_0
  -------------------------------------------------------------------
                         required time                         38.536    
                         arrival time                         -33.100    
  -------------------------------------------------------------------
                         slack                                  5.436    





Min Delay Paths
--------------------------------------------------------------------------------------
Slack (MET) :             0.046ns  (arrival time - required time)
  Source:                 u_mwfil_chiftop/u_mwfil_chifcore/CHIF2DUT.u_bus2dut/shiftreg_reg[27]/C
                            (rising edge-triggered cell FDRE clocked by clk_out1_clk_wiz_0  {rise@0.000ns fall@20.000ns period=40.000ns})
  Destination:            u_mwfil_chiftop/u_mwfil_chifcore/CHIF2DUT.u_b2dfifo/u_dpscram/mem_reg_0/DIADI[19]
                            (rising edge-triggered cell RAMB36E1 clocked by clk_out1_clk_wiz_0  {rise@0.000ns fall@20.000ns period=40.000ns})
  Path Group:             clk_out1_clk_wiz_0
  Path Type:              Hold (Min at Fast Process Corner)
  Requirement:            0.000ns  (clk_out1_clk_wiz_0 rise@0.000ns - clk_out1_clk_wiz_0 rise@0.000ns)
  Data Path Delay:        0.260ns  (logic 0.141ns (54.242%)  route 0.119ns (45.758%))
  Logic Levels:           0  
  Clock Path Skew:        0.058ns (DCD - SCD - CPR)
    Destination Clock Delay (DCD):    -0.792ns
    Source Clock Delay      (SCD):    -0.596ns
    Clock Pessimism Removal (CPR):    -0.254ns

    Location             Delay type                Incr(ns)  Path(ns)    Netlist Resource(s)
  -------------------------------------------------------------------    -------------------
                         (clock clk_out1_clk_wiz_0 rise edge)
                                                      0.000     0.000 r  
    E3                                                0.000     0.000 r  sysclk (IN)
                         net (fo=0)                   0.000     0.000    u_clk_wiz_0/inst/clk_in1
    E3                   IBUF (Prop_ibuf_I_O)         0.250     0.250 r  u_clk_wiz_0/inst/clkin1_ibufg/O
                         net (fo=1, routed)           0.440     0.690    u_clk_wiz_0/inst/clk_in1_clk_wiz_0
    MMCME2_ADV_X1Y2      MMCME2_ADV (Prop_mmcme2_adv_CLKIN1_CLKOUT0)
                                                     -2.379    -1.689 r  u_clk_wiz_0/inst/mmcm_adv_inst/CLKOUT0
                         net (fo=1, routed)           0.499    -1.190    u_clk_wiz_0/inst/clk_out1_clk_wiz_0
    BUFGCTRL_X0Y16       BUFG (Prop_bufg_I_O)         0.026    -1.164 r  u_clk_wiz_0/inst/clkout1_buf/O
                         net (fo=852, routed)         0.568    -0.596    u_mwfil_chiftop/u_mwfil_chifcore/CHIF2DUT.u_bus2dut/clk_out1
    SLICE_X9Y68          FDRE                                         r  u_mwfil_chiftop/u_mwfil_chifcore/CHIF2DUT.u_bus2dut/shiftreg_reg[27]/C
  -------------------------------------------------------------------    -------------------
    SLICE_X9Y68          FDRE (Prop_fdre_C_Q)         0.141    -0.455 r  u_mwfil_chiftop/u_mwfil_chifcore/CHIF2DUT.u_bus2dut/shiftreg_reg[27]/Q
                         net (fo=2, routed)           0.119    -0.336    u_mwfil_chiftop/u_mwfil_chifcore/CHIF2DUT.u_b2dfifo/u_dpscram/wr_din[19]
    RAMB36_X0Y13         RAMB36E1                                     r  u_mwfil_chiftop/u_mwfil_chifcore/CHIF2DUT.u_b2dfifo/u_dpscram/mem_reg_0/DIADI[19]
  -------------------------------------------------------------------    -------------------

                         (clock clk_out1_clk_wiz_0 rise edge)
                                                      0.000     0.000 r  
    E3                                                0.000     0.000 r  sysclk (IN)
                         net (fo=0)                   0.000     0.000    u_clk_wiz_0/inst/clk_in1
    E3                   IBUF (Prop_ibuf_I_O)         0.438     0.438 r  u_clk_wiz_0/inst/clkin1_ibufg/O
                         net (fo=1, routed)           0.480     0.918    u_clk_wiz_0/inst/clk_in1_clk_wiz_0
    MMCME2_ADV_X1Y2      MMCME2_ADV (Prop_mmcme2_adv_CLKIN1_CLKOUT0)
                                                     -3.163    -2.245 r  u_clk_wiz_0/inst/mmcm_adv_inst/CLKOUT0
                         net (fo=1, routed)           0.544    -1.702    u_clk_wiz_0/inst/clk_out1_clk_wiz_0
    BUFGCTRL_X0Y16       BUFG (Prop_bufg_I_O)         0.029    -1.673 r  u_clk_wiz_0/inst/clkout1_buf/O
                         net (fo=852, routed)         0.881    -0.792    u_mwfil_chiftop/u_mwfil_chifcore/CHIF2DUT.u_b2dfifo/u_dpscram/clk_out1
    RAMB36_X0Y13         RAMB36E1                                     r  u_mwfil_chiftop/u_mwfil_chifcore/CHIF2DUT.u_b2dfifo/u_dpscram/mem_reg_0/CLKBWRCLK
                         clock pessimism              0.254    -0.538    
    RAMB36_X0Y13         RAMB36E1 (Hold_ramb36e1_CLKBWRCLK_DIADI[19])
                                                      0.155    -0.383    u_mwfil_chiftop/u_mwfil_chifcore/CHIF2DUT.u_b2dfifo/u_dpscram/mem_reg_0
  -------------------------------------------------------------------
                         required time                          0.383    
                         arrival time                          -0.336    
  -------------------------------------------------------------------
                         slack                                  0.046    

Slack (MET) :             0.048ns  (arrival time - required time)
  Source:                 u_mwfil_chiftop/u_mwfil_chifcore/CHIF2DUT.u_bus2dut/shiftreg_reg[35]/C
                            (rising edge-triggered cell FDRE clocked by clk_out1_clk_wiz_0  {rise@0.000ns fall@20.000ns period=40.000ns})
  Destination:            u_mwfil_chiftop/u_mwfil_chifcore/CHIF2DUT.u_b2dfifo/u_dpscram/mem_reg_0/DIADI[27]
                            (rising edge-triggered cell RAMB36E1 clocked by clk_out1_clk_wiz_0  {rise@0.000ns fall@20.000ns period=40.000ns})
  Path Group:             clk_out1_clk_wiz_0
  Path Type:              Hold (Min at Fast Process Corner)
  Requirement:            0.000ns  (clk_out1_clk_wiz_0 rise@0.000ns - clk_out1_clk_wiz_0 rise@0.000ns)
  Data Path Delay:        0.261ns  (logic 0.141ns (53.971%)  route 0.120ns (46.029%))
  Logic Levels:           0  
  Clock Path Skew:        0.058ns (DCD - SCD - CPR)
    Destination Clock Delay (DCD):    -0.792ns
    Source Clock Delay      (SCD):    -0.596ns
    Clock Pessimism Removal (CPR):    -0.254ns

    Location             Delay type                Incr(ns)  Path(ns)    Netlist Resource(s)
  -------------------------------------------------------------------    -------------------
                         (clock clk_out1_clk_wiz_0 rise edge)
                                                      0.000     0.000 r  
    E3                                                0.000     0.000 r  sysclk (IN)
                         net (fo=0)                   0.000     0.000    u_clk_wiz_0/inst/clk_in1
    E3                   IBUF (Prop_ibuf_I_O)         0.250     0.250 r  u_clk_wiz_0/inst/clkin1_ibufg/O
                         net (fo=1, routed)           0.440     0.690    u_clk_wiz_0/inst/clk_in1_clk_wiz_0
    MMCME2_ADV_X1Y2      MMCME2_ADV (Prop_mmcme2_adv_CLKIN1_CLKOUT0)
                                                     -2.379    -1.689 r  u_clk_wiz_0/inst/mmcm_adv_inst/CLKOUT0
                         net (fo=1, routed)           0.499    -1.190    u_clk_wiz_0/inst/clk_out1_clk_wiz_0
    BUFGCTRL_X0Y16       BUFG (Prop_bufg_I_O)         0.026    -1.164 r  u_clk_wiz_0/inst/clkout1_buf/O
                         net (fo=852, routed)         0.568    -0.596    u_mwfil_chiftop/u_mwfil_chifcore/CHIF2DUT.u_bus2dut/clk_out1
    SLICE_X9Y68          FDRE                                         r  u_mwfil_chiftop/u_mwfil_chifcore/CHIF2DUT.u_bus2dut/shiftreg_reg[35]/C
  -------------------------------------------------------------------    -------------------
    SLICE_X9Y68          FDRE (Prop_fdre_C_Q)         0.141    -0.455 r  u_mwfil_chiftop/u_mwfil_chifcore/CHIF2DUT.u_bus2dut/shiftreg_reg[35]/Q
                         net (fo=2, routed)           0.120    -0.335    u_mwfil_chiftop/u_mwfil_chifcore/CHIF2DUT.u_b2dfifo/u_dpscram/wr_din[27]
    RAMB36_X0Y13         RAMB36E1                                     r  u_mwfil_chiftop/u_mwfil_chifcore/CHIF2DUT.u_b2dfifo/u_dpscram/mem_reg_0/DIADI[27]
  -------------------------------------------------------------------    -------------------

                         (clock clk_out1_clk_wiz_0 rise edge)
                                                      0.000     0.000 r  
    E3                                                0.000     0.000 r  sysclk (IN)
                         net (fo=0)                   0.000     0.000    u_clk_wiz_0/inst/clk_in1
    E3                   IBUF (Prop_ibuf_I_O)         0.438     0.438 r  u_clk_wiz_0/inst/clkin1_ibufg/O
                         net (fo=1, routed)           0.480     0.918    u_clk_wiz_0/inst/clk_in1_clk_wiz_0
    MMCME2_ADV_X1Y2      MMCME2_ADV (Prop_mmcme2_adv_CLKIN1_CLKOUT0)
                                                     -3.163    -2.245 r  u_clk_wiz_0/inst/mmcm_adv_inst/CLKOUT0
                         net (fo=1, routed)           0.544    -1.702    u_clk_wiz_0/inst/clk_out1_clk_wiz_0
    BUFGCTRL_X0Y16       BUFG (Prop_bufg_I_O)         0.029    -1.673 r  u_clk_wiz_0/inst/clkout1_buf/O
                         net (fo=852, routed)         0.881    -0.792    u_mwfil_chiftop/u_mwfil_chifcore/CHIF2DUT.u_b2dfifo/u_dpscram/clk_out1
    RAMB36_X0Y13         RAMB36E1                                     r  u_mwfil_chiftop/u_mwfil_chifcore/CHIF2DUT.u_b2dfifo/u_dpscram/mem_reg_0/CLKBWRCLK
                         clock pessimism              0.254    -0.538    
    RAMB36_X0Y13         RAMB36E1 (Hold_ramb36e1_CLKBWRCLK_DIADI[27])
                                                      0.155    -0.383    u_mwfil_chiftop/u_mwfil_chifcore/CHIF2DUT.u_b2dfifo/u_dpscram/mem_reg_0
  -------------------------------------------------------------------
                         required time                          0.383    
                         arrival time                          -0.335    
  -------------------------------------------------------------------
                         slack                                  0.048    

Slack (MET) :             0.051ns  (arrival time - required time)
  Source:                 u_mwfil_chiftop/u_mwfil_chifcore/CHIF2DUT.u_bus2dut/shiftreg_reg[26]/C
                            (rising edge-triggered cell FDRE clocked by clk_out1_clk_wiz_0  {rise@0.000ns fall@20.000ns period=40.000ns})
  Destination:            u_mwfil_chiftop/u_mwfil_chifcore/CHIF2DUT.u_b2dfifo/u_dpscram/mem_reg_0/DIADI[18]
                            (rising edge-triggered cell RAMB36E1 clocked by clk_out1_clk_wiz_0  {rise@0.000ns fall@20.000ns period=40.000ns})
  Path Group:             clk_out1_clk_wiz_0
  Path Type:              Hold (Min at Fast Process Corner)
  Requirement:            0.000ns  (clk_out1_clk_wiz_0 rise@0.000ns - clk_out1_clk_wiz_0 rise@0.000ns)
  Data Path Delay:        0.261ns  (logic 0.141ns (53.984%)  route 0.120ns (46.016%))
  Logic Levels:           0  
  Clock Path Skew:        0.055ns (DCD - SCD - CPR)
    Destination Clock Delay (DCD):    -0.792ns
    Source Clock Delay      (SCD):    -0.593ns
    Clock Pessimism Removal (CPR):    -0.254ns

    Location             Delay type                Incr(ns)  Path(ns)    Netlist Resource(s)
  -------------------------------------------------------------------    -------------------
                         (clock clk_out1_clk_wiz_0 rise edge)
                                                      0.000     0.000 r  
    E3                                                0.000     0.000 r  sysclk (IN)
                         net (fo=0)                   0.000     0.000    u_clk_wiz_0/inst/clk_in1
    E3                   IBUF (Prop_ibuf_I_O)         0.250     0.250 r  u_clk_wiz_0/inst/clkin1_ibufg/O
                         net (fo=1, routed)           0.440     0.690    u_clk_wiz_0/inst/clk_in1_clk_wiz_0
    MMCME2_ADV_X1Y2      MMCME2_ADV (Prop_mmcme2_adv_CLKIN1_CLKOUT0)
                                                     -2.379    -1.689 r  u_clk_wiz_0/inst/mmcm_adv_inst/CLKOUT0
                         net (fo=1, routed)           0.499    -1.190    u_clk_wiz_0/inst/clk_out1_clk_wiz_0
    BUFGCTRL_X0Y16       BUFG (Prop_bufg_I_O)         0.026    -1.164 r  u_clk_wiz_0/inst/clkout1_buf/O
                         net (fo=852, routed)         0.571    -0.593    u_mwfil_chiftop/u_mwfil_chifcore/CHIF2DUT.u_bus2dut/clk_out1
    SLICE_X9Y64          FDRE                                         r  u_mwfil_chiftop/u_mwfil_chifcore/CHIF2DUT.u_bus2dut/shiftreg_reg[26]/C
  -------------------------------------------------------------------    -------------------
    SLICE_X9Y64          FDRE (Prop_fdre_C_Q)         0.141    -0.452 r  u_mwfil_chiftop/u_mwfil_chifcore/CHIF2DUT.u_bus2dut/shiftreg_reg[26]/Q
                         net (fo=2, routed)           0.120    -0.332    u_mwfil_chiftop/u_mwfil_chifcore/CHIF2DUT.u_b2dfifo/u_dpscram/wr_din[18]
    RAMB36_X0Y13         RAMB36E1                                     r  u_mwfil_chiftop/u_mwfil_chifcore/CHIF2DUT.u_b2dfifo/u_dpscram/mem_reg_0/DIADI[18]
  -------------------------------------------------------------------    -------------------

                         (clock clk_out1_clk_wiz_0 rise edge)
                                                      0.000     0.000 r  
    E3                                                0.000     0.000 r  sysclk (IN)
                         net (fo=0)                   0.000     0.000    u_clk_wiz_0/inst/clk_in1
    E3                   IBUF (Prop_ibuf_I_O)         0.438     0.438 r  u_clk_wiz_0/inst/clkin1_ibufg/O
                         net (fo=1, routed)           0.480     0.918    u_clk_wiz_0/inst/clk_in1_clk_wiz_0
    MMCME2_ADV_X1Y2      MMCME2_ADV (Prop_mmcme2_adv_CLKIN1_CLKOUT0)
                                                     -3.163    -2.245 r  u_clk_wiz_0/inst/mmcm_adv_inst/CLKOUT0
                         net (fo=1, routed)           0.544    -1.702    u_clk_wiz_0/inst/clk_out1_clk_wiz_0
    BUFGCTRL_X0Y16       BUFG (Prop_bufg_I_O)         0.029    -1.673 r  u_clk_wiz_0/inst/clkout1_buf/O
                         net (fo=852, routed)         0.881    -0.792    u_mwfil_chiftop/u_mwfil_chifcore/CHIF2DUT.u_b2dfifo/u_dpscram/clk_out1
    RAMB36_X0Y13         RAMB36E1                                     r  u_mwfil_chiftop/u_mwfil_chifcore/CHIF2DUT.u_b2dfifo/u_dpscram/mem_reg_0/CLKBWRCLK
                         clock pessimism              0.254    -0.538    
    RAMB36_X0Y13         RAMB36E1 (Hold_ramb36e1_CLKBWRCLK_DIADI[18])
                                                      0.155    -0.383    u_mwfil_chiftop/u_mwfil_chifcore/CHIF2DUT.u_b2dfifo/u_dpscram/mem_reg_0
  -------------------------------------------------------------------
                         required time                          0.383    
                         arrival time                          -0.332    
  -------------------------------------------------------------------
                         slack                                  0.051    

Slack (MET) :             0.067ns  (arrival time - required time)
  Source:                 u_mwfil_chiftop/u_mwfil_chifcore/CHIF2DUT.u_bus2dut/shiftreg_reg[55]/C
                            (rising edge-triggered cell FDRE clocked by clk_out1_clk_wiz_0  {rise@0.000ns fall@20.000ns period=40.000ns})
  Destination:            u_mwfil_chiftop/u_mwfil_chifcore/CHIF2DUT.u_b2dfifo/u_dpscram/mem_reg_0/DIBDI[15]
                            (rising edge-triggered cell RAMB36E1 clocked by clk_out1_clk_wiz_0  {rise@0.000ns fall@20.000ns period=40.000ns})
  Path Group:             clk_out1_clk_wiz_0
  Path Type:              Hold (Min at Fast Process Corner)
  Requirement:            0.000ns  (clk_out1_clk_wiz_0 rise@0.000ns - clk_out1_clk_wiz_0 rise@0.000ns)
  Data Path Delay:        0.282ns  (logic 0.164ns (58.209%)  route 0.118ns (41.791%))
  Logic Levels:           0  
  Clock Path Skew:        0.059ns (DCD - SCD - CPR)
    Destination Clock Delay (DCD):    -0.792ns
    Source Clock Delay      (SCD):    -0.597ns
    Clock Pessimism Removal (CPR):    -0.254ns

    Location             Delay type                Incr(ns)  Path(ns)    Netlist Resource(s)
  -------------------------------------------------------------------    -------------------
                         (clock clk_out1_clk_wiz_0 rise edge)
                                                      0.000     0.000 r  
    E3                                                0.000     0.000 r  sysclk (IN)
                         net (fo=0)                   0.000     0.000    u_clk_wiz_0/inst/clk_in1
    E3                   IBUF (Prop_ibuf_I_O)         0.250     0.250 r  u_clk_wiz_0/inst/clkin1_ibufg/O
                         net (fo=1, routed)           0.440     0.690    u_clk_wiz_0/inst/clk_in1_clk_wiz_0
    MMCME2_ADV_X1Y2      MMCME2_ADV (Prop_mmcme2_adv_CLKIN1_CLKOUT0)
                                                     -2.379    -1.689 r  u_clk_wiz_0/inst/mmcm_adv_inst/CLKOUT0
                         net (fo=1, routed)           0.499    -1.190    u_clk_wiz_0/inst/clk_out1_clk_wiz_0
    BUFGCTRL_X0Y16       BUFG (Prop_bufg_I_O)         0.026    -1.164 r  u_clk_wiz_0/inst/clkout1_buf/O
                         net (fo=852, routed)         0.567    -0.597    u_mwfil_chiftop/u_mwfil_chifcore/CHIF2DUT.u_bus2dut/clk_out1
    SLICE_X8Y69          FDRE                                         r  u_mwfil_chiftop/u_mwfil_chifcore/CHIF2DUT.u_bus2dut/shiftreg_reg[55]/C
  -------------------------------------------------------------------    -------------------
    SLICE_X8Y69          FDRE (Prop_fdre_C_Q)         0.164    -0.433 r  u_mwfil_chiftop/u_mwfil_chifcore/CHIF2DUT.u_bus2dut/shiftreg_reg[55]/Q
                         net (fo=2, routed)           0.118    -0.316    u_mwfil_chiftop/u_mwfil_chifcore/CHIF2DUT.u_b2dfifo/u_dpscram/wr_din[47]
    RAMB36_X0Y13         RAMB36E1                                     r  u_mwfil_chiftop/u_mwfil_chifcore/CHIF2DUT.u_b2dfifo/u_dpscram/mem_reg_0/DIBDI[15]
  -------------------------------------------------------------------    -------------------

                         (clock clk_out1_clk_wiz_0 rise edge)
                                                      0.000     0.000 r  
    E3                                                0.000     0.000 r  sysclk (IN)
                         net (fo=0)                   0.000     0.000    u_clk_wiz_0/inst/clk_in1
    E3                   IBUF (Prop_ibuf_I_O)         0.438     0.438 r  u_clk_wiz_0/inst/clkin1_ibufg/O
                         net (fo=1, routed)           0.480     0.918    u_clk_wiz_0/inst/clk_in1_clk_wiz_0
    MMCME2_ADV_X1Y2      MMCME2_ADV (Prop_mmcme2_adv_CLKIN1_CLKOUT0)
                                                     -3.163    -2.245 r  u_clk_wiz_0/inst/mmcm_adv_inst/CLKOUT0
                         net (fo=1, routed)           0.544    -1.702    u_clk_wiz_0/inst/clk_out1_clk_wiz_0
    BUFGCTRL_X0Y16       BUFG (Prop_bufg_I_O)         0.029    -1.673 r  u_clk_wiz_0/inst/clkout1_buf/O
                         net (fo=852, routed)         0.881    -0.792    u_mwfil_chiftop/u_mwfil_chifcore/CHIF2DUT.u_b2dfifo/u_dpscram/clk_out1
    RAMB36_X0Y13         RAMB36E1                                     r  u_mwfil_chiftop/u_mwfil_chifcore/CHIF2DUT.u_b2dfifo/u_dpscram/mem_reg_0/CLKBWRCLK
                         clock pessimism              0.254    -0.538    
    RAMB36_X0Y13         RAMB36E1 (Hold_ramb36e1_CLKBWRCLK_DIBDI[15])
                                                      0.155    -0.383    u_mwfil_chiftop/u_mwfil_chifcore/CHIF2DUT.u_b2dfifo/u_dpscram/mem_reg_0
  -------------------------------------------------------------------
                         required time                          0.383    
                         arrival time                          -0.316    
  -------------------------------------------------------------------
                         slack                                  0.067    

Slack (MET) :             0.068ns  (arrival time - required time)
  Source:                 u_mwfil_chiftop/u_mwfil_chifcore/CHIF2DUT.u_bus2dut/shiftreg_reg[19]/C
                            (rising edge-triggered cell FDRE clocked by clk_out1_clk_wiz_0  {rise@0.000ns fall@20.000ns period=40.000ns})
  Destination:            u_mwfil_chiftop/u_mwfil_chifcore/CHIF2DUT.u_b2dfifo/u_dpscram/mem_reg_0/DIADI[11]
                            (rising edge-triggered cell RAMB36E1 clocked by clk_out1_clk_wiz_0  {rise@0.000ns fall@20.000ns period=40.000ns})
  Path Group:             clk_out1_clk_wiz_0
  Path Type:              Hold (Min at Fast Process Corner)
  Requirement:            0.000ns  (clk_out1_clk_wiz_0 rise@0.000ns - clk_out1_clk_wiz_0 rise@0.000ns)
  Data Path Delay:        0.283ns  (logic 0.164ns (58.010%)  route 0.119ns (41.990%))
  Logic Levels:           0  
  Clock Path Skew:        0.059ns (DCD - SCD - CPR)
    Destination Clock Delay (DCD):    -0.792ns
    Source Clock Delay      (SCD):    -0.597ns
    Clock Pessimism Removal (CPR):    -0.254ns

    Location             Delay type                Incr(ns)  Path(ns)    Netlist Resource(s)
  -------------------------------------------------------------------    -------------------
                         (clock clk_out1_clk_wiz_0 rise edge)
                                                      0.000     0.000 r  
    E3                                                0.000     0.000 r  sysclk (IN)
                         net (fo=0)                   0.000     0.000    u_clk_wiz_0/inst/clk_in1
    E3                   IBUF (Prop_ibuf_I_O)         0.250     0.250 r  u_clk_wiz_0/inst/clkin1_ibufg/O
                         net (fo=1, routed)           0.440     0.690    u_clk_wiz_0/inst/clk_in1_clk_wiz_0
    MMCME2_ADV_X1Y2      MMCME2_ADV (Prop_mmcme2_adv_CLKIN1_CLKOUT0)
                                                     -2.379    -1.689 r  u_clk_wiz_0/inst/mmcm_adv_inst/CLKOUT0
                         net (fo=1, routed)           0.499    -1.190    u_clk_wiz_0/inst/clk_out1_clk_wiz_0
    BUFGCTRL_X0Y16       BUFG (Prop_bufg_I_O)         0.026    -1.164 r  u_clk_wiz_0/inst/clkout1_buf/O
                         net (fo=852, routed)         0.567    -0.597    u_mwfil_chiftop/u_mwfil_chifcore/CHIF2DUT.u_bus2dut/clk_out1
    SLICE_X8Y69          FDRE                                         r  u_mwfil_chiftop/u_mwfil_chifcore/CHIF2DUT.u_bus2dut/shiftreg_reg[19]/C
  -------------------------------------------------------------------    -------------------
    SLICE_X8Y69          FDRE (Prop_fdre_C_Q)         0.164    -0.433 r  u_mwfil_chiftop/u_mwfil_chifcore/CHIF2DUT.u_bus2dut/shiftreg_reg[19]/Q
                         net (fo=2, routed)           0.119    -0.315    u_mwfil_chiftop/u_mwfil_chifcore/CHIF2DUT.u_b2dfifo/u_dpscram/wr_din[11]
    RAMB36_X0Y13         RAMB36E1                                     r  u_mwfil_chiftop/u_mwfil_chifcore/CHIF2DUT.u_b2dfifo/u_dpscram/mem_reg_0/DIADI[11]
  -------------------------------------------------------------------    -------------------

                         (clock clk_out1_clk_wiz_0 rise edge)
                                                      0.000     0.000 r  
    E3                                                0.000     0.000 r  sysclk (IN)
                         net (fo=0)                   0.000     0.000    u_clk_wiz_0/inst/clk_in1
    E3                   IBUF (Prop_ibuf_I_O)         0.438     0.438 r  u_clk_wiz_0/inst/clkin1_ibufg/O
                         net (fo=1, routed)           0.480     0.918    u_clk_wiz_0/inst/clk_in1_clk_wiz_0
    MMCME2_ADV_X1Y2      MMCME2_ADV (Prop_mmcme2_adv_CLKIN1_CLKOUT0)
                                                     -3.163    -2.245 r  u_clk_wiz_0/inst/mmcm_adv_inst/CLKOUT0
                         net (fo=1, routed)           0.544    -1.702    u_clk_wiz_0/inst/clk_out1_clk_wiz_0
    BUFGCTRL_X0Y16       BUFG (Prop_bufg_I_O)         0.029    -1.673 r  u_clk_wiz_0/inst/clkout1_buf/O
                         net (fo=852, routed)         0.881    -0.792    u_mwfil_chiftop/u_mwfil_chifcore/CHIF2DUT.u_b2dfifo/u_dpscram/clk_out1
    RAMB36_X0Y13         RAMB36E1                                     r  u_mwfil_chiftop/u_mwfil_chifcore/CHIF2DUT.u_b2dfifo/u_dpscram/mem_reg_0/CLKBWRCLK
                         clock pessimism              0.254    -0.538    
    RAMB36_X0Y13         RAMB36E1 (Hold_ramb36e1_CLKBWRCLK_DIADI[11])
                                                      0.155    -0.383    u_mwfil_chiftop/u_mwfil_chifcore/CHIF2DUT.u_b2dfifo/u_dpscram/mem_reg_0
  -------------------------------------------------------------------
                         required time                          0.383    
                         arrival time                          -0.315    
  -------------------------------------------------------------------
                         slack                                  0.068    

Slack (MET) :             0.069ns  (arrival time - required time)
  Source:                 u_mwfil_chiftop/u_mwfil_chifcore/CHIF2DUT.u_bus2dut/shiftreg_reg[32]/C
                            (rising edge-triggered cell FDRE clocked by clk_out1_clk_wiz_0  {rise@0.000ns fall@20.000ns period=40.000ns})
  Destination:            u_mwfil_chiftop/u_mwfil_chifcore/CHIF2DUT.u_b2dfifo/u_dpscram/mem_reg_0/DIADI[24]
                            (rising edge-triggered cell RAMB36E1 clocked by clk_out1_clk_wiz_0  {rise@0.000ns fall@20.000ns period=40.000ns})
  Path Group:             clk_out1_clk_wiz_0
  Path Type:              Hold (Min at Fast Process Corner)
  Requirement:            0.000ns  (clk_out1_clk_wiz_0 rise@0.000ns - clk_out1_clk_wiz_0 rise@0.000ns)
  Data Path Delay:        0.281ns  (logic 0.164ns (58.417%)  route 0.117ns (41.583%))
  Logic Levels:           0  
  Clock Path Skew:        0.056ns (DCD - SCD - CPR)
    Destination Clock Delay (DCD):    -0.792ns
    Source Clock Delay      (SCD):    -0.594ns
    Clock Pessimism Removal (CPR):    -0.254ns

    Location             Delay type                Incr(ns)  Path(ns)    Netlist Resource(s)
  -------------------------------------------------------------------    -------------------
                         (clock clk_out1_clk_wiz_0 rise edge)
                                                      0.000     0.000 r  
    E3                                                0.000     0.000 r  sysclk (IN)
                         net (fo=0)                   0.000     0.000    u_clk_wiz_0/inst/clk_in1
    E3                   IBUF (Prop_ibuf_I_O)         0.250     0.250 r  u_clk_wiz_0/inst/clkin1_ibufg/O
                         net (fo=1, routed)           0.440     0.690    u_clk_wiz_0/inst/clk_in1_clk_wiz_0
    MMCME2_ADV_X1Y2      MMCME2_ADV (Prop_mmcme2_adv_CLKIN1_CLKOUT0)
                                                     -2.379    -1.689 r  u_clk_wiz_0/inst/mmcm_adv_inst/CLKOUT0
                         net (fo=1, routed)           0.499    -1.190    u_clk_wiz_0/inst/clk_out1_clk_wiz_0
    BUFGCTRL_X0Y16       BUFG (Prop_bufg_I_O)         0.026    -1.164 r  u_clk_wiz_0/inst/clkout1_buf/O
                         net (fo=852, routed)         0.570    -0.594    u_mwfil_chiftop/u_mwfil_chifcore/CHIF2DUT.u_bus2dut/clk_out1
    SLICE_X8Y66          FDRE                                         r  u_mwfil_chiftop/u_mwfil_chifcore/CHIF2DUT.u_bus2dut/shiftreg_reg[32]/C
  -------------------------------------------------------------------    -------------------
    SLICE_X8Y66          FDRE (Prop_fdre_C_Q)         0.164    -0.430 r  u_mwfil_chiftop/u_mwfil_chifcore/CHIF2DUT.u_bus2dut/shiftreg_reg[32]/Q
                         net (fo=2, routed)           0.117    -0.314    u_mwfil_chiftop/u_mwfil_chifcore/CHIF2DUT.u_b2dfifo/u_dpscram/wr_din[24]
    RAMB36_X0Y13         RAMB36E1                                     r  u_mwfil_chiftop/u_mwfil_chifcore/CHIF2DUT.u_b2dfifo/u_dpscram/mem_reg_0/DIADI[24]
  -------------------------------------------------------------------    -------------------

                         (clock clk_out1_clk_wiz_0 rise edge)
                                                      0.000     0.000 r  
    E3                                                0.000     0.000 r  sysclk (IN)
                         net (fo=0)                   0.000     0.000    u_clk_wiz_0/inst/clk_in1
    E3                   IBUF (Prop_ibuf_I_O)         0.438     0.438 r  u_clk_wiz_0/inst/clkin1_ibufg/O
                         net (fo=1, routed)           0.480     0.918    u_clk_wiz_0/inst/clk_in1_clk_wiz_0
    MMCME2_ADV_X1Y2      MMCME2_ADV (Prop_mmcme2_adv_CLKIN1_CLKOUT0)
                                                     -3.163    -2.245 r  u_clk_wiz_0/inst/mmcm_adv_inst/CLKOUT0
                         net (fo=1, routed)           0.544    -1.702    u_clk_wiz_0/inst/clk_out1_clk_wiz_0
    BUFGCTRL_X0Y16       BUFG (Prop_bufg_I_O)         0.029    -1.673 r  u_clk_wiz_0/inst/clkout1_buf/O
                         net (fo=852, routed)         0.881    -0.792    u_mwfil_chiftop/u_mwfil_chifcore/CHIF2DUT.u_b2dfifo/u_dpscram/clk_out1
    RAMB36_X0Y13         RAMB36E1                                     r  u_mwfil_chiftop/u_mwfil_chifcore/CHIF2DUT.u_b2dfifo/u_dpscram/mem_reg_0/CLKBWRCLK
                         clock pessimism              0.254    -0.538    
    RAMB36_X0Y13         RAMB36E1 (Hold_ramb36e1_CLKBWRCLK_DIADI[24])
                                                      0.155    -0.383    u_mwfil_chiftop/u_mwfil_chifcore/CHIF2DUT.u_b2dfifo/u_dpscram/mem_reg_0
  -------------------------------------------------------------------
                         required time                          0.383    
                         arrival time                          -0.314    
  -------------------------------------------------------------------
                         slack                                  0.069    

Slack (MET) :             0.074ns  (arrival time - required time)
  Source:                 u_mwfil_chiftop/u_mwfil_chifcore/CHIF2DUT.u_bus2dut/shiftreg_reg[85]/C
                            (rising edge-triggered cell FDRE clocked by clk_out1_clk_wiz_0  {rise@0.000ns fall@20.000ns period=40.000ns})
  Destination:            u_mwfil_chiftop/u_mwfil_chifcore/CHIF2DUT.u_b2dfifo/u_dpscram/mem_reg_1/DIADI[5]
                            (rising edge-triggered cell RAMB18E1 clocked by clk_out1_clk_wiz_0  {rise@0.000ns fall@20.000ns period=40.000ns})
  Path Group:             clk_out1_clk_wiz_0
  Path Type:              Hold (Min at Fast Process Corner)
  Requirement:            0.000ns  (clk_out1_clk_wiz_0 rise@0.000ns - clk_out1_clk_wiz_0 rise@0.000ns)
  Data Path Delay:        0.284ns  (logic 0.164ns (57.695%)  route 0.120ns (42.305%))
  Logic Levels:           0  
  Clock Path Skew:        0.055ns (DCD - SCD - CPR)
    Destination Clock Delay (DCD):    -0.797ns
    Source Clock Delay      (SCD):    -0.598ns
    Clock Pessimism Removal (CPR):    -0.254ns

    Location             Delay type                Incr(ns)  Path(ns)    Netlist Resource(s)
  -------------------------------------------------------------------    -------------------
                         (clock clk_out1_clk_wiz_0 rise edge)
                                                      0.000     0.000 r  
    E3                                                0.000     0.000 r  sysclk (IN)
                         net (fo=0)                   0.000     0.000    u_clk_wiz_0/inst/clk_in1
    E3                   IBUF (Prop_ibuf_I_O)         0.250     0.250 r  u_clk_wiz_0/inst/clkin1_ibufg/O
                         net (fo=1, routed)           0.440     0.690    u_clk_wiz_0/inst/clk_in1_clk_wiz_0
    MMCME2_ADV_X1Y2      MMCME2_ADV (Prop_mmcme2_adv_CLKIN1_CLKOUT0)
                                                     -2.379    -1.689 r  u_clk_wiz_0/inst/mmcm_adv_inst/CLKOUT0
                         net (fo=1, routed)           0.499    -1.190    u_clk_wiz_0/inst/clk_out1_clk_wiz_0
    BUFGCTRL_X0Y16       BUFG (Prop_bufg_I_O)         0.026    -1.164 r  u_clk_wiz_0/inst/clkout1_buf/O
                         net (fo=852, routed)         0.566    -0.598    u_mwfil_chiftop/u_mwfil_chifcore/CHIF2DUT.u_bus2dut/clk_out1
    SLICE_X8Y70          FDRE                                         r  u_mwfil_chiftop/u_mwfil_chifcore/CHIF2DUT.u_bus2dut/shiftreg_reg[85]/C
  -------------------------------------------------------------------    -------------------
    SLICE_X8Y70          FDRE (Prop_fdre_C_Q)         0.164    -0.434 r  u_mwfil_chiftop/u_mwfil_chifcore/CHIF2DUT.u_bus2dut/shiftreg_reg[85]/Q
                         net (fo=2, routed)           0.120    -0.314    u_mwfil_chiftop/u_mwfil_chifcore/CHIF2DUT.u_b2dfifo/u_dpscram/wr_din[77]
    RAMB18_X0Y28         RAMB18E1                                     r  u_mwfil_chiftop/u_mwfil_chifcore/CHIF2DUT.u_b2dfifo/u_dpscram/mem_reg_1/DIADI[5]
  -------------------------------------------------------------------    -------------------

                         (clock clk_out1_clk_wiz_0 rise edge)
                                                      0.000     0.000 r  
    E3                                                0.000     0.000 r  sysclk (IN)
                         net (fo=0)                   0.000     0.000    u_clk_wiz_0/inst/clk_in1
    E3                   IBUF (Prop_ibuf_I_O)         0.438     0.438 r  u_clk_wiz_0/inst/clkin1_ibufg/O
                         net (fo=1, routed)           0.480     0.918    u_clk_wiz_0/inst/clk_in1_clk_wiz_0
    MMCME2_ADV_X1Y2      MMCME2_ADV (Prop_mmcme2_adv_CLKIN1_CLKOUT0)
                                                     -3.163    -2.245 r  u_clk_wiz_0/inst/mmcm_adv_inst/CLKOUT0
                         net (fo=1, routed)           0.544    -1.702    u_clk_wiz_0/inst/clk_out1_clk_wiz_0
    BUFGCTRL_X0Y16       BUFG (Prop_bufg_I_O)         0.029    -1.673 r  u_clk_wiz_0/inst/clkout1_buf/O
                         net (fo=852, routed)         0.876    -0.797    u_mwfil_chiftop/u_mwfil_chifcore/CHIF2DUT.u_b2dfifo/u_dpscram/clk_out1
    RAMB18_X0Y28         RAMB18E1                                     r  u_mwfil_chiftop/u_mwfil_chifcore/CHIF2DUT.u_b2dfifo/u_dpscram/mem_reg_1/CLKBWRCLK
                         clock pessimism              0.254    -0.543    
    RAMB18_X0Y28         RAMB18E1 (Hold_ramb18e1_CLKBWRCLK_DIADI[5])
                                                      0.155    -0.388    u_mwfil_chiftop/u_mwfil_chifcore/CHIF2DUT.u_b2dfifo/u_dpscram/mem_reg_1
  -------------------------------------------------------------------
                         required time                          0.388    
                         arrival time                          -0.314    
  -------------------------------------------------------------------
                         slack                                  0.074    

Slack (MET) :             0.074ns  (arrival time - required time)
  Source:                 u_mwfil_chiftop/u_mwfil_chifcore/CHIF2DUT.u_bus2dut/shiftreg_reg[80]/C
                            (rising edge-triggered cell FDRE clocked by clk_out1_clk_wiz_0  {rise@0.000ns fall@20.000ns period=40.000ns})
  Destination:            u_mwfil_chiftop/u_mwfil_chifcore/CHIF2DUT.u_b2dfifo/u_dpscram/mem_reg_1/DIADI[0]
                            (rising edge-triggered cell RAMB18E1 clocked by clk_out1_clk_wiz_0  {rise@0.000ns fall@20.000ns period=40.000ns})
  Path Group:             clk_out1_clk_wiz_0
  Path Type:              Hold (Min at Fast Process Corner)
  Requirement:            0.000ns  (clk_out1_clk_wiz_0 rise@0.000ns - clk_out1_clk_wiz_0 rise@0.000ns)
  Data Path Delay:        0.284ns  (logic 0.141ns (49.579%)  route 0.143ns (50.421%))
  Logic Levels:           0  
  Clock Path Skew:        0.055ns (DCD - SCD - CPR)
    Destination Clock Delay (DCD):    -0.797ns
    Source Clock Delay      (SCD):    -0.598ns
    Clock Pessimism Removal (CPR):    -0.254ns

    Location             Delay type                Incr(ns)  Path(ns)    Netlist Resource(s)
  -------------------------------------------------------------------    -------------------
                         (clock clk_out1_clk_wiz_0 rise edge)
                                                      0.000     0.000 r  
    E3                                                0.000     0.000 r  sysclk (IN)
                         net (fo=0)                   0.000     0.000    u_clk_wiz_0/inst/clk_in1
    E3                   IBUF (Prop_ibuf_I_O)         0.250     0.250 r  u_clk_wiz_0/inst/clkin1_ibufg/O
                         net (fo=1, routed)           0.440     0.690    u_clk_wiz_0/inst/clk_in1_clk_wiz_0
    MMCME2_ADV_X1Y2      MMCME2_ADV (Prop_mmcme2_adv_CLKIN1_CLKOUT0)
                                                     -2.379    -1.689 r  u_clk_wiz_0/inst/mmcm_adv_inst/CLKOUT0
                         net (fo=1, routed)           0.499    -1.190    u_clk_wiz_0/inst/clk_out1_clk_wiz_0
    BUFGCTRL_X0Y16       BUFG (Prop_bufg_I_O)         0.026    -1.164 r  u_clk_wiz_0/inst/clkout1_buf/O
                         net (fo=852, routed)         0.566    -0.598    u_mwfil_chiftop/u_mwfil_chifcore/CHIF2DUT.u_bus2dut/clk_out1
    SLICE_X9Y70          FDRE                                         r  u_mwfil_chiftop/u_mwfil_chifcore/CHIF2DUT.u_bus2dut/shiftreg_reg[80]/C
  -------------------------------------------------------------------    -------------------
    SLICE_X9Y70          FDRE (Prop_fdre_C_Q)         0.141    -0.457 r  u_mwfil_chiftop/u_mwfil_chifcore/CHIF2DUT.u_bus2dut/shiftreg_reg[80]/Q
                         net (fo=2, routed)           0.143    -0.314    u_mwfil_chiftop/u_mwfil_chifcore/CHIF2DUT.u_b2dfifo/u_dpscram/wr_din[72]
    RAMB18_X0Y28         RAMB18E1                                     r  u_mwfil_chiftop/u_mwfil_chifcore/CHIF2DUT.u_b2dfifo/u_dpscram/mem_reg_1/DIADI[0]
  -------------------------------------------------------------------    -------------------

                         (clock clk_out1_clk_wiz_0 rise edge)
                                                      0.000     0.000 r  
    E3                                                0.000     0.000 r  sysclk (IN)
                         net (fo=0)                   0.000     0.000    u_clk_wiz_0/inst/clk_in1
    E3                   IBUF (Prop_ibuf_I_O)         0.438     0.438 r  u_clk_wiz_0/inst/clkin1_ibufg/O
                         net (fo=1, routed)           0.480     0.918    u_clk_wiz_0/inst/clk_in1_clk_wiz_0
    MMCME2_ADV_X1Y2      MMCME2_ADV (Prop_mmcme2_adv_CLKIN1_CLKOUT0)
                                                     -3.163    -2.245 r  u_clk_wiz_0/inst/mmcm_adv_inst/CLKOUT0
                         net (fo=1, routed)           0.544    -1.702    u_clk_wiz_0/inst/clk_out1_clk_wiz_0
    BUFGCTRL_X0Y16       BUFG (Prop_bufg_I_O)         0.029    -1.673 r  u_clk_wiz_0/inst/clkout1_buf/O
                         net (fo=852, routed)         0.876    -0.797    u_mwfil_chiftop/u_mwfil_chifcore/CHIF2DUT.u_b2dfifo/u_dpscram/clk_out1
    RAMB18_X0Y28         RAMB18E1                                     r  u_mwfil_chiftop/u_mwfil_chifcore/CHIF2DUT.u_b2dfifo/u_dpscram/mem_reg_1/CLKBWRCLK
                         clock pessimism              0.254    -0.543    
    RAMB18_X0Y28         RAMB18E1 (Hold_ramb18e1_CLKBWRCLK_DIADI[0])
                                                      0.155    -0.388    u_mwfil_chiftop/u_mwfil_chifcore/CHIF2DUT.u_b2dfifo/u_dpscram/mem_reg_1
  -------------------------------------------------------------------
                         required time                          0.388    
                         arrival time                          -0.314    
  -------------------------------------------------------------------
                         slack                                  0.074    

Slack (MET) :             0.084ns  (arrival time - required time)
  Source:                 u_mwfil_chiftop/u_mwfil_chifcore/CHIF2DUT.u_bus2dut/shiftreg_reg[13]/C
                            (rising edge-triggered cell FDRE clocked by clk_out1_clk_wiz_0  {rise@0.000ns fall@20.000ns period=40.000ns})
  Destination:            u_mwfil_chiftop/u_mwfil_chifcore/CHIF2DUT.u_b2dfifo/u_dpscram/mem_reg_0/DIADI[5]
                            (rising edge-triggered cell RAMB36E1 clocked by clk_out1_clk_wiz_0  {rise@0.000ns fall@20.000ns period=40.000ns})
  Path Group:             clk_out1_clk_wiz_0
  Path Type:              Hold (Min at Fast Process Corner)
  Requirement:            0.000ns  (clk_out1_clk_wiz_0 rise@0.000ns - clk_out1_clk_wiz_0 rise@0.000ns)
  Data Path Delay:        0.320ns  (logic 0.141ns (44.074%)  route 0.179ns (55.926%))
  Logic Levels:           0  
  Clock Path Skew:        0.080ns (DCD - SCD - CPR)
    Destination Clock Delay (DCD):    -0.792ns
    Source Clock Delay      (SCD):    -0.597ns
    Clock Pessimism Removal (CPR):    -0.275ns

    Location             Delay type                Incr(ns)  Path(ns)    Netlist Resource(s)
  -------------------------------------------------------------------    -------------------
                         (clock clk_out1_clk_wiz_0 rise edge)
                                                      0.000     0.000 r  
    E3                                                0.000     0.000 r  sysclk (IN)
                         net (fo=0)                   0.000     0.000    u_clk_wiz_0/inst/clk_in1
    E3                   IBUF (Prop_ibuf_I_O)         0.250     0.250 r  u_clk_wiz_0/inst/clkin1_ibufg/O
                         net (fo=1, routed)           0.440     0.690    u_clk_wiz_0/inst/clk_in1_clk_wiz_0
    MMCME2_ADV_X1Y2      MMCME2_ADV (Prop_mmcme2_adv_CLKIN1_CLKOUT0)
                                                     -2.379    -1.689 r  u_clk_wiz_0/inst/mmcm_adv_inst/CLKOUT0
                         net (fo=1, routed)           0.499    -1.190    u_clk_wiz_0/inst/clk_out1_clk_wiz_0
    BUFGCTRL_X0Y16       BUFG (Prop_bufg_I_O)         0.026    -1.164 r  u_clk_wiz_0/inst/clkout1_buf/O
                         net (fo=852, routed)         0.567    -0.597    u_mwfil_chiftop/u_mwfil_chifcore/CHIF2DUT.u_bus2dut/clk_out1
    SLICE_X11Y69         FDRE                                         r  u_mwfil_chiftop/u_mwfil_chifcore/CHIF2DUT.u_bus2dut/shiftreg_reg[13]/C
  -------------------------------------------------------------------    -------------------
    SLICE_X11Y69         FDRE (Prop_fdre_C_Q)         0.141    -0.456 r  u_mwfil_chiftop/u_mwfil_chifcore/CHIF2DUT.u_bus2dut/shiftreg_reg[13]/Q
                         net (fo=1, routed)           0.179    -0.277    u_mwfil_chiftop/u_mwfil_chifcore/CHIF2DUT.u_b2dfifo/u_dpscram/wr_din[5]
    RAMB36_X0Y13         RAMB36E1                                     r  u_mwfil_chiftop/u_mwfil_chifcore/CHIF2DUT.u_b2dfifo/u_dpscram/mem_reg_0/DIADI[5]
  -------------------------------------------------------------------    -------------------

                         (clock clk_out1_clk_wiz_0 rise edge)
                                                      0.000     0.000 r  
    E3                                                0.000     0.000 r  sysclk (IN)
                         net (fo=0)                   0.000     0.000    u_clk_wiz_0/inst/clk_in1
    E3                   IBUF (Prop_ibuf_I_O)         0.438     0.438 r  u_clk_wiz_0/inst/clkin1_ibufg/O
                         net (fo=1, routed)           0.480     0.918    u_clk_wiz_0/inst/clk_in1_clk_wiz_0
    MMCME2_ADV_X1Y2      MMCME2_ADV (Prop_mmcme2_adv_CLKIN1_CLKOUT0)
                                                     -3.163    -2.245 r  u_clk_wiz_0/inst/mmcm_adv_inst/CLKOUT0
                         net (fo=1, routed)           0.544    -1.702    u_clk_wiz_0/inst/clk_out1_clk_wiz_0
    BUFGCTRL_X0Y16       BUFG (Prop_bufg_I_O)         0.029    -1.673 r  u_clk_wiz_0/inst/clkout1_buf/O
                         net (fo=852, routed)         0.881    -0.792    u_mwfil_chiftop/u_mwfil_chifcore/CHIF2DUT.u_b2dfifo/u_dpscram/clk_out1
    RAMB36_X0Y13         RAMB36E1                                     r  u_mwfil_chiftop/u_mwfil_chifcore/CHIF2DUT.u_b2dfifo/u_dpscram/mem_reg_0/CLKBWRCLK
                         clock pessimism              0.275    -0.517    
    RAMB36_X0Y13         RAMB36E1 (Hold_ramb36e1_CLKBWRCLK_DIADI[5])
                                                      0.155    -0.362    u_mwfil_chiftop/u_mwfil_chifcore/CHIF2DUT.u_b2dfifo/u_dpscram/mem_reg_0
  -------------------------------------------------------------------
                         required time                          0.362    
                         arrival time                          -0.277    
  -------------------------------------------------------------------
                         slack                                  0.084    

Slack (MET) :             0.087ns  (arrival time - required time)
  Source:                 u_mwfil_chiftop/u_mwfil_chifcore/CHIF2DUT.u_bus2dut/shiftreg_reg[11]/C
                            (rising edge-triggered cell FDRE clocked by clk_out1_clk_wiz_0  {rise@0.000ns fall@20.000ns period=40.000ns})
  Destination:            u_mwfil_chiftop/u_mwfil_chifcore/CHIF2DUT.u_b2dfifo/u_dpscram/mem_reg_0/DIADI[3]
                            (rising edge-triggered cell RAMB36E1 clocked by clk_out1_clk_wiz_0  {rise@0.000ns fall@20.000ns period=40.000ns})
  Path Group:             clk_out1_clk_wiz_0
  Path Type:              Hold (Min at Fast Process Corner)
  Requirement:            0.000ns  (clk_out1_clk_wiz_0 rise@0.000ns - clk_out1_clk_wiz_0 rise@0.000ns)
  Data Path Delay:        0.301ns  (logic 0.141ns (46.852%)  route 0.160ns (53.148%))
  Logic Levels:           0  
  Clock Path Skew:        0.058ns (DCD - SCD - CPR)
    Destination Clock Delay (DCD):    -0.792ns
    Source Clock Delay      (SCD):    -0.596ns
    Clock Pessimism Removal (CPR):    -0.254ns

    Location             Delay type                Incr(ns)  Path(ns)    Netlist Resource(s)
  -------------------------------------------------------------------    -------------------
                         (clock clk_out1_clk_wiz_0 rise edge)
                                                      0.000     0.000 r  
    E3                                                0.000     0.000 r  sysclk (IN)
                         net (fo=0)                   0.000     0.000    u_clk_wiz_0/inst/clk_in1
    E3                   IBUF (Prop_ibuf_I_O)         0.250     0.250 r  u_clk_wiz_0/inst/clkin1_ibufg/O
                         net (fo=1, routed)           0.440     0.690    u_clk_wiz_0/inst/clk_in1_clk_wiz_0
    MMCME2_ADV_X1Y2      MMCME2_ADV (Prop_mmcme2_adv_CLKIN1_CLKOUT0)
                                                     -2.379    -1.689 r  u_clk_wiz_0/inst/mmcm_adv_inst/CLKOUT0
                         net (fo=1, routed)           0.499    -1.190    u_clk_wiz_0/inst/clk_out1_clk_wiz_0
    BUFGCTRL_X0Y16       BUFG (Prop_bufg_I_O)         0.026    -1.164 r  u_clk_wiz_0/inst/clkout1_buf/O
                         net (fo=852, routed)         0.568    -0.596    u_mwfil_chiftop/u_mwfil_chifcore/CHIF2DUT.u_bus2dut/clk_out1
    SLICE_X9Y68          FDRE                                         r  u_mwfil_chiftop/u_mwfil_chifcore/CHIF2DUT.u_bus2dut/shiftreg_reg[11]/C
  -------------------------------------------------------------------    -------------------
    SLICE_X9Y68          FDRE (Prop_fdre_C_Q)         0.141    -0.455 r  u_mwfil_chiftop/u_mwfil_chifcore/CHIF2DUT.u_bus2dut/shiftreg_reg[11]/Q
                         net (fo=1, routed)           0.160    -0.295    u_mwfil_chiftop/u_mwfil_chifcore/CHIF2DUT.u_b2dfifo/u_dpscram/wr_din[3]
    RAMB36_X0Y13         RAMB36E1                                     r  u_mwfil_chiftop/u_mwfil_chifcore/CHIF2DUT.u_b2dfifo/u_dpscram/mem_reg_0/DIADI[3]
  -------------------------------------------------------------------    -------------------

                         (clock clk_out1_clk_wiz_0 rise edge)
                                                      0.000     0.000 r  
    E3                                                0.000     0.000 r  sysclk (IN)
                         net (fo=0)                   0.000     0.000    u_clk_wiz_0/inst/clk_in1
    E3                   IBUF (Prop_ibuf_I_O)         0.438     0.438 r  u_clk_wiz_0/inst/clkin1_ibufg/O
                         net (fo=1, routed)           0.480     0.918    u_clk_wiz_0/inst/clk_in1_clk_wiz_0
    MMCME2_ADV_X1Y2      MMCME2_ADV (Prop_mmcme2_adv_CLKIN1_CLKOUT0)
                                                     -3.163    -2.245 r  u_clk_wiz_0/inst/mmcm_adv_inst/CLKOUT0
                         net (fo=1, routed)           0.544    -1.702    u_clk_wiz_0/inst/clk_out1_clk_wiz_0
    BUFGCTRL_X0Y16       BUFG (Prop_bufg_I_O)         0.029    -1.673 r  u_clk_wiz_0/inst/clkout1_buf/O
                         net (fo=852, routed)         0.881    -0.792    u_mwfil_chiftop/u_mwfil_chifcore/CHIF2DUT.u_b2dfifo/u_dpscram/clk_out1
    RAMB36_X0Y13         RAMB36E1                                     r  u_mwfil_chiftop/u_mwfil_chifcore/CHIF2DUT.u_b2dfifo/u_dpscram/mem_reg_0/CLKBWRCLK
                         clock pessimism              0.254    -0.538    
    RAMB36_X0Y13         RAMB36E1 (Hold_ramb36e1_CLKBWRCLK_DIADI[3])
                                                      0.155    -0.383    u_mwfil_chiftop/u_mwfil_chifcore/CHIF2DUT.u_b2dfifo/u_dpscram/mem_reg_0
  -------------------------------------------------------------------
                         required time                          0.383    
                         arrival time                          -0.295    
  -------------------------------------------------------------------
                         slack                                  0.087    





Pulse Width Checks
--------------------------------------------------------------------------------------
Clock Name:         clk_out1_clk_wiz_0
Waveform(ns):       { 0.000 20.000 }
Period(ns):         40.000
Sources:            { u_clk_wiz_0/inst/mmcm_adv_inst/CLKOUT0 }

Check Type        Corner  Lib Pin             Reference Pin  Required(ns)  Actual(ns)  Slack(ns)  Location         Pin
Min Period        n/a     RAMB36E1/CLKARDCLK  n/a            2.944         40.000      37.056     RAMB36_X0Y13     u_mwfil_chiftop/u_mwfil_chifcore/CHIF2DUT.u_b2dfifo/u_dpscram/mem_reg_0/CLKARDCLK
Min Period        n/a     RAMB36E1/CLKBWRCLK  n/a            2.944         40.000      37.056     RAMB36_X0Y13     u_mwfil_chiftop/u_mwfil_chifcore/CHIF2DUT.u_b2dfifo/u_dpscram/mem_reg_0/CLKBWRCLK
Min Period        n/a     RAMB18E1/CLKARDCLK  n/a            2.944         40.000      37.056     RAMB18_X0Y28     u_mwfil_chiftop/u_mwfil_chifcore/CHIF2DUT.u_b2dfifo/u_dpscram/mem_reg_1/CLKARDCLK
Min Period        n/a     RAMB18E1/CLKBWRCLK  n/a            2.944         40.000      37.056     RAMB18_X0Y28     u_mwfil_chiftop/u_mwfil_chifcore/CHIF2DUT.u_b2dfifo/u_dpscram/mem_reg_1/CLKBWRCLK
Min Period        n/a     RAMB36E1/CLKARDCLK  n/a            2.944         40.000      37.056     RAMB36_X0Y11     u_mwfil_chiftop/u_mwfil_chifcore/DUT2CHIF.u_d2bfifo/u_dpscram/mem_reg_0/CLKARDCLK
Min Period        n/a     RAMB36E1/CLKBWRCLK  n/a            2.944         40.000      37.056     RAMB36_X0Y11     u_mwfil_chiftop/u_mwfil_chifcore/DUT2CHIF.u_d2bfifo/u_dpscram/mem_reg_0/CLKBWRCLK
Min Period        n/a     RAMB36E1/CLKARDCLK  n/a            2.944         40.000      37.056     RAMB36_X0Y12     u_mwfil_chiftop/u_mwfil_chifcore/DUT2CHIF.u_d2bfifo/u_dpscram/mem_reg_1/CLKARDCLK
Min Period        n/a     RAMB36E1/CLKBWRCLK  n/a            2.944         40.000      37.056     RAMB36_X0Y12     u_mwfil_chiftop/u_mwfil_chifcore/DUT2CHIF.u_d2bfifo/u_dpscram/mem_reg_1/CLKBWRCLK
Min Period        n/a     RAMB36E1/CLKARDCLK  n/a            2.576         40.000      37.424     RAMB36_X0Y16     u_jtag_mac/u_post_chif_fifo/u_jtag_mac_fifo/U0/inst_fifo_gen/gconvfifo.rf/grf.rf/gntv_or_sync_fifo.mem/gbm.gbmg.gbmga.ngecc.bmg/inst_blk_mem_gen/gnbram.gnativebmg.native_blk_mem_gen/valid.cstr/ramloop[0].ram.r/prim_noinit.ram/DEVICE_7SERIES.NO_BMM_INFO.SDP.SIMPLE_PRIM36.ram/CLKARDCLK
Min Period        n/a     RAMB36E1/CLKBWRCLK  n/a            2.576         40.000      37.424     RAMB36_X0Y15     u_jtag_mac/u_pre_chif_fifo/u_jtag_mac_fifo/U0/inst_fifo_gen/gconvfifo.rf/grf.rf/gntv_or_sync_fifo.mem/gbm.gbmg.gbmga.ngecc.bmg/inst_blk_mem_gen/gnbram.gnativebmg.native_blk_mem_gen/valid.cstr/ramloop[0].ram.r/prim_noinit.ram/DEVICE_7SERIES.NO_BMM_INFO.SDP.SIMPLE_PRIM36.ram/CLKBWRCLK
Max Period        n/a     MMCME2_ADV/CLKOUT0  n/a            213.360       40.000      173.360    MMCME2_ADV_X1Y2  u_clk_wiz_0/inst/mmcm_adv_inst/CLKOUT0
Low Pulse Width   Slow    SRL16E/CLK          n/a            0.980         20.000      19.020     SLICE_X6Y85      u_jtag_mac/u_post_chif_fifo/u_jtag_mac_fifo/U0/inst_fifo_gen/gconvfifo.rf/grf.rf/gntv_or_sync_fifo.mem/gbm.gbmg.gbmga.ngecc.bmg/inst_blk_mem_gen/gnbram.gnativebmg.native_blk_mem_gen/valid.cstr/ramloop[0].ram.r/SAFETY_CKT_GEN.RSTA_SHFT_REG_reg[3]_srl3/CLK
Low Pulse Width   Fast    SRL16E/CLK          n/a            0.980         20.000      19.020     SLICE_X6Y85      u_jtag_mac/u_post_chif_fifo/u_jtag_mac_fifo/U0/inst_fifo_gen/gconvfifo.rf/grf.rf/gntv_or_sync_fifo.mem/gbm.gbmg.gbmga.ngecc.bmg/inst_blk_mem_gen/gnbram.gnativebmg.native_blk_mem_gen/valid.cstr/ramloop[0].ram.r/SAFETY_CKT_GEN.RSTA_SHFT_REG_reg[3]_srl3/CLK
Low Pulse Width   Slow    SRL16E/CLK          n/a            0.980         20.000      19.020     SLICE_X2Y75      u_jtag_mac/u_pre_chif_fifo/u_jtag_mac_fifo/U0/inst_fifo_gen/gconvfifo.rf/grf.rf/gntv_or_sync_fifo.mem/gbm.gbmg.gbmga.ngecc.bmg/inst_blk_mem_gen/gnbram.gnativebmg.native_blk_mem_gen/valid.cstr/ramloop[0].ram.r/SAFETY_CKT_GEN.RSTB_SHFT_REG_reg[3]_srl3/CLK
Low Pulse Width   Fast    SRL16E/CLK          n/a            0.980         20.000      19.020     SLICE_X2Y75      u_jtag_mac/u_pre_chif_fifo/u_jtag_mac_fifo/U0/inst_fifo_gen/gconvfifo.rf/grf.rf/gntv_or_sync_fifo.mem/gbm.gbmg.gbmga.ngecc.bmg/inst_blk_mem_gen/gnbram.gnativebmg.native_blk_mem_gen/valid.cstr/ramloop[0].ram.r/SAFETY_CKT_GEN.RSTB_SHFT_REG_reg[3]_srl3/CLK
Low Pulse Width   Slow    SRL16E/CLK          n/a            0.980         20.000      19.020     SLICE_X14Y66     u_jtag_mac/u_simcycle_fifo/u_simcycle_fifo/U0/inst_fifo_gen/gconvfifo.rf/grf.rf/gntv_or_sync_fifo.mem/gbm.gbmg.gbmga.ngecc.bmg/inst_blk_mem_gen/gnbram.gnativebmg.native_blk_mem_gen/valid.cstr/ramloop[0].ram.r/SAFETY_CKT_GEN.RSTB_SHFT_REG_reg[3]_srl3/CLK
Low Pulse Width   Fast    SRL16E/CLK          n/a            0.980         20.000      19.020     SLICE_X14Y66     u_jtag_mac/u_simcycle_fifo/u_simcycle_fifo/U0/inst_fifo_gen/gconvfifo.rf/grf.rf/gntv_or_sync_fifo.mem/gbm.gbmg.gbmga.ngecc.bmg/inst_blk_mem_gen/gnbram.gnativebmg.native_blk_mem_gen/valid.cstr/ramloop[0].ram.r/SAFETY_CKT_GEN.RSTB_SHFT_REG_reg[3]_srl3/CLK
Low Pulse Width   Slow    FDRE/C              n/a            0.500         20.000      19.500     SLICE_X4Y70      u_jtag_mac/chif_din_valid_reg/C
Low Pulse Width   Fast    FDRE/C              n/a            0.500         20.000      19.500     SLICE_X4Y70      u_jtag_mac/chif_din_valid_reg/C
Low Pulse Width   Slow    FDSE/C              n/a            0.500         20.000      19.500     SLICE_X28Y51     u_jtag_mac/chif_simcycle_reg[0]/C
Low Pulse Width   Fast    FDSE/C              n/a            0.500         20.000      19.500     SLICE_X28Y51     u_jtag_mac/chif_simcycle_reg[0]/C
High Pulse Width  Slow    SRL16E/CLK          n/a            0.980         20.000      19.020     SLICE_X6Y85      u_jtag_mac/u_post_chif_fifo/u_jtag_mac_fifo/U0/inst_fifo_gen/gconvfifo.rf/grf.rf/gntv_or_sync_fifo.mem/gbm.gbmg.gbmga.ngecc.bmg/inst_blk_mem_gen/gnbram.gnativebmg.native_blk_mem_gen/valid.cstr/ramloop[0].ram.r/SAFETY_CKT_GEN.RSTA_SHFT_REG_reg[3]_srl3/CLK
High Pulse Width  Fast    SRL16E/CLK          n/a            0.980         20.000      19.020     SLICE_X6Y85      u_jtag_mac/u_post_chif_fifo/u_jtag_mac_fifo/U0/inst_fifo_gen/gconvfifo.rf/grf.rf/gntv_or_sync_fifo.mem/gbm.gbmg.gbmga.ngecc.bmg/inst_blk_mem_gen/gnbram.gnativebmg.native_blk_mem_gen/valid.cstr/ramloop[0].ram.r/SAFETY_CKT_GEN.RSTA_SHFT_REG_reg[3]_srl3/CLK
High Pulse Width  Slow    SRL16E/CLK          n/a            0.980         20.000      19.020     SLICE_X2Y75      u_jtag_mac/u_pre_chif_fifo/u_jtag_mac_fifo/U0/inst_fifo_gen/gconvfifo.rf/grf.rf/gntv_or_sync_fifo.mem/gbm.gbmg.gbmga.ngecc.bmg/inst_blk_mem_gen/gnbram.gnativebmg.native_blk_mem_gen/valid.cstr/ramloop[0].ram.r/SAFETY_CKT_GEN.RSTB_SHFT_REG_reg[3]_srl3/CLK
High Pulse Width  Fast    SRL16E/CLK          n/a            0.980         20.000      19.020     SLICE_X2Y75      u_jtag_mac/u_pre_chif_fifo/u_jtag_mac_fifo/U0/inst_fifo_gen/gconvfifo.rf/grf.rf/gntv_or_sync_fifo.mem/gbm.gbmg.gbmga.ngecc.bmg/inst_blk_mem_gen/gnbram.gnativebmg.native_blk_mem_gen/valid.cstr/ramloop[0].ram.r/SAFETY_CKT_GEN.RSTB_SHFT_REG_reg[3]_srl3/CLK
High Pulse Width  Slow    SRL16E/CLK          n/a            0.980         20.000      19.020     SLICE_X14Y66     u_jtag_mac/u_simcycle_fifo/u_simcycle_fifo/U0/inst_fifo_gen/gconvfifo.rf/grf.rf/gntv_or_sync_fifo.mem/gbm.gbmg.gbmga.ngecc.bmg/inst_blk_mem_gen/gnbram.gnativebmg.native_blk_mem_gen/valid.cstr/ramloop[0].ram.r/SAFETY_CKT_GEN.RSTB_SHFT_REG_reg[3]_srl3/CLK
High Pulse Width  Fast    SRL16E/CLK          n/a            0.980         20.000      19.020     SLICE_X14Y66     u_jtag_mac/u_simcycle_fifo/u_simcycle_fifo/U0/inst_fifo_gen/gconvfifo.rf/grf.rf/gntv_or_sync_fifo.mem/gbm.gbmg.gbmga.ngecc.bmg/inst_blk_mem_gen/gnbram.gnativebmg.native_blk_mem_gen/valid.cstr/ramloop[0].ram.r/SAFETY_CKT_GEN.RSTB_SHFT_REG_reg[3]_srl3/CLK
High Pulse Width  Slow    FDRE/C              n/a            0.500         20.000      19.500     SLICE_X4Y70      u_jtag_mac/chif_din_valid_reg/C
High Pulse Width  Fast    FDRE/C              n/a            0.500         20.000      19.500     SLICE_X4Y70      u_jtag_mac/chif_din_valid_reg/C
High Pulse Width  Slow    FDSE/C              n/a            0.500         20.000      19.500     SLICE_X28Y51     u_jtag_mac/chif_simcycle_reg[0]/C
High Pulse Width  Fast    FDSE/C              n/a            0.500         20.000      19.500     SLICE_X28Y51     u_jtag_mac/chif_simcycle_reg[0]/C



---------------------------------------------------------------------------------------------------
From Clock:  clkfbout_clk_wiz_0
  To Clock:  clkfbout_clk_wiz_0

Setup :           NA  Failing Endpoints,  Worst Slack           NA  ,  Total Violation           NA
Hold  :           NA  Failing Endpoints,  Worst Slack           NA  ,  Total Violation           NA
PW    :            0  Failing Endpoints,  Worst Slack        7.845ns,  Total Violation        0.000ns
---------------------------------------------------------------------------------------------------


Pulse Width Checks
--------------------------------------------------------------------------------------
Clock Name:         clkfbout_clk_wiz_0
Waveform(ns):       { 0.000 5.000 }
Period(ns):         10.000
Sources:            { u_clk_wiz_0/inst/mmcm_adv_inst/CLKFBOUT }

Check Type  Corner  Lib Pin              Reference Pin  Required(ns)  Actual(ns)  Slack(ns)  Location         Pin
Min Period  n/a     BUFG/I               n/a            2.155         10.000      7.845      BUFGCTRL_X0Y17   u_clk_wiz_0/inst/clkf_buf/I
Min Period  n/a     MMCME2_ADV/CLKFBOUT  n/a            1.249         10.000      8.751      MMCME2_ADV_X1Y2  u_clk_wiz_0/inst/mmcm_adv_inst/CLKFBOUT
Min Period  n/a     MMCME2_ADV/CLKFBIN   n/a            1.249         10.000      8.751      MMCME2_ADV_X1Y2  u_clk_wiz_0/inst/mmcm_adv_inst/CLKFBIN
Max Period  n/a     MMCME2_ADV/CLKFBIN   n/a            100.000       10.000      90.000     MMCME2_ADV_X1Y2  u_clk_wiz_0/inst/mmcm_adv_inst/CLKFBIN
Max Period  n/a     MMCME2_ADV/CLKFBOUT  n/a            213.360       10.000      203.360    MMCME2_ADV_X1Y2  u_clk_wiz_0/inst/mmcm_adv_inst/CLKFBOUT



--------------------------------------------------------------------------------------
Path Group:  (none)
From Clock:  TCK
  To Clock:  TCK

Max Delay             3 Endpoints
Min Delay             3 Endpoints
--------------------------------------------------------------------------------------


Max Delay Paths
--------------------------------------------------------------------------------------
Slack:                    inf
  Source:                 u_jtag_mac/user_rst_assert_reg/C
                            (rising edge-triggered cell FDRE clocked by TCK  {rise@0.000ns fall@7.576ns period=15.152ns})
  Destination:            u_jtag_mac/u_simcycle_fifo/u_simcycle_fifo/U0/inst_fifo_gen/gconvfifo.rf/grf.rf/rstblk/ngwrdrst.grst.g7serrst.gsckt_wrst.xpm_cdc_sync_rst_inst_wrst/syncstages_ff_reg[0]/D
                            (rising edge-triggered cell FDRE clocked by TCK  {rise@0.000ns fall@7.576ns period=15.152ns})
  Path Group:             (none)
  Path Type:              Setup (Max at Slow Process Corner)
  Data Path Delay:        8.248ns  (logic 0.580ns (7.032%)  route 7.668ns (92.968%))
  Logic Levels:           1  (LUT2=1)
  Clock Path Skew:        -0.382ns (DCD - SCD + CPR)
    Destination Clock Delay (DCD):    3.126ns
    Source Clock Delay      (SCD):    3.508ns
    Clock Pessimism Removal (CPR):    0.000ns
  Clock Uncertainty:      0.035ns  ((TSJ^2 + TIJ^2)^1/2 + DJ) / 2 + PE
    Total System Jitter     (TSJ):    0.071ns
    Total Input Jitter      (TIJ):    0.000ns
    Discrete Jitter          (DJ):    0.000ns
    Phase Error              (PE):    0.000ns
  Timing Exception:       False Path

    Location             Delay type                Incr(ns)  Path(ns)    Netlist Resource(s)
  -------------------------------------------------------------------    -------------------
                         (clock TCK rise edge)        0.000     0.000 r  
    BSCAN_X0Y0           BSCANE2                      0.000     0.000 r  u_BSCANE2/TCK
                         net (fo=1, routed)           1.780     1.780    TCK
    BUFGCTRL_X0Y0        BUFG (Prop_bufg_I_O)         0.096     1.876 r  TCK_BUFG_inst/O
                         net (fo=507, routed)         1.632     3.508    u_jtag_mac/TCK_BUFG
    SLICE_X13Y80         FDRE                                         r  u_jtag_mac/user_rst_assert_reg/C
  -------------------------------------------------------------------    -------------------
    SLICE_X13Y80         FDRE (Prop_fdre_C_Q)         0.456     3.964 r  u_jtag_mac/user_rst_assert_reg/Q
                         net (fo=16, routed)          1.290     5.254    u_jtag_mac/user_rst_assert
    SLICE_X13Y83         LUT2 (Prop_lut2_I0_O)        0.124     5.378 r  u_jtag_mac/u_simcycle_fifo_i_1/O
                         net (fo=498, routed)         6.378    11.756    u_jtag_mac/u_simcycle_fifo/u_simcycle_fifo/U0/inst_fifo_gen/gconvfifo.rf/grf.rf/rstblk/ngwrdrst.grst.g7serrst.gsckt_wrst.xpm_cdc_sync_rst_inst_wrst/src_rst
    SLICE_X14Y65         FDRE                                         r  u_jtag_mac/u_simcycle_fifo/u_simcycle_fifo/U0/inst_fifo_gen/gconvfifo.rf/grf.rf/rstblk/ngwrdrst.grst.g7serrst.gsckt_wrst.xpm_cdc_sync_rst_inst_wrst/syncstages_ff_reg[0]/D
  -------------------------------------------------------------------    -------------------

                         (clock TCK rise edge)        0.000     0.000 r  
    BSCAN_X0Y0           BSCANE2                      0.000     0.000 r  u_BSCANE2/TCK
                         net (fo=1, routed)           1.520     1.520    TCK
    BUFGCTRL_X0Y0        BUFG (Prop_bufg_I_O)         0.091     1.611 r  TCK_BUFG_inst/O
                         net (fo=507, routed)         1.515     3.126    u_jtag_mac/u_simcycle_fifo/u_simcycle_fifo/U0/inst_fifo_gen/gconvfifo.rf/grf.rf/rstblk/ngwrdrst.grst.g7serrst.gsckt_wrst.xpm_cdc_sync_rst_inst_wrst/dest_clk
    SLICE_X14Y65         FDRE                                         r  u_jtag_mac/u_simcycle_fifo/u_simcycle_fifo/U0/inst_fifo_gen/gconvfifo.rf/grf.rf/rstblk/ngwrdrst.grst.g7serrst.gsckt_wrst.xpm_cdc_sync_rst_inst_wrst/syncstages_ff_reg[0]/C

Slack:                    inf
  Source:                 u_jtag_mac/user_rst_assert_reg/C
                            (rising edge-triggered cell FDRE clocked by TCK  {rise@0.000ns fall@7.576ns period=15.152ns})
  Destination:            u_jtag_mac/u_pre_chif_fifo/u_jtag_mac_fifo/U0/inst_fifo_gen/gconvfifo.rf/grf.rf/rstblk/ngwrdrst.grst.g7serrst.gsckt_wrst.xpm_cdc_sync_rst_inst_wrst/syncstages_ff_reg[0]/D
                            (rising edge-triggered cell FDRE clocked by TCK  {rise@0.000ns fall@7.576ns period=15.152ns})
  Path Group:             (none)
  Path Type:              Setup (Max at Slow Process Corner)
  Data Path Delay:        4.857ns  (logic 0.580ns (11.942%)  route 4.277ns (88.058%))
  Logic Levels:           1  (LUT2=1)
  Clock Path Skew:        -0.390ns (DCD - SCD + CPR)
    Destination Clock Delay (DCD):    3.118ns
    Source Clock Delay      (SCD):    3.508ns
    Clock Pessimism Removal (CPR):    0.000ns
  Clock Uncertainty:      0.035ns  ((TSJ^2 + TIJ^2)^1/2 + DJ) / 2 + PE
    Total System Jitter     (TSJ):    0.071ns
    Total Input Jitter      (TIJ):    0.000ns
    Discrete Jitter          (DJ):    0.000ns
    Phase Error              (PE):    0.000ns
  Timing Exception:       False Path

    Location             Delay type                Incr(ns)  Path(ns)    Netlist Resource(s)
  -------------------------------------------------------------------    -------------------
                         (clock TCK rise edge)        0.000     0.000 r  
    BSCAN_X0Y0           BSCANE2                      0.000     0.000 r  u_BSCANE2/TCK
                         net (fo=1, routed)           1.780     1.780    TCK
    BUFGCTRL_X0Y0        BUFG (Prop_bufg_I_O)         0.096     1.876 r  TCK_BUFG_inst/O
                         net (fo=507, routed)         1.632     3.508    u_jtag_mac/TCK_BUFG
    SLICE_X13Y80         FDRE                                         r  u_jtag_mac/user_rst_assert_reg/C
  -------------------------------------------------------------------    -------------------
    SLICE_X13Y80         FDRE (Prop_fdre_C_Q)         0.456     3.964 r  u_jtag_mac/user_rst_assert_reg/Q
                         net (fo=16, routed)          1.290     5.254    u_jtag_mac/user_rst_assert
    SLICE_X13Y83         LUT2 (Prop_lut2_I0_O)        0.124     5.378 r  u_jtag_mac/u_simcycle_fifo_i_1/O
                         net (fo=498, routed)         2.987     8.365    u_jtag_mac/u_pre_chif_fifo/u_jtag_mac_fifo/U0/inst_fifo_gen/gconvfifo.rf/grf.rf/rstblk/ngwrdrst.grst.g7serrst.gsckt_wrst.xpm_cdc_sync_rst_inst_wrst/src_rst
    SLICE_X13Y72         FDRE                                         r  u_jtag_mac/u_pre_chif_fifo/u_jtag_mac_fifo/U0/inst_fifo_gen/gconvfifo.rf/grf.rf/rstblk/ngwrdrst.grst.g7serrst.gsckt_wrst.xpm_cdc_sync_rst_inst_wrst/syncstages_ff_reg[0]/D
  -------------------------------------------------------------------    -------------------

                         (clock TCK rise edge)        0.000     0.000 r  
    BSCAN_X0Y0           BSCANE2                      0.000     0.000 r  u_BSCANE2/TCK
                         net (fo=1, routed)           1.520     1.520    TCK
    BUFGCTRL_X0Y0        BUFG (Prop_bufg_I_O)         0.091     1.611 r  TCK_BUFG_inst/O
                         net (fo=507, routed)         1.507     3.118    u_jtag_mac/u_pre_chif_fifo/u_jtag_mac_fifo/U0/inst_fifo_gen/gconvfifo.rf/grf.rf/rstblk/ngwrdrst.grst.g7serrst.gsckt_wrst.xpm_cdc_sync_rst_inst_wrst/dest_clk
    SLICE_X13Y72         FDRE                                         r  u_jtag_mac/u_pre_chif_fifo/u_jtag_mac_fifo/U0/inst_fifo_gen/gconvfifo.rf/grf.rf/rstblk/ngwrdrst.grst.g7serrst.gsckt_wrst.xpm_cdc_sync_rst_inst_wrst/syncstages_ff_reg[0]/C

Slack:                    inf
  Source:                 u_jtag_mac/user_rst_assert_reg/C
                            (rising edge-triggered cell FDRE clocked by TCK  {rise@0.000ns fall@7.576ns period=15.152ns})
  Destination:            u_jtag_mac/u_post_chif_fifo/u_jtag_mac_fifo/U0/inst_fifo_gen/gconvfifo.rf/grf.rf/rstblk/ngwrdrst.grst.g7serrst.gsckt_wrst.gic_rst.xpm_cdc_sync_rst_inst_wrst/syncstages_ff_reg[0]/D
                            (rising edge-triggered cell FDRE clocked by TCK  {rise@0.000ns fall@7.576ns period=15.152ns})
  Path Group:             (none)
  Path Type:              Setup (Max at Slow Process Corner)
  Data Path Delay:        2.920ns  (logic 0.580ns (19.864%)  route 2.340ns (80.136%))
  Logic Levels:           1  (LUT2=1)
  Clock Path Skew:        -0.301ns (DCD - SCD + CPR)
    Destination Clock Delay (DCD):    3.207ns
    Source Clock Delay      (SCD):    3.508ns
    Clock Pessimism Removal (CPR):    0.000ns
  Clock Uncertainty:      0.035ns  ((TSJ^2 + TIJ^2)^1/2 + DJ) / 2 + PE
    Total System Jitter     (TSJ):    0.071ns
    Total Input Jitter      (TIJ):    0.000ns
    Discrete Jitter          (DJ):    0.000ns
    Phase Error              (PE):    0.000ns
  Timing Exception:       False Path

    Location             Delay type                Incr(ns)  Path(ns)    Netlist Resource(s)
  -------------------------------------------------------------------    -------------------
                         (clock TCK rise edge)        0.000     0.000 r  
    BSCAN_X0Y0           BSCANE2                      0.000     0.000 r  u_BSCANE2/TCK
                         net (fo=1, routed)           1.780     1.780    TCK
    BUFGCTRL_X0Y0        BUFG (Prop_bufg_I_O)         0.096     1.876 r  TCK_BUFG_inst/O
                         net (fo=507, routed)         1.632     3.508    u_jtag_mac/TCK_BUFG
    SLICE_X13Y80         FDRE                                         r  u_jtag_mac/user_rst_assert_reg/C
  -------------------------------------------------------------------    -------------------
    SLICE_X13Y80         FDRE (Prop_fdre_C_Q)         0.456     3.964 r  u_jtag_mac/user_rst_assert_reg/Q
                         net (fo=16, routed)          1.290     5.254    u_jtag_mac/user_rst_assert
    SLICE_X13Y83         LUT2 (Prop_lut2_I0_O)        0.124     5.378 r  u_jtag_mac/u_simcycle_fifo_i_1/O
                         net (fo=498, routed)         1.050     6.428    u_jtag_mac/u_post_chif_fifo/u_jtag_mac_fifo/U0/inst_fifo_gen/gconvfifo.rf/grf.rf/rstblk/ngwrdrst.grst.g7serrst.gsckt_wrst.gic_rst.xpm_cdc_sync_rst_inst_wrst/src_rst
    SLICE_X3Y84          FDRE                                         r  u_jtag_mac/u_post_chif_fifo/u_jtag_mac_fifo/U0/inst_fifo_gen/gconvfifo.rf/grf.rf/rstblk/ngwrdrst.grst.g7serrst.gsckt_wrst.gic_rst.xpm_cdc_sync_rst_inst_wrst/syncstages_ff_reg[0]/D
  -------------------------------------------------------------------    -------------------

                         (clock TCK rise edge)        0.000     0.000 r  
    BSCAN_X0Y0           BSCANE2                      0.000     0.000 r  u_BSCANE2/TCK
                         net (fo=1, routed)           1.520     1.520    TCK
    BUFGCTRL_X0Y0        BUFG (Prop_bufg_I_O)         0.091     1.611 r  TCK_BUFG_inst/O
                         net (fo=507, routed)         1.596     3.207    u_jtag_mac/u_post_chif_fifo/u_jtag_mac_fifo/U0/inst_fifo_gen/gconvfifo.rf/grf.rf/rstblk/ngwrdrst.grst.g7serrst.gsckt_wrst.gic_rst.xpm_cdc_sync_rst_inst_wrst/dest_clk
    SLICE_X3Y84          FDRE                                         r  u_jtag_mac/u_post_chif_fifo/u_jtag_mac_fifo/U0/inst_fifo_gen/gconvfifo.rf/grf.rf/rstblk/ngwrdrst.grst.g7serrst.gsckt_wrst.gic_rst.xpm_cdc_sync_rst_inst_wrst/syncstages_ff_reg[0]/C





Min Delay Paths
--------------------------------------------------------------------------------------
Slack:                    inf
  Source:                 u_jtag_mac/user_rst_assert_reg/C
                            (rising edge-triggered cell FDRE clocked by TCK  {rise@0.000ns fall@7.576ns period=15.152ns})
  Destination:            u_jtag_mac/u_post_chif_fifo/u_jtag_mac_fifo/U0/inst_fifo_gen/gconvfifo.rf/grf.rf/rstblk/ngwrdrst.grst.g7serrst.gsckt_wrst.gic_rst.xpm_cdc_sync_rst_inst_wrst/syncstages_ff_reg[0]/D
                            (rising edge-triggered cell FDRE clocked by TCK  {rise@0.000ns fall@7.576ns period=15.152ns})
  Path Group:             (none)
  Path Type:              Hold (Min at Fast Process Corner)
  Data Path Delay:        1.146ns  (logic 0.186ns (16.233%)  route 0.960ns (83.767%))
  Logic Levels:           1  (LUT2=1)
  Clock Path Skew:        0.421ns (DCD - SCD - CPR)
    Destination Clock Delay (DCD):    1.674ns
    Source Clock Delay      (SCD):    1.253ns
    Clock Pessimism Removal (CPR):    -0.000ns
  Clock Uncertainty:      0.035ns  ((TSJ^2 + TIJ^2)^1/2 + DJ) / 2 + PE
    Total System Jitter     (TSJ):    0.071ns
    Total Input Jitter      (TIJ):    0.000ns
    Discrete Jitter          (DJ):    0.000ns
    Phase Error              (PE):    0.000ns
  Timing Exception:       False Path

    Location             Delay type                Incr(ns)  Path(ns)    Netlist Resource(s)
  -------------------------------------------------------------------    -------------------
                         (clock TCK rise edge)        0.000     0.000 r  
    BSCAN_X0Y0           BSCANE2                      0.000     0.000 r  u_BSCANE2/TCK
                         net (fo=1, routed)           0.663     0.663    TCK
    BUFGCTRL_X0Y0        BUFG (Prop_bufg_I_O)         0.026     0.689 r  TCK_BUFG_inst/O
                         net (fo=507, routed)         0.565     1.253    u_jtag_mac/TCK_BUFG
    SLICE_X13Y80         FDRE                                         r  u_jtag_mac/user_rst_assert_reg/C
  -------------------------------------------------------------------    -------------------
    SLICE_X13Y80         FDRE (Prop_fdre_C_Q)         0.141     1.394 r  u_jtag_mac/user_rst_assert_reg/Q
                         net (fo=16, routed)          0.474     1.869    u_jtag_mac/user_rst_assert
    SLICE_X13Y83         LUT2 (Prop_lut2_I0_O)        0.045     1.914 r  u_jtag_mac/u_simcycle_fifo_i_1/O
                         net (fo=498, routed)         0.486     2.399    u_jtag_mac/u_post_chif_fifo/u_jtag_mac_fifo/U0/inst_fifo_gen/gconvfifo.rf/grf.rf/rstblk/ngwrdrst.grst.g7serrst.gsckt_wrst.gic_rst.xpm_cdc_sync_rst_inst_wrst/src_rst
    SLICE_X3Y84          FDRE                                         r  u_jtag_mac/u_post_chif_fifo/u_jtag_mac_fifo/U0/inst_fifo_gen/gconvfifo.rf/grf.rf/rstblk/ngwrdrst.grst.g7serrst.gsckt_wrst.gic_rst.xpm_cdc_sync_rst_inst_wrst/syncstages_ff_reg[0]/D
  -------------------------------------------------------------------    -------------------

                         (clock TCK rise edge)        0.000     0.000 r  
    BSCAN_X0Y0           BSCANE2                      0.000     0.000 r  u_BSCANE2/TCK
                         net (fo=1, routed)           0.777     0.777    TCK
    BUFGCTRL_X0Y0        BUFG (Prop_bufg_I_O)         0.029     0.806 r  TCK_BUFG_inst/O
                         net (fo=507, routed)         0.869     1.674    u_jtag_mac/u_post_chif_fifo/u_jtag_mac_fifo/U0/inst_fifo_gen/gconvfifo.rf/grf.rf/rstblk/ngwrdrst.grst.g7serrst.gsckt_wrst.gic_rst.xpm_cdc_sync_rst_inst_wrst/dest_clk
    SLICE_X3Y84          FDRE                                         r  u_jtag_mac/u_post_chif_fifo/u_jtag_mac_fifo/U0/inst_fifo_gen/gconvfifo.rf/grf.rf/rstblk/ngwrdrst.grst.g7serrst.gsckt_wrst.gic_rst.xpm_cdc_sync_rst_inst_wrst/syncstages_ff_reg[0]/C

Slack:                    inf
  Source:                 u_jtag_mac/user_rst_assert_reg/C
                            (rising edge-triggered cell FDRE clocked by TCK  {rise@0.000ns fall@7.576ns period=15.152ns})
  Destination:            u_jtag_mac/u_pre_chif_fifo/u_jtag_mac_fifo/U0/inst_fifo_gen/gconvfifo.rf/grf.rf/rstblk/ngwrdrst.grst.g7serrst.gsckt_wrst.xpm_cdc_sync_rst_inst_wrst/syncstages_ff_reg[0]/D
                            (rising edge-triggered cell FDRE clocked by TCK  {rise@0.000ns fall@7.576ns period=15.152ns})
  Path Group:             (none)
  Path Type:              Hold (Min at Fast Process Corner)
  Data Path Delay:        1.947ns  (logic 0.186ns (9.554%)  route 1.761ns (90.446%))
  Logic Levels:           1  (LUT2=1)
  Clock Path Skew:        0.383ns (DCD - SCD - CPR)
    Destination Clock Delay (DCD):    1.636ns
    Source Clock Delay      (SCD):    1.253ns
    Clock Pessimism Removal (CPR):    -0.000ns
  Clock Uncertainty:      0.035ns  ((TSJ^2 + TIJ^2)^1/2 + DJ) / 2 + PE
    Total System Jitter     (TSJ):    0.071ns
    Total Input Jitter      (TIJ):    0.000ns
    Discrete Jitter          (DJ):    0.000ns
    Phase Error              (PE):    0.000ns
  Timing Exception:       False Path

    Location             Delay type                Incr(ns)  Path(ns)    Netlist Resource(s)
  -------------------------------------------------------------------    -------------------
                         (clock TCK rise edge)        0.000     0.000 r  
    BSCAN_X0Y0           BSCANE2                      0.000     0.000 r  u_BSCANE2/TCK
                         net (fo=1, routed)           0.663     0.663    TCK
    BUFGCTRL_X0Y0        BUFG (Prop_bufg_I_O)         0.026     0.689 r  TCK_BUFG_inst/O
                         net (fo=507, routed)         0.565     1.253    u_jtag_mac/TCK_BUFG
    SLICE_X13Y80         FDRE                                         r  u_jtag_mac/user_rst_assert_reg/C
  -------------------------------------------------------------------    -------------------
    SLICE_X13Y80         FDRE (Prop_fdre_C_Q)         0.141     1.394 r  u_jtag_mac/user_rst_assert_reg/Q
                         net (fo=16, routed)          0.474     1.869    u_jtag_mac/user_rst_assert
    SLICE_X13Y83         LUT2 (Prop_lut2_I0_O)        0.045     1.914 r  u_jtag_mac/u_simcycle_fifo_i_1/O
                         net (fo=498, routed)         1.287     3.200    u_jtag_mac/u_pre_chif_fifo/u_jtag_mac_fifo/U0/inst_fifo_gen/gconvfifo.rf/grf.rf/rstblk/ngwrdrst.grst.g7serrst.gsckt_wrst.xpm_cdc_sync_rst_inst_wrst/src_rst
    SLICE_X13Y72         FDRE                                         r  u_jtag_mac/u_pre_chif_fifo/u_jtag_mac_fifo/U0/inst_fifo_gen/gconvfifo.rf/grf.rf/rstblk/ngwrdrst.grst.g7serrst.gsckt_wrst.xpm_cdc_sync_rst_inst_wrst/syncstages_ff_reg[0]/D
  -------------------------------------------------------------------    -------------------

                         (clock TCK rise edge)        0.000     0.000 r  
    BSCAN_X0Y0           BSCANE2                      0.000     0.000 r  u_BSCANE2/TCK
                         net (fo=1, routed)           0.777     0.777    TCK
    BUFGCTRL_X0Y0        BUFG (Prop_bufg_I_O)         0.029     0.806 r  TCK_BUFG_inst/O
                         net (fo=507, routed)         0.831     1.636    u_jtag_mac/u_pre_chif_fifo/u_jtag_mac_fifo/U0/inst_fifo_gen/gconvfifo.rf/grf.rf/rstblk/ngwrdrst.grst.g7serrst.gsckt_wrst.xpm_cdc_sync_rst_inst_wrst/dest_clk
    SLICE_X13Y72         FDRE                                         r  u_jtag_mac/u_pre_chif_fifo/u_jtag_mac_fifo/U0/inst_fifo_gen/gconvfifo.rf/grf.rf/rstblk/ngwrdrst.grst.g7serrst.gsckt_wrst.xpm_cdc_sync_rst_inst_wrst/syncstages_ff_reg[0]/C

Slack:                    inf
  Source:                 u_jtag_mac/user_rst_assert_reg/C
                            (rising edge-triggered cell FDRE clocked by TCK  {rise@0.000ns fall@7.576ns period=15.152ns})
  Destination:            u_jtag_mac/u_simcycle_fifo/u_simcycle_fifo/U0/inst_fifo_gen/gconvfifo.rf/grf.rf/rstblk/ngwrdrst.grst.g7serrst.gsckt_wrst.xpm_cdc_sync_rst_inst_wrst/syncstages_ff_reg[0]/D
                            (rising edge-triggered cell FDRE clocked by TCK  {rise@0.000ns fall@7.576ns period=15.152ns})
  Path Group:             (none)
  Path Type:              Hold (Min at Fast Process Corner)
  Data Path Delay:        3.560ns  (logic 0.186ns (5.225%)  route 3.374ns (94.775%))
  Logic Levels:           1  (LUT2=1)
  Clock Path Skew:        0.390ns (DCD - SCD - CPR)
    Destination Clock Delay (DCD):    1.643ns
    Source Clock Delay      (SCD):    1.253ns
    Clock Pessimism Removal (CPR):    -0.000ns
  Clock Uncertainty:      0.035ns  ((TSJ^2 + TIJ^2)^1/2 + DJ) / 2 + PE
    Total System Jitter     (TSJ):    0.071ns
    Total Input Jitter      (TIJ):    0.000ns
    Discrete Jitter          (DJ):    0.000ns
    Phase Error              (PE):    0.000ns
  Timing Exception:       False Path

    Location             Delay type                Incr(ns)  Path(ns)    Netlist Resource(s)
  -------------------------------------------------------------------    -------------------
                         (clock TCK rise edge)        0.000     0.000 r  
    BSCAN_X0Y0           BSCANE2                      0.000     0.000 r  u_BSCANE2/TCK
                         net (fo=1, routed)           0.663     0.663    TCK
    BUFGCTRL_X0Y0        BUFG (Prop_bufg_I_O)         0.026     0.689 r  TCK_BUFG_inst/O
                         net (fo=507, routed)         0.565     1.253    u_jtag_mac/TCK_BUFG
    SLICE_X13Y80         FDRE                                         r  u_jtag_mac/user_rst_assert_reg/C
  -------------------------------------------------------------------    -------------------
    SLICE_X13Y80         FDRE (Prop_fdre_C_Q)         0.141     1.394 r  u_jtag_mac/user_rst_assert_reg/Q
                         net (fo=16, routed)          0.474     1.869    u_jtag_mac/user_rst_assert
    SLICE_X13Y83         LUT2 (Prop_lut2_I0_O)        0.045     1.914 r  u_jtag_mac/u_simcycle_fifo_i_1/O
                         net (fo=498, routed)         2.900     4.813    u_jtag_mac/u_simcycle_fifo/u_simcycle_fifo/U0/inst_fifo_gen/gconvfifo.rf/grf.rf/rstblk/ngwrdrst.grst.g7serrst.gsckt_wrst.xpm_cdc_sync_rst_inst_wrst/src_rst
    SLICE_X14Y65         FDRE                                         r  u_jtag_mac/u_simcycle_fifo/u_simcycle_fifo/U0/inst_fifo_gen/gconvfifo.rf/grf.rf/rstblk/ngwrdrst.grst.g7serrst.gsckt_wrst.xpm_cdc_sync_rst_inst_wrst/syncstages_ff_reg[0]/D
  -------------------------------------------------------------------    -------------------

                         (clock TCK rise edge)        0.000     0.000 r  
    BSCAN_X0Y0           BSCANE2                      0.000     0.000 r  u_BSCANE2/TCK
                         net (fo=1, routed)           0.777     0.777    TCK
    BUFGCTRL_X0Y0        BUFG (Prop_bufg_I_O)         0.029     0.806 r  TCK_BUFG_inst/O
                         net (fo=507, routed)         0.838     1.643    u_jtag_mac/u_simcycle_fifo/u_simcycle_fifo/U0/inst_fifo_gen/gconvfifo.rf/grf.rf/rstblk/ngwrdrst.grst.g7serrst.gsckt_wrst.xpm_cdc_sync_rst_inst_wrst/dest_clk
    SLICE_X14Y65         FDRE                                         r  u_jtag_mac/u_simcycle_fifo/u_simcycle_fifo/U0/inst_fifo_gen/gconvfifo.rf/grf.rf/rstblk/ngwrdrst.grst.g7serrst.gsckt_wrst.xpm_cdc_sync_rst_inst_wrst/syncstages_ff_reg[0]/C





--------------------------------------------------------------------------------------
Path Group:  (none)
From Clock:  clk_out1_clk_wiz_0
  To Clock:  TCK

Max Delay            33 Endpoints
Min Delay            33 Endpoints
--------------------------------------------------------------------------------------


Max Delay Paths
--------------------------------------------------------------------------------------
Slack:                    inf
  Source:                 u_jtag_mac/u_post_chif_fifo/u_jtag_mac_fifo/U0/inst_fifo_gen/gconvfifo.rf/grf.rf/rstblk/ngwrdrst.grst.g7serrst.gsckt_wrst.gic_rst.sckt_wr_rst_ic_reg/C
                            (rising edge-triggered cell FDRE clocked by clk_out1_clk_wiz_0  {rise@0.000ns fall@20.000ns period=40.000ns})
  Destination:            u_jtag_mac/u_post_chif_fifo/u_jtag_mac_fifo/U0/inst_fifo_gen/gconvfifo.rf/grf.rf/rstblk/ngwrdrst.grst.g7serrst.gsckt_wrst.gic_rst.xpm_cdc_single_inst_wrst_rd/syncstages_ff_reg[0]/D
                            (rising edge-triggered cell FDRE clocked by TCK  {rise@0.000ns fall@7.576ns period=15.152ns})
  Path Group:             (none)
  Path Type:              Setup (Max at Slow Process Corner)
  Data Path Delay:        2.005ns  (logic 0.456ns (22.740%)  route 1.549ns (77.260%))
  Logic Levels:           0  
  Clock Path Skew:        4.042ns (DCD - SCD + CPR)
    Destination Clock Delay (DCD):    3.207ns
    Source Clock Delay      (SCD):    -0.835ns
    Clock Pessimism Removal (CPR):    0.000ns
  Clock Uncertainty:      0.202ns  ((TSJ^2 + DJ^2)^1/2) / 2 + PE
    Total System Jitter     (TSJ):    0.071ns
    Discrete Jitter          (DJ):    0.182ns
    Phase Error              (PE):    0.104ns
  Timing Exception:       Asynchronous Clock Groups

    Location             Delay type                Incr(ns)  Path(ns)    Netlist Resource(s)
  -------------------------------------------------------------------    -------------------
                         (clock clk_out1_clk_wiz_0 rise edge)
                                                      0.000     0.000 r  
    E3                                                0.000     0.000 r  sysclk (IN)
                         net (fo=0)                   0.000     0.000    u_clk_wiz_0/inst/clk_in1
    E3                   IBUF (Prop_ibuf_I_O)         1.482     1.482 r  u_clk_wiz_0/inst/clkin1_ibufg/O
                         net (fo=1, routed)           1.233     2.715    u_clk_wiz_0/inst/clk_in1_clk_wiz_0
    MMCME2_ADV_X1Y2      MMCME2_ADV (Prop_mmcme2_adv_CLKIN1_CLKOUT0)
                                                     -7.070    -4.355 r  u_clk_wiz_0/inst/mmcm_adv_inst/CLKOUT0
                         net (fo=1, routed)           1.719    -2.636    u_clk_wiz_0/inst/clk_out1_clk_wiz_0
    BUFGCTRL_X0Y16       BUFG (Prop_bufg_I_O)         0.096    -2.540 r  u_clk_wiz_0/inst/clkout1_buf/O
                         net (fo=852, routed)         1.705    -0.835    u_jtag_mac/u_post_chif_fifo/u_jtag_mac_fifo/U0/inst_fifo_gen/gconvfifo.rf/grf.rf/rstblk/wr_clk
    SLICE_X3Y75          FDRE                                         r  u_jtag_mac/u_post_chif_fifo/u_jtag_mac_fifo/U0/inst_fifo_gen/gconvfifo.rf/grf.rf/rstblk/ngwrdrst.grst.g7serrst.gsckt_wrst.gic_rst.sckt_wr_rst_ic_reg/C
  -------------------------------------------------------------------    -------------------
    SLICE_X3Y75          FDRE (Prop_fdre_C_Q)         0.456    -0.379 r  u_jtag_mac/u_post_chif_fifo/u_jtag_mac_fifo/U0/inst_fifo_gen/gconvfifo.rf/grf.rf/rstblk/ngwrdrst.grst.g7serrst.gsckt_wrst.gic_rst.sckt_wr_rst_ic_reg/Q
                         net (fo=54, routed)          1.549     1.171    u_jtag_mac/u_post_chif_fifo/u_jtag_mac_fifo/U0/inst_fifo_gen/gconvfifo.rf/grf.rf/rstblk/ngwrdrst.grst.g7serrst.gsckt_wrst.gic_rst.xpm_cdc_single_inst_wrst_rd/src_in
    SLICE_X2Y84          FDRE                                         r  u_jtag_mac/u_post_chif_fifo/u_jtag_mac_fifo/U0/inst_fifo_gen/gconvfifo.rf/grf.rf/rstblk/ngwrdrst.grst.g7serrst.gsckt_wrst.gic_rst.xpm_cdc_single_inst_wrst_rd/syncstages_ff_reg[0]/D
  -------------------------------------------------------------------    -------------------

                         (clock TCK rise edge)        0.000     0.000 r  
    BSCAN_X0Y0           BSCANE2                      0.000     0.000 r  u_BSCANE2/TCK
                         net (fo=1, routed)           1.520     1.520    TCK
    BUFGCTRL_X0Y0        BUFG (Prop_bufg_I_O)         0.091     1.611 r  TCK_BUFG_inst/O
                         net (fo=507, routed)         1.596     3.207    u_jtag_mac/u_post_chif_fifo/u_jtag_mac_fifo/U0/inst_fifo_gen/gconvfifo.rf/grf.rf/rstblk/ngwrdrst.grst.g7serrst.gsckt_wrst.gic_rst.xpm_cdc_single_inst_wrst_rd/dest_clk
    SLICE_X2Y84          FDRE                                         r  u_jtag_mac/u_post_chif_fifo/u_jtag_mac_fifo/U0/inst_fifo_gen/gconvfifo.rf/grf.rf/rstblk/ngwrdrst.grst.g7serrst.gsckt_wrst.gic_rst.xpm_cdc_single_inst_wrst_rd/syncstages_ff_reg[0]/C

Slack:                    inf
  Source:                 u_jtag_mac/u_pre_chif_fifo/u_jtag_mac_fifo/U0/inst_fifo_gen/gconvfifo.rf/grf.rf/rstblk/ngwrdrst.grst.g7serrst.gsckt_wrst.gic_rst.sckt_rd_rst_ic_reg/C
                            (rising edge-triggered cell FDRE clocked by clk_out1_clk_wiz_0  {rise@0.000ns fall@20.000ns period=40.000ns})
  Destination:            u_jtag_mac/u_pre_chif_fifo/u_jtag_mac_fifo/U0/inst_fifo_gen/gconvfifo.rf/grf.rf/rstblk/ngwrdrst.grst.g7serrst.gsckt_wrst.gic_rst.xpm_cdc_single_inst_rrst_wr/syncstages_ff_reg[0]/D
                            (rising edge-triggered cell FDRE clocked by TCK  {rise@0.000ns fall@7.576ns period=15.152ns})
  Path Group:             (none)
  Path Type:              Setup (Max at Slow Process Corner)
  Data Path Delay:        1.011ns  (logic 0.518ns (51.224%)  route 0.493ns (48.776%))
  Logic Levels:           0  
  Clock Path Skew:        4.029ns (DCD - SCD + CPR)
    Destination Clock Delay (DCD):    3.194ns
    Source Clock Delay      (SCD):    -0.835ns
    Clock Pessimism Removal (CPR):    0.000ns
  Clock Uncertainty:      0.202ns  ((TSJ^2 + DJ^2)^1/2) / 2 + PE
    Total System Jitter     (TSJ):    0.071ns
    Discrete Jitter          (DJ):    0.182ns
    Phase Error              (PE):    0.104ns
  Timing Exception:       Asynchronous Clock Groups

    Location             Delay type                Incr(ns)  Path(ns)    Netlist Resource(s)
  -------------------------------------------------------------------    -------------------
                         (clock clk_out1_clk_wiz_0 rise edge)
                                                      0.000     0.000 r  
    E3                                                0.000     0.000 r  sysclk (IN)
                         net (fo=0)                   0.000     0.000    u_clk_wiz_0/inst/clk_in1
    E3                   IBUF (Prop_ibuf_I_O)         1.482     1.482 r  u_clk_wiz_0/inst/clkin1_ibufg/O
                         net (fo=1, routed)           1.233     2.715    u_clk_wiz_0/inst/clk_in1_clk_wiz_0
    MMCME2_ADV_X1Y2      MMCME2_ADV (Prop_mmcme2_adv_CLKIN1_CLKOUT0)
                                                     -7.070    -4.355 r  u_clk_wiz_0/inst/mmcm_adv_inst/CLKOUT0
                         net (fo=1, routed)           1.719    -2.636    u_clk_wiz_0/inst/clk_out1_clk_wiz_0
    BUFGCTRL_X0Y16       BUFG (Prop_bufg_I_O)         0.096    -2.540 r  u_clk_wiz_0/inst/clkout1_buf/O
                         net (fo=852, routed)         1.705    -0.835    u_jtag_mac/u_pre_chif_fifo/u_jtag_mac_fifo/U0/inst_fifo_gen/gconvfifo.rf/grf.rf/rstblk/rd_clk
    SLICE_X2Y74          FDRE                                         r  u_jtag_mac/u_pre_chif_fifo/u_jtag_mac_fifo/U0/inst_fifo_gen/gconvfifo.rf/grf.rf/rstblk/ngwrdrst.grst.g7serrst.gsckt_wrst.gic_rst.sckt_rd_rst_ic_reg/C
  -------------------------------------------------------------------    -------------------
    SLICE_X2Y74          FDRE (Prop_fdre_C_Q)         0.518    -0.317 r  u_jtag_mac/u_pre_chif_fifo/u_jtag_mac_fifo/U0/inst_fifo_gen/gconvfifo.rf/grf.rf/rstblk/ngwrdrst.grst.g7serrst.gsckt_wrst.gic_rst.sckt_rd_rst_ic_reg/Q
                         net (fo=31, routed)          0.493     0.177    u_jtag_mac/u_pre_chif_fifo/u_jtag_mac_fifo/U0/inst_fifo_gen/gconvfifo.rf/grf.rf/rstblk/ngwrdrst.grst.g7serrst.gsckt_wrst.gic_rst.xpm_cdc_single_inst_rrst_wr/src_in
    SLICE_X7Y74          FDRE                                         r  u_jtag_mac/u_pre_chif_fifo/u_jtag_mac_fifo/U0/inst_fifo_gen/gconvfifo.rf/grf.rf/rstblk/ngwrdrst.grst.g7serrst.gsckt_wrst.gic_rst.xpm_cdc_single_inst_rrst_wr/syncstages_ff_reg[0]/D
  -------------------------------------------------------------------    -------------------

                         (clock TCK rise edge)        0.000     0.000 r  
    BSCAN_X0Y0           BSCANE2                      0.000     0.000 r  u_BSCANE2/TCK
                         net (fo=1, routed)           1.520     1.520    TCK
    BUFGCTRL_X0Y0        BUFG (Prop_bufg_I_O)         0.091     1.611 r  TCK_BUFG_inst/O
                         net (fo=507, routed)         1.583     3.194    u_jtag_mac/u_pre_chif_fifo/u_jtag_mac_fifo/U0/inst_fifo_gen/gconvfifo.rf/grf.rf/rstblk/ngwrdrst.grst.g7serrst.gsckt_wrst.gic_rst.xpm_cdc_single_inst_rrst_wr/dest_clk
    SLICE_X7Y74          FDRE                                         r  u_jtag_mac/u_pre_chif_fifo/u_jtag_mac_fifo/U0/inst_fifo_gen/gconvfifo.rf/grf.rf/rstblk/ngwrdrst.grst.g7serrst.gsckt_wrst.gic_rst.xpm_cdc_single_inst_rrst_wr/syncstages_ff_reg[0]/C

Slack:                    inf
  Source:                 u_jtag_mac/u_simcycle_fifo/u_simcycle_fifo/U0/inst_fifo_gen/gconvfifo.rf/grf.rf/rstblk/ngwrdrst.grst.g7serrst.gsckt_wrst.gic_rst.sckt_rd_rst_ic_reg/C
                            (rising edge-triggered cell FDRE clocked by clk_out1_clk_wiz_0  {rise@0.000ns fall@20.000ns period=40.000ns})
  Destination:            u_jtag_mac/u_simcycle_fifo/u_simcycle_fifo/U0/inst_fifo_gen/gconvfifo.rf/grf.rf/rstblk/ngwrdrst.grst.g7serrst.gsckt_wrst.gic_rst.xpm_cdc_single_inst_rrst_wr/syncstages_ff_reg[0]/D
                            (rising edge-triggered cell FDRE clocked by TCK  {rise@0.000ns fall@7.576ns period=15.152ns})
  Path Group:             (none)
  Path Type:              Setup (Max at Slow Process Corner)
  Data Path Delay:        0.918ns  (logic 0.456ns (49.699%)  route 0.462ns (50.301%))
  Logic Levels:           0  
  Clock Path Skew:        4.024ns (DCD - SCD + CPR)
    Destination Clock Delay (DCD):    3.126ns
    Source Clock Delay      (SCD):    -0.898ns
    Clock Pessimism Removal (CPR):    0.000ns
  Clock Uncertainty:      0.202ns  ((TSJ^2 + DJ^2)^1/2) / 2 + PE
    Total System Jitter     (TSJ):    0.071ns
    Discrete Jitter          (DJ):    0.182ns
    Phase Error              (PE):    0.104ns
  Timing Exception:       Asynchronous Clock Groups

    Location             Delay type                Incr(ns)  Path(ns)    Netlist Resource(s)
  -------------------------------------------------------------------    -------------------
                         (clock clk_out1_clk_wiz_0 rise edge)
                                                      0.000     0.000 r  
    E3                                                0.000     0.000 r  sysclk (IN)
                         net (fo=0)                   0.000     0.000    u_clk_wiz_0/inst/clk_in1
    E3                   IBUF (Prop_ibuf_I_O)         1.482     1.482 r  u_clk_wiz_0/inst/clkin1_ibufg/O
                         net (fo=1, routed)           1.233     2.715    u_clk_wiz_0/inst/clk_in1_clk_wiz_0
    MMCME2_ADV_X1Y2      MMCME2_ADV (Prop_mmcme2_adv_CLKIN1_CLKOUT0)
                                                     -7.070    -4.355 r  u_clk_wiz_0/inst/mmcm_adv_inst/CLKOUT0
                         net (fo=1, routed)           1.719    -2.636    u_clk_wiz_0/inst/clk_out1_clk_wiz_0
    BUFGCTRL_X0Y16       BUFG (Prop_bufg_I_O)         0.096    -2.540 r  u_clk_wiz_0/inst/clkout1_buf/O
                         net (fo=852, routed)         1.642    -0.898    u_jtag_mac/u_simcycle_fifo/u_simcycle_fifo/U0/inst_fifo_gen/gconvfifo.rf/grf.rf/rstblk/rd_clk
    SLICE_X15Y62         FDRE                                         r  u_jtag_mac/u_simcycle_fifo/u_simcycle_fifo/U0/inst_fifo_gen/gconvfifo.rf/grf.rf/rstblk/ngwrdrst.grst.g7serrst.gsckt_wrst.gic_rst.sckt_rd_rst_ic_reg/C
  -------------------------------------------------------------------    -------------------
    SLICE_X15Y62         FDRE (Prop_fdre_C_Q)         0.456    -0.442 r  u_jtag_mac/u_simcycle_fifo/u_simcycle_fifo/U0/inst_fifo_gen/gconvfifo.rf/grf.rf/rstblk/ngwrdrst.grst.g7serrst.gsckt_wrst.gic_rst.sckt_rd_rst_ic_reg/Q
                         net (fo=13, routed)          0.462     0.020    u_jtag_mac/u_simcycle_fifo/u_simcycle_fifo/U0/inst_fifo_gen/gconvfifo.rf/grf.rf/rstblk/ngwrdrst.grst.g7serrst.gsckt_wrst.gic_rst.xpm_cdc_single_inst_rrst_wr/src_in
    SLICE_X15Y65         FDRE                                         r  u_jtag_mac/u_simcycle_fifo/u_simcycle_fifo/U0/inst_fifo_gen/gconvfifo.rf/grf.rf/rstblk/ngwrdrst.grst.g7serrst.gsckt_wrst.gic_rst.xpm_cdc_single_inst_rrst_wr/syncstages_ff_reg[0]/D
  -------------------------------------------------------------------    -------------------

                         (clock TCK rise edge)        0.000     0.000 r  
    BSCAN_X0Y0           BSCANE2                      0.000     0.000 r  u_BSCANE2/TCK
                         net (fo=1, routed)           1.520     1.520    TCK
    BUFGCTRL_X0Y0        BUFG (Prop_bufg_I_O)         0.091     1.611 r  TCK_BUFG_inst/O
                         net (fo=507, routed)         1.515     3.126    u_jtag_mac/u_simcycle_fifo/u_simcycle_fifo/U0/inst_fifo_gen/gconvfifo.rf/grf.rf/rstblk/ngwrdrst.grst.g7serrst.gsckt_wrst.gic_rst.xpm_cdc_single_inst_rrst_wr/dest_clk
    SLICE_X15Y65         FDRE                                         r  u_jtag_mac/u_simcycle_fifo/u_simcycle_fifo/U0/inst_fifo_gen/gconvfifo.rf/grf.rf/rstblk/ngwrdrst.grst.g7serrst.gsckt_wrst.gic_rst.xpm_cdc_single_inst_rrst_wr/syncstages_ff_reg[0]/C

Slack:                    inf
  Source:                 u_jtag_mac/u_post_chif_fifo/u_jtag_mac_fifo/U0/inst_fifo_gen/gconvfifo.rf/grf.rf/gntv_or_sync_fifo.gl0.wr/gwas.wsts/gaf.ram_almost_full_i_reg/C
                            (rising edge-triggered cell FDSE clocked by clk_out1_clk_wiz_0  {rise@0.000ns fall@20.000ns period=40.000ns})
  Destination:            u_jtag_mac/act_rd_len_sft_reg[12]/D
                            (rising edge-triggered cell FDRE clocked by TCK  {rise@0.000ns fall@7.576ns period=15.152ns})
  Path Group:             (none)
  Path Type:              Setup (Max at Slow Process Corner)
  Data Path Delay:        2.252ns  (logic 0.608ns (26.997%)  route 1.644ns (73.003%))
  Logic Levels:           1  (LUT4=1)
  Clock Path Skew:        3.950ns (DCD - SCD + CPR)
    Destination Clock Delay (DCD):    3.118ns
    Source Clock Delay      (SCD):    -0.832ns
    Clock Pessimism Removal (CPR):    0.000ns
  Clock Uncertainty:      0.202ns  ((TSJ^2 + DJ^2)^1/2) / 2 + PE
    Total System Jitter     (TSJ):    0.071ns
    Discrete Jitter          (DJ):    0.182ns
    Phase Error              (PE):    0.104ns
  Timing Exception:       Asynchronous Clock Groups

    Location             Delay type                Incr(ns)  Path(ns)    Netlist Resource(s)
  -------------------------------------------------------------------    -------------------
                         (clock clk_out1_clk_wiz_0 rise edge)
                                                      0.000     0.000 r  
    E3                                                0.000     0.000 r  sysclk (IN)
                         net (fo=0)                   0.000     0.000    u_clk_wiz_0/inst/clk_in1
    E3                   IBUF (Prop_ibuf_I_O)         1.482     1.482 r  u_clk_wiz_0/inst/clkin1_ibufg/O
                         net (fo=1, routed)           1.233     2.715    u_clk_wiz_0/inst/clk_in1_clk_wiz_0
    MMCME2_ADV_X1Y2      MMCME2_ADV (Prop_mmcme2_adv_CLKIN1_CLKOUT0)
                                                     -7.070    -4.355 r  u_clk_wiz_0/inst/mmcm_adv_inst/CLKOUT0
                         net (fo=1, routed)           1.719    -2.636    u_clk_wiz_0/inst/clk_out1_clk_wiz_0
    BUFGCTRL_X0Y16       BUFG (Prop_bufg_I_O)         0.096    -2.540 r  u_clk_wiz_0/inst/clkout1_buf/O
                         net (fo=852, routed)         1.708    -0.832    u_jtag_mac/u_post_chif_fifo/u_jtag_mac_fifo/U0/inst_fifo_gen/gconvfifo.rf/grf.rf/gntv_or_sync_fifo.gl0.wr/gwas.wsts/wr_clk
    SLICE_X1Y77          FDSE                                         r  u_jtag_mac/u_post_chif_fifo/u_jtag_mac_fifo/U0/inst_fifo_gen/gconvfifo.rf/grf.rf/gntv_or_sync_fifo.gl0.wr/gwas.wsts/gaf.ram_almost_full_i_reg/C
  -------------------------------------------------------------------    -------------------
    SLICE_X1Y77          FDSE (Prop_fdse_C_Q)         0.456    -0.376 r  u_jtag_mac/u_post_chif_fifo/u_jtag_mac_fifo/U0/inst_fifo_gen/gconvfifo.rf/grf.rf/gntv_or_sync_fifo.gl0.wr/gwas.wsts/gaf.ram_almost_full_i_reg/Q
                         net (fo=125, routed)         1.072     0.697    u_jtag_mac/u_post_chif_fifo/almost_full
    SLICE_X9Y77          LUT4 (Prop_lut4_I3_O)        0.152     0.849 r  u_jtag_mac/u_post_chif_fifo/act_rd_len_sft[12]_i_1/O
                         net (fo=1, routed)           0.572     1.420    u_jtag_mac/u_post_chif_fifo_n_10
    SLICE_X8Y77          FDRE                                         r  u_jtag_mac/act_rd_len_sft_reg[12]/D
  -------------------------------------------------------------------    -------------------

                         (clock TCK rise edge)        0.000     0.000 r  
    BSCAN_X0Y0           BSCANE2                      0.000     0.000 r  u_BSCANE2/TCK
                         net (fo=1, routed)           1.520     1.520    TCK
    BUFGCTRL_X0Y0        BUFG (Prop_bufg_I_O)         0.091     1.611 r  TCK_BUFG_inst/O
                         net (fo=507, routed)         1.507     3.118    u_jtag_mac/TCK_BUFG
    SLICE_X8Y77          FDRE                                         r  u_jtag_mac/act_rd_len_sft_reg[12]/C

Slack:                    inf
  Source:                 u_jtag_mac/u_post_chif_fifo/u_jtag_mac_fifo/U0/inst_fifo_gen/gconvfifo.rf/grf.rf/gntv_or_sync_fifo.gl0.wr/gwas.wsts/gaf.ram_almost_full_i_reg/C
                            (rising edge-triggered cell FDSE clocked by clk_out1_clk_wiz_0  {rise@0.000ns fall@20.000ns period=40.000ns})
  Destination:            u_jtag_mac/act_rd_len_reg[12]/D
                            (rising edge-triggered cell FDRE clocked by TCK  {rise@0.000ns fall@7.576ns period=15.152ns})
  Path Group:             (none)
  Path Type:              Setup (Max at Slow Process Corner)
  Data Path Delay:        1.652ns  (logic 0.580ns (35.099%)  route 1.072ns (64.901%))
  Logic Levels:           1  (LUT3=1)
  Clock Path Skew:        3.950ns (DCD - SCD + CPR)
    Destination Clock Delay (DCD):    3.118ns
    Source Clock Delay      (SCD):    -0.832ns
    Clock Pessimism Removal (CPR):    0.000ns
  Clock Uncertainty:      0.202ns  ((TSJ^2 + DJ^2)^1/2) / 2 + PE
    Total System Jitter     (TSJ):    0.071ns
    Discrete Jitter          (DJ):    0.182ns
    Phase Error              (PE):    0.104ns
  Timing Exception:       Asynchronous Clock Groups

    Location             Delay type                Incr(ns)  Path(ns)    Netlist Resource(s)
  -------------------------------------------------------------------    -------------------
                         (clock clk_out1_clk_wiz_0 rise edge)
                                                      0.000     0.000 r  
    E3                                                0.000     0.000 r  sysclk (IN)
                         net (fo=0)                   0.000     0.000    u_clk_wiz_0/inst/clk_in1
    E3                   IBUF (Prop_ibuf_I_O)         1.482     1.482 r  u_clk_wiz_0/inst/clkin1_ibufg/O
                         net (fo=1, routed)           1.233     2.715    u_clk_wiz_0/inst/clk_in1_clk_wiz_0
    MMCME2_ADV_X1Y2      MMCME2_ADV (Prop_mmcme2_adv_CLKIN1_CLKOUT0)
                                                     -7.070    -4.355 r  u_clk_wiz_0/inst/mmcm_adv_inst/CLKOUT0
                         net (fo=1, routed)           1.719    -2.636    u_clk_wiz_0/inst/clk_out1_clk_wiz_0
    BUFGCTRL_X0Y16       BUFG (Prop_bufg_I_O)         0.096    -2.540 r  u_clk_wiz_0/inst/clkout1_buf/O
                         net (fo=852, routed)         1.708    -0.832    u_jtag_mac/u_post_chif_fifo/u_jtag_mac_fifo/U0/inst_fifo_gen/gconvfifo.rf/grf.rf/gntv_or_sync_fifo.gl0.wr/gwas.wsts/wr_clk
    SLICE_X1Y77          FDSE                                         r  u_jtag_mac/u_post_chif_fifo/u_jtag_mac_fifo/U0/inst_fifo_gen/gconvfifo.rf/grf.rf/gntv_or_sync_fifo.gl0.wr/gwas.wsts/gaf.ram_almost_full_i_reg/C
  -------------------------------------------------------------------    -------------------
    SLICE_X1Y77          FDSE (Prop_fdse_C_Q)         0.456    -0.376 r  u_jtag_mac/u_post_chif_fifo/u_jtag_mac_fifo/U0/inst_fifo_gen/gconvfifo.rf/grf.rf/gntv_or_sync_fifo.gl0.wr/gwas.wsts/gaf.ram_almost_full_i_reg/Q
                         net (fo=125, routed)         1.072     0.697    u_jtag_mac/u_post_chif_fifo/almost_full
    SLICE_X9Y77          LUT3 (Prop_lut3_I0_O)        0.124     0.821 r  u_jtag_mac/u_post_chif_fifo/act_rd_len[12]_i_2/O
                         net (fo=1, routed)           0.000     0.821    u_jtag_mac/act_rd_len_sft[12]
    SLICE_X9Y77          FDRE                                         r  u_jtag_mac/act_rd_len_reg[12]/D
  -------------------------------------------------------------------    -------------------

                         (clock TCK rise edge)        0.000     0.000 r  
    BSCAN_X0Y0           BSCANE2                      0.000     0.000 r  u_BSCANE2/TCK
                         net (fo=1, routed)           1.520     1.520    TCK
    BUFGCTRL_X0Y0        BUFG (Prop_bufg_I_O)         0.091     1.611 r  TCK_BUFG_inst/O
                         net (fo=507, routed)         1.507     3.118    u_jtag_mac/TCK_BUFG
    SLICE_X9Y77          FDRE                                         r  u_jtag_mac/act_rd_len_reg[12]/C

Slack:                    inf
  Source:                 u_jtag_mac/u_simcycle_fifo/u_simcycle_fifo/U0/inst_fifo_gen/gconvfifo.rf/grf.rf/gntv_or_sync_fifo.gcx.clkx/rd_pntr_cdc_inst/src_gray_ff_reg[0]/C
                            (rising edge-triggered cell FDRE clocked by clk_out1_clk_wiz_0  {rise@0.000ns fall@20.000ns period=40.000ns})
  Destination:            u_jtag_mac/u_simcycle_fifo/u_simcycle_fifo/U0/inst_fifo_gen/gconvfifo.rf/grf.rf/gntv_or_sync_fifo.gcx.clkx/rd_pntr_cdc_inst/dest_graysync_ff_reg[0][0]/D
                            (rising edge-triggered cell FDRE clocked by TCK  {rise@0.000ns fall@7.576ns period=15.152ns})
  Path Group:             (none)
  Path Type:              Setup (Max at Slow Process Corner)
  Data Path Delay:        1.573ns  (logic 0.518ns (32.937%)  route 1.055ns (67.063%))
  Logic Levels:           0  
  Clock Path Skew:        4.026ns (DCD - SCD + CPR)
    Destination Clock Delay (DCD):    3.131ns
    Source Clock Delay      (SCD):    -0.895ns
    Clock Pessimism Removal (CPR):    0.000ns
  Clock Uncertainty:      0.202ns  ((TSJ^2 + DJ^2)^1/2) / 2 + PE
    Total System Jitter     (TSJ):    0.071ns
    Discrete Jitter          (DJ):    0.182ns
    Phase Error              (PE):    0.104ns
  Timing Exception:       Asynchronous Clock Groups

    Location             Delay type                Incr(ns)  Path(ns)    Netlist Resource(s)
  -------------------------------------------------------------------    -------------------
                         (clock clk_out1_clk_wiz_0 rise edge)
                                                      0.000     0.000 r  
    E3                                                0.000     0.000 r  sysclk (IN)
                         net (fo=0)                   0.000     0.000    u_clk_wiz_0/inst/clk_in1
    E3                   IBUF (Prop_ibuf_I_O)         1.482     1.482 r  u_clk_wiz_0/inst/clkin1_ibufg/O
                         net (fo=1, routed)           1.233     2.715    u_clk_wiz_0/inst/clk_in1_clk_wiz_0
    MMCME2_ADV_X1Y2      MMCME2_ADV (Prop_mmcme2_adv_CLKIN1_CLKOUT0)
                                                     -7.070    -4.355 r  u_clk_wiz_0/inst/mmcm_adv_inst/CLKOUT0
                         net (fo=1, routed)           1.719    -2.636    u_clk_wiz_0/inst/clk_out1_clk_wiz_0
    BUFGCTRL_X0Y16       BUFG (Prop_bufg_I_O)         0.096    -2.540 r  u_clk_wiz_0/inst/clkout1_buf/O
                         net (fo=852, routed)         1.645    -0.895    u_jtag_mac/u_simcycle_fifo/u_simcycle_fifo/U0/inst_fifo_gen/gconvfifo.rf/grf.rf/gntv_or_sync_fifo.gcx.clkx/rd_pntr_cdc_inst/src_clk
    SLICE_X14Y57         FDRE                                         r  u_jtag_mac/u_simcycle_fifo/u_simcycle_fifo/U0/inst_fifo_gen/gconvfifo.rf/grf.rf/gntv_or_sync_fifo.gcx.clkx/rd_pntr_cdc_inst/src_gray_ff_reg[0]/C
  -------------------------------------------------------------------    -------------------
    SLICE_X14Y57         FDRE (Prop_fdre_C_Q)         0.518    -0.377 r  u_jtag_mac/u_simcycle_fifo/u_simcycle_fifo/U0/inst_fifo_gen/gconvfifo.rf/grf.rf/gntv_or_sync_fifo.gcx.clkx/rd_pntr_cdc_inst/src_gray_ff_reg[0]/Q
                         net (fo=1, routed)           1.055     0.678    u_jtag_mac/u_simcycle_fifo/u_simcycle_fifo/U0/inst_fifo_gen/gconvfifo.rf/grf.rf/gntv_or_sync_fifo.gcx.clkx/rd_pntr_cdc_inst/async_path[0]
    SLICE_X14Y58         FDRE                                         r  u_jtag_mac/u_simcycle_fifo/u_simcycle_fifo/U0/inst_fifo_gen/gconvfifo.rf/grf.rf/gntv_or_sync_fifo.gcx.clkx/rd_pntr_cdc_inst/dest_graysync_ff_reg[0][0]/D
  -------------------------------------------------------------------    -------------------

                         (clock TCK rise edge)        0.000     0.000 r  
    BSCAN_X0Y0           BSCANE2                      0.000     0.000 r  u_BSCANE2/TCK
                         net (fo=1, routed)           1.520     1.520    TCK
    BUFGCTRL_X0Y0        BUFG (Prop_bufg_I_O)         0.091     1.611 r  TCK_BUFG_inst/O
                         net (fo=507, routed)         1.520     3.131    u_jtag_mac/u_simcycle_fifo/u_simcycle_fifo/U0/inst_fifo_gen/gconvfifo.rf/grf.rf/gntv_or_sync_fifo.gcx.clkx/rd_pntr_cdc_inst/dest_clk
    SLICE_X14Y58         FDRE                                         r  u_jtag_mac/u_simcycle_fifo/u_simcycle_fifo/U0/inst_fifo_gen/gconvfifo.rf/grf.rf/gntv_or_sync_fifo.gcx.clkx/rd_pntr_cdc_inst/dest_graysync_ff_reg[0][0]/C

Slack:                    inf
  Source:                 u_jtag_mac/u_pre_chif_fifo/u_jtag_mac_fifo/U0/inst_fifo_gen/gconvfifo.rf/grf.rf/gntv_or_sync_fifo.gcx.clkx/rd_pntr_cdc_inst/src_gray_ff_reg[7]/C
                            (rising edge-triggered cell FDRE clocked by clk_out1_clk_wiz_0  {rise@0.000ns fall@20.000ns period=40.000ns})
  Destination:            u_jtag_mac/u_pre_chif_fifo/u_jtag_mac_fifo/U0/inst_fifo_gen/gconvfifo.rf/grf.rf/gntv_or_sync_fifo.gcx.clkx/rd_pntr_cdc_inst/dest_graysync_ff_reg[0][7]/D
                            (rising edge-triggered cell FDRE clocked by TCK  {rise@0.000ns fall@7.576ns period=15.152ns})
  Path Group:             (none)
  Path Type:              Setup (Max at Slow Process Corner)
  Data Path Delay:        1.319ns  (logic 0.478ns (36.243%)  route 0.841ns (63.757%))
  Logic Levels:           0  
  Clock Path Skew:        3.951ns (DCD - SCD + CPR)
    Destination Clock Delay (DCD):    3.117ns
    Source Clock Delay      (SCD):    -0.834ns
    Clock Pessimism Removal (CPR):    0.000ns
  Clock Uncertainty:      0.202ns  ((TSJ^2 + DJ^2)^1/2) / 2 + PE
    Total System Jitter     (TSJ):    0.071ns
    Discrete Jitter          (DJ):    0.182ns
    Phase Error              (PE):    0.104ns
  Timing Exception:       Asynchronous Clock Groups

    Location             Delay type                Incr(ns)  Path(ns)    Netlist Resource(s)
  -------------------------------------------------------------------    -------------------
                         (clock clk_out1_clk_wiz_0 rise edge)
                                                      0.000     0.000 r  
    E3                                                0.000     0.000 r  sysclk (IN)
                         net (fo=0)                   0.000     0.000    u_clk_wiz_0/inst/clk_in1
    E3                   IBUF (Prop_ibuf_I_O)         1.482     1.482 r  u_clk_wiz_0/inst/clkin1_ibufg/O
                         net (fo=1, routed)           1.233     2.715    u_clk_wiz_0/inst/clk_in1_clk_wiz_0
    MMCME2_ADV_X1Y2      MMCME2_ADV (Prop_mmcme2_adv_CLKIN1_CLKOUT0)
                                                     -7.070    -4.355 r  u_clk_wiz_0/inst/mmcm_adv_inst/CLKOUT0
                         net (fo=1, routed)           1.719    -2.636    u_clk_wiz_0/inst/clk_out1_clk_wiz_0
    BUFGCTRL_X0Y16       BUFG (Prop_bufg_I_O)         0.096    -2.540 r  u_clk_wiz_0/inst/clkout1_buf/O
                         net (fo=852, routed)         1.706    -0.834    u_jtag_mac/u_pre_chif_fifo/u_jtag_mac_fifo/U0/inst_fifo_gen/gconvfifo.rf/grf.rf/gntv_or_sync_fifo.gcx.clkx/rd_pntr_cdc_inst/src_clk
    SLICE_X6Y73          FDRE                                         r  u_jtag_mac/u_pre_chif_fifo/u_jtag_mac_fifo/U0/inst_fifo_gen/gconvfifo.rf/grf.rf/gntv_or_sync_fifo.gcx.clkx/rd_pntr_cdc_inst/src_gray_ff_reg[7]/C
  -------------------------------------------------------------------    -------------------
    SLICE_X6Y73          FDRE (Prop_fdre_C_Q)         0.478    -0.356 r  u_jtag_mac/u_pre_chif_fifo/u_jtag_mac_fifo/U0/inst_fifo_gen/gconvfifo.rf/grf.rf/gntv_or_sync_fifo.gcx.clkx/rd_pntr_cdc_inst/src_gray_ff_reg[7]/Q
                         net (fo=1, routed)           0.841     0.485    u_jtag_mac/u_pre_chif_fifo/u_jtag_mac_fifo/U0/inst_fifo_gen/gconvfifo.rf/grf.rf/gntv_or_sync_fifo.gcx.clkx/rd_pntr_cdc_inst/async_path[7]
    SLICE_X8Y73          FDRE                                         r  u_jtag_mac/u_pre_chif_fifo/u_jtag_mac_fifo/U0/inst_fifo_gen/gconvfifo.rf/grf.rf/gntv_or_sync_fifo.gcx.clkx/rd_pntr_cdc_inst/dest_graysync_ff_reg[0][7]/D
  -------------------------------------------------------------------    -------------------

                         (clock TCK rise edge)        0.000     0.000 r  
    BSCAN_X0Y0           BSCANE2                      0.000     0.000 r  u_BSCANE2/TCK
                         net (fo=1, routed)           1.520     1.520    TCK
    BUFGCTRL_X0Y0        BUFG (Prop_bufg_I_O)         0.091     1.611 r  TCK_BUFG_inst/O
                         net (fo=507, routed)         1.506     3.117    u_jtag_mac/u_pre_chif_fifo/u_jtag_mac_fifo/U0/inst_fifo_gen/gconvfifo.rf/grf.rf/gntv_or_sync_fifo.gcx.clkx/rd_pntr_cdc_inst/dest_clk
    SLICE_X8Y73          FDRE                                         r  u_jtag_mac/u_pre_chif_fifo/u_jtag_mac_fifo/U0/inst_fifo_gen/gconvfifo.rf/grf.rf/gntv_or_sync_fifo.gcx.clkx/rd_pntr_cdc_inst/dest_graysync_ff_reg[0][7]/C

Slack:                    inf
  Source:                 u_jtag_mac/u_pre_chif_fifo/u_jtag_mac_fifo/U0/inst_fifo_gen/gconvfifo.rf/grf.rf/gntv_or_sync_fifo.gcx.clkx/rd_pntr_cdc_inst/src_gray_ff_reg[8]/C
                            (rising edge-triggered cell FDRE clocked by clk_out1_clk_wiz_0  {rise@0.000ns fall@20.000ns period=40.000ns})
  Destination:            u_jtag_mac/u_pre_chif_fifo/u_jtag_mac_fifo/U0/inst_fifo_gen/gconvfifo.rf/grf.rf/gntv_or_sync_fifo.gcx.clkx/rd_pntr_cdc_inst/dest_graysync_ff_reg[0][8]/D
                            (rising edge-triggered cell FDRE clocked by TCK  {rise@0.000ns fall@7.576ns period=15.152ns})
  Path Group:             (none)
  Path Type:              Setup (Max at Slow Process Corner)
  Data Path Delay:        1.292ns  (logic 0.518ns (40.098%)  route 0.774ns (59.902%))
  Logic Levels:           0  
  Clock Path Skew:        4.033ns (DCD - SCD + CPR)
    Destination Clock Delay (DCD):    3.199ns
    Source Clock Delay      (SCD):    -0.834ns
    Clock Pessimism Removal (CPR):    0.000ns
  Clock Uncertainty:      0.202ns  ((TSJ^2 + DJ^2)^1/2) / 2 + PE
    Total System Jitter     (TSJ):    0.071ns
    Discrete Jitter          (DJ):    0.182ns
    Phase Error              (PE):    0.104ns
  Timing Exception:       Asynchronous Clock Groups

    Location             Delay type                Incr(ns)  Path(ns)    Netlist Resource(s)
  -------------------------------------------------------------------    -------------------
                         (clock clk_out1_clk_wiz_0 rise edge)
                                                      0.000     0.000 r  
    E3                                                0.000     0.000 r  sysclk (IN)
                         net (fo=0)                   0.000     0.000    u_clk_wiz_0/inst/clk_in1
    E3                   IBUF (Prop_ibuf_I_O)         1.482     1.482 r  u_clk_wiz_0/inst/clkin1_ibufg/O
                         net (fo=1, routed)           1.233     2.715    u_clk_wiz_0/inst/clk_in1_clk_wiz_0
    MMCME2_ADV_X1Y2      MMCME2_ADV (Prop_mmcme2_adv_CLKIN1_CLKOUT0)
                                                     -7.070    -4.355 r  u_clk_wiz_0/inst/mmcm_adv_inst/CLKOUT0
                         net (fo=1, routed)           1.719    -2.636    u_clk_wiz_0/inst/clk_out1_clk_wiz_0
    BUFGCTRL_X0Y16       BUFG (Prop_bufg_I_O)         0.096    -2.540 r  u_clk_wiz_0/inst/clkout1_buf/O
                         net (fo=852, routed)         1.706    -0.834    u_jtag_mac/u_pre_chif_fifo/u_jtag_mac_fifo/U0/inst_fifo_gen/gconvfifo.rf/grf.rf/gntv_or_sync_fifo.gcx.clkx/rd_pntr_cdc_inst/src_clk
    SLICE_X6Y73          FDRE                                         r  u_jtag_mac/u_pre_chif_fifo/u_jtag_mac_fifo/U0/inst_fifo_gen/gconvfifo.rf/grf.rf/gntv_or_sync_fifo.gcx.clkx/rd_pntr_cdc_inst/src_gray_ff_reg[8]/C
  -------------------------------------------------------------------    -------------------
    SLICE_X6Y73          FDRE (Prop_fdre_C_Q)         0.518    -0.316 r  u_jtag_mac/u_pre_chif_fifo/u_jtag_mac_fifo/U0/inst_fifo_gen/gconvfifo.rf/grf.rf/gntv_or_sync_fifo.gcx.clkx/rd_pntr_cdc_inst/src_gray_ff_reg[8]/Q
                         net (fo=1, routed)           0.774     0.458    u_jtag_mac/u_pre_chif_fifo/u_jtag_mac_fifo/U0/inst_fifo_gen/gconvfifo.rf/grf.rf/gntv_or_sync_fifo.gcx.clkx/rd_pntr_cdc_inst/async_path[8]
    SLICE_X6Y71          FDRE                                         r  u_jtag_mac/u_pre_chif_fifo/u_jtag_mac_fifo/U0/inst_fifo_gen/gconvfifo.rf/grf.rf/gntv_or_sync_fifo.gcx.clkx/rd_pntr_cdc_inst/dest_graysync_ff_reg[0][8]/D
  -------------------------------------------------------------------    -------------------

                         (clock TCK rise edge)        0.000     0.000 r  
    BSCAN_X0Y0           BSCANE2                      0.000     0.000 r  u_BSCANE2/TCK
                         net (fo=1, routed)           1.520     1.520    TCK
    BUFGCTRL_X0Y0        BUFG (Prop_bufg_I_O)         0.091     1.611 r  TCK_BUFG_inst/O
                         net (fo=507, routed)         1.588     3.199    u_jtag_mac/u_pre_chif_fifo/u_jtag_mac_fifo/U0/inst_fifo_gen/gconvfifo.rf/grf.rf/gntv_or_sync_fifo.gcx.clkx/rd_pntr_cdc_inst/dest_clk
    SLICE_X6Y71          FDRE                                         r  u_jtag_mac/u_pre_chif_fifo/u_jtag_mac_fifo/U0/inst_fifo_gen/gconvfifo.rf/grf.rf/gntv_or_sync_fifo.gcx.clkx/rd_pntr_cdc_inst/dest_graysync_ff_reg[0][8]/C

Slack:                    inf
  Source:                 u_jtag_mac/u_pre_chif_fifo/u_jtag_mac_fifo/U0/inst_fifo_gen/gconvfifo.rf/grf.rf/gntv_or_sync_fifo.gcx.clkx/rd_pntr_cdc_inst/src_gray_ff_reg[6]/C
                            (rising edge-triggered cell FDRE clocked by clk_out1_clk_wiz_0  {rise@0.000ns fall@20.000ns period=40.000ns})
  Destination:            u_jtag_mac/u_pre_chif_fifo/u_jtag_mac_fifo/U0/inst_fifo_gen/gconvfifo.rf/grf.rf/gntv_or_sync_fifo.gcx.clkx/rd_pntr_cdc_inst/dest_graysync_ff_reg[0][6]/D
                            (rising edge-triggered cell FDRE clocked by TCK  {rise@0.000ns fall@7.576ns period=15.152ns})
  Path Group:             (none)
  Path Type:              Setup (Max at Slow Process Corner)
  Data Path Delay:        1.285ns  (logic 0.518ns (40.311%)  route 0.767ns (59.689%))
  Logic Levels:           0  
  Clock Path Skew:        4.030ns (DCD - SCD + CPR)
    Destination Clock Delay (DCD):    3.196ns
    Source Clock Delay      (SCD):    -0.834ns
    Clock Pessimism Removal (CPR):    0.000ns
  Clock Uncertainty:      0.202ns  ((TSJ^2 + DJ^2)^1/2) / 2 + PE
    Total System Jitter     (TSJ):    0.071ns
    Discrete Jitter          (DJ):    0.182ns
    Phase Error              (PE):    0.104ns
  Timing Exception:       Asynchronous Clock Groups

    Location             Delay type                Incr(ns)  Path(ns)    Netlist Resource(s)
  -------------------------------------------------------------------    -------------------
                         (clock clk_out1_clk_wiz_0 rise edge)
                                                      0.000     0.000 r  
    E3                                                0.000     0.000 r  sysclk (IN)
                         net (fo=0)                   0.000     0.000    u_clk_wiz_0/inst/clk_in1
    E3                   IBUF (Prop_ibuf_I_O)         1.482     1.482 r  u_clk_wiz_0/inst/clkin1_ibufg/O
                         net (fo=1, routed)           1.233     2.715    u_clk_wiz_0/inst/clk_in1_clk_wiz_0
    MMCME2_ADV_X1Y2      MMCME2_ADV (Prop_mmcme2_adv_CLKIN1_CLKOUT0)
                                                     -7.070    -4.355 r  u_clk_wiz_0/inst/mmcm_adv_inst/CLKOUT0
                         net (fo=1, routed)           1.719    -2.636    u_clk_wiz_0/inst/clk_out1_clk_wiz_0
    BUFGCTRL_X0Y16       BUFG (Prop_bufg_I_O)         0.096    -2.540 r  u_clk_wiz_0/inst/clkout1_buf/O
                         net (fo=852, routed)         1.706    -0.834    u_jtag_mac/u_pre_chif_fifo/u_jtag_mac_fifo/U0/inst_fifo_gen/gconvfifo.rf/grf.rf/gntv_or_sync_fifo.gcx.clkx/rd_pntr_cdc_inst/src_clk
    SLICE_X6Y73          FDRE                                         r  u_jtag_mac/u_pre_chif_fifo/u_jtag_mac_fifo/U0/inst_fifo_gen/gconvfifo.rf/grf.rf/gntv_or_sync_fifo.gcx.clkx/rd_pntr_cdc_inst/src_gray_ff_reg[6]/C
  -------------------------------------------------------------------    -------------------
    SLICE_X6Y73          FDRE (Prop_fdre_C_Q)         0.518    -0.316 r  u_jtag_mac/u_pre_chif_fifo/u_jtag_mac_fifo/U0/inst_fifo_gen/gconvfifo.rf/grf.rf/gntv_or_sync_fifo.gcx.clkx/rd_pntr_cdc_inst/src_gray_ff_reg[6]/Q
                         net (fo=1, routed)           0.767     0.451    u_jtag_mac/u_pre_chif_fifo/u_jtag_mac_fifo/U0/inst_fifo_gen/gconvfifo.rf/grf.rf/gntv_or_sync_fifo.gcx.clkx/rd_pntr_cdc_inst/async_path[6]
    SLICE_X7Y73          FDRE                                         r  u_jtag_mac/u_pre_chif_fifo/u_jtag_mac_fifo/U0/inst_fifo_gen/gconvfifo.rf/grf.rf/gntv_or_sync_fifo.gcx.clkx/rd_pntr_cdc_inst/dest_graysync_ff_reg[0][6]/D
  -------------------------------------------------------------------    -------------------

                         (clock TCK rise edge)        0.000     0.000 r  
    BSCAN_X0Y0           BSCANE2                      0.000     0.000 r  u_BSCANE2/TCK
                         net (fo=1, routed)           1.520     1.520    TCK
    BUFGCTRL_X0Y0        BUFG (Prop_bufg_I_O)         0.091     1.611 r  TCK_BUFG_inst/O
                         net (fo=507, routed)         1.585     3.196    u_jtag_mac/u_pre_chif_fifo/u_jtag_mac_fifo/U0/inst_fifo_gen/gconvfifo.rf/grf.rf/gntv_or_sync_fifo.gcx.clkx/rd_pntr_cdc_inst/dest_clk
    SLICE_X7Y73          FDRE                                         r  u_jtag_mac/u_pre_chif_fifo/u_jtag_mac_fifo/U0/inst_fifo_gen/gconvfifo.rf/grf.rf/gntv_or_sync_fifo.gcx.clkx/rd_pntr_cdc_inst/dest_graysync_ff_reg[0][6]/C

Slack:                    inf
  Source:                 u_jtag_mac/u_pre_chif_fifo/u_jtag_mac_fifo/U0/inst_fifo_gen/gconvfifo.rf/grf.rf/gntv_or_sync_fifo.gcx.clkx/rd_pntr_cdc_inst/src_gray_ff_reg[9]/C
                            (rising edge-triggered cell FDRE clocked by clk_out1_clk_wiz_0  {rise@0.000ns fall@20.000ns period=40.000ns})
  Destination:            u_jtag_mac/u_pre_chif_fifo/u_jtag_mac_fifo/U0/inst_fifo_gen/gconvfifo.rf/grf.rf/gntv_or_sync_fifo.gcx.clkx/rd_pntr_cdc_inst/dest_graysync_ff_reg[0][9]/D
                            (rising edge-triggered cell FDRE clocked by TCK  {rise@0.000ns fall@7.576ns period=15.152ns})
  Path Group:             (none)
  Path Type:              Setup (Max at Slow Process Corner)
  Data Path Delay:        1.152ns  (logic 0.478ns (41.486%)  route 0.674ns (58.514%))
  Logic Levels:           0  
  Clock Path Skew:        4.030ns (DCD - SCD + CPR)
    Destination Clock Delay (DCD):    3.196ns
    Source Clock Delay      (SCD):    -0.834ns
    Clock Pessimism Removal (CPR):    0.000ns
  Clock Uncertainty:      0.202ns  ((TSJ^2 + DJ^2)^1/2) / 2 + PE
    Total System Jitter     (TSJ):    0.071ns
    Discrete Jitter          (DJ):    0.182ns
    Phase Error              (PE):    0.104ns
  Timing Exception:       Asynchronous Clock Groups

    Location             Delay type                Incr(ns)  Path(ns)    Netlist Resource(s)
  -------------------------------------------------------------------    -------------------
                         (clock clk_out1_clk_wiz_0 rise edge)
                                                      0.000     0.000 r  
    E3                                                0.000     0.000 r  sysclk (IN)
                         net (fo=0)                   0.000     0.000    u_clk_wiz_0/inst/clk_in1
    E3                   IBUF (Prop_ibuf_I_O)         1.482     1.482 r  u_clk_wiz_0/inst/clkin1_ibufg/O
                         net (fo=1, routed)           1.233     2.715    u_clk_wiz_0/inst/clk_in1_clk_wiz_0
    MMCME2_ADV_X1Y2      MMCME2_ADV (Prop_mmcme2_adv_CLKIN1_CLKOUT0)
                                                     -7.070    -4.355 r  u_clk_wiz_0/inst/mmcm_adv_inst/CLKOUT0
                         net (fo=1, routed)           1.719    -2.636    u_clk_wiz_0/inst/clk_out1_clk_wiz_0
    BUFGCTRL_X0Y16       BUFG (Prop_bufg_I_O)         0.096    -2.540 r  u_clk_wiz_0/inst/clkout1_buf/O
                         net (fo=852, routed)         1.706    -0.834    u_jtag_mac/u_pre_chif_fifo/u_jtag_mac_fifo/U0/inst_fifo_gen/gconvfifo.rf/grf.rf/gntv_or_sync_fifo.gcx.clkx/rd_pntr_cdc_inst/src_clk
    SLICE_X6Y73          FDRE                                         r  u_jtag_mac/u_pre_chif_fifo/u_jtag_mac_fifo/U0/inst_fifo_gen/gconvfifo.rf/grf.rf/gntv_or_sync_fifo.gcx.clkx/rd_pntr_cdc_inst/src_gray_ff_reg[9]/C
  -------------------------------------------------------------------    -------------------
    SLICE_X6Y73          FDRE (Prop_fdre_C_Q)         0.478    -0.356 r  u_jtag_mac/u_pre_chif_fifo/u_jtag_mac_fifo/U0/inst_fifo_gen/gconvfifo.rf/grf.rf/gntv_or_sync_fifo.gcx.clkx/rd_pntr_cdc_inst/src_gray_ff_reg[9]/Q
                         net (fo=1, routed)           0.674     0.319    u_jtag_mac/u_pre_chif_fifo/u_jtag_mac_fifo/U0/inst_fifo_gen/gconvfifo.rf/grf.rf/gntv_or_sync_fifo.gcx.clkx/rd_pntr_cdc_inst/async_path[9]
    SLICE_X7Y73          FDRE                                         r  u_jtag_mac/u_pre_chif_fifo/u_jtag_mac_fifo/U0/inst_fifo_gen/gconvfifo.rf/grf.rf/gntv_or_sync_fifo.gcx.clkx/rd_pntr_cdc_inst/dest_graysync_ff_reg[0][9]/D
  -------------------------------------------------------------------    -------------------

                         (clock TCK rise edge)        0.000     0.000 r  
    BSCAN_X0Y0           BSCANE2                      0.000     0.000 r  u_BSCANE2/TCK
                         net (fo=1, routed)           1.520     1.520    TCK
    BUFGCTRL_X0Y0        BUFG (Prop_bufg_I_O)         0.091     1.611 r  TCK_BUFG_inst/O
                         net (fo=507, routed)         1.585     3.196    u_jtag_mac/u_pre_chif_fifo/u_jtag_mac_fifo/U0/inst_fifo_gen/gconvfifo.rf/grf.rf/gntv_or_sync_fifo.gcx.clkx/rd_pntr_cdc_inst/dest_clk
    SLICE_X7Y73          FDRE                                         r  u_jtag_mac/u_pre_chif_fifo/u_jtag_mac_fifo/U0/inst_fifo_gen/gconvfifo.rf/grf.rf/gntv_or_sync_fifo.gcx.clkx/rd_pntr_cdc_inst/dest_graysync_ff_reg[0][9]/C





Min Delay Paths
--------------------------------------------------------------------------------------
Slack:                    inf
  Source:                 u_jtag_mac/u_simcycle_fifo/u_simcycle_fifo/U0/inst_fifo_gen/gconvfifo.rf/grf.rf/gntv_or_sync_fifo.gcx.clkx/rd_pntr_cdc_inst/src_gray_ff_reg[3]/C
                            (rising edge-triggered cell FDRE clocked by clk_out1_clk_wiz_0  {rise@0.000ns fall@20.000ns period=40.000ns})
  Destination:            u_jtag_mac/u_simcycle_fifo/u_simcycle_fifo/U0/inst_fifo_gen/gconvfifo.rf/grf.rf/gntv_or_sync_fifo.gcx.clkx/rd_pntr_cdc_inst/dest_graysync_ff_reg[0][3]/D
                            (rising edge-triggered cell FDRE clocked by TCK  {rise@0.000ns fall@7.576ns period=15.152ns})
  Path Group:             (none)
  Path Type:              Hold (Min at Slow Process Corner)
  Data Path Delay:        0.732ns  (logic 0.367ns (50.133%)  route 0.365ns (49.867%))
  Logic Levels:           0  
  Clock Path Skew:        5.016ns (DCD - SCD - CPR)
    Destination Clock Delay (DCD):    3.519ns
    Source Clock Delay      (SCD):    -1.497ns
    Clock Pessimism Removal (CPR):    -0.000ns
  Clock Uncertainty:      0.202ns  ((TSJ^2 + DJ^2)^1/2) / 2 + PE
    Total System Jitter     (TSJ):    0.071ns
    Discrete Jitter          (DJ):    0.182ns
    Phase Error              (PE):    0.104ns
  Timing Exception:       Asynchronous Clock Groups

    Location             Delay type                Incr(ns)  Path(ns)    Netlist Resource(s)
  -------------------------------------------------------------------    -------------------
                         (clock clk_out1_clk_wiz_0 rise edge)
                                                      0.000     0.000 r  
    E3                                                0.000     0.000 r  sysclk (IN)
                         net (fo=0)                   0.000     0.000    u_clk_wiz_0/inst/clk_in1
    E3                   IBUF (Prop_ibuf_I_O)         1.411     1.411 r  u_clk_wiz_0/inst/clkin1_ibufg/O
                         net (fo=1, routed)           1.162     2.573    u_clk_wiz_0/inst/clk_in1_clk_wiz_0
    MMCME2_ADV_X1Y2      MMCME2_ADV (Prop_mmcme2_adv_CLKIN1_CLKOUT0)
                                                     -7.324    -4.751 r  u_clk_wiz_0/inst/mmcm_adv_inst/CLKOUT0
                         net (fo=1, routed)           1.639    -3.112    u_clk_wiz_0/inst/clk_out1_clk_wiz_0
    BUFGCTRL_X0Y16       BUFG (Prop_bufg_I_O)         0.091    -3.021 r  u_clk_wiz_0/inst/clkout1_buf/O
                         net (fo=852, routed)         1.523    -1.497    u_jtag_mac/u_simcycle_fifo/u_simcycle_fifo/U0/inst_fifo_gen/gconvfifo.rf/grf.rf/gntv_or_sync_fifo.gcx.clkx/rd_pntr_cdc_inst/src_clk
    SLICE_X13Y58         FDRE                                         r  u_jtag_mac/u_simcycle_fifo/u_simcycle_fifo/U0/inst_fifo_gen/gconvfifo.rf/grf.rf/gntv_or_sync_fifo.gcx.clkx/rd_pntr_cdc_inst/src_gray_ff_reg[3]/C
  -------------------------------------------------------------------    -------------------
    SLICE_X13Y58         FDRE (Prop_fdre_C_Q)         0.367    -1.130 r  u_jtag_mac/u_simcycle_fifo/u_simcycle_fifo/U0/inst_fifo_gen/gconvfifo.rf/grf.rf/gntv_or_sync_fifo.gcx.clkx/rd_pntr_cdc_inst/src_gray_ff_reg[3]/Q
                         net (fo=1, routed)           0.365    -0.765    u_jtag_mac/u_simcycle_fifo/u_simcycle_fifo/U0/inst_fifo_gen/gconvfifo.rf/grf.rf/gntv_or_sync_fifo.gcx.clkx/rd_pntr_cdc_inst/async_path[3]
    SLICE_X14Y58         FDRE                                         r  u_jtag_mac/u_simcycle_fifo/u_simcycle_fifo/U0/inst_fifo_gen/gconvfifo.rf/grf.rf/gntv_or_sync_fifo.gcx.clkx/rd_pntr_cdc_inst/dest_graysync_ff_reg[0][3]/D
  -------------------------------------------------------------------    -------------------

                         (clock TCK rise edge)        0.000     0.000 r  
    BSCAN_X0Y0           BSCANE2                      0.000     0.000 r  u_BSCANE2/TCK
                         net (fo=1, routed)           1.780     1.780    TCK
    BUFGCTRL_X0Y0        BUFG (Prop_bufg_I_O)         0.096     1.876 r  TCK_BUFG_inst/O
                         net (fo=507, routed)         1.643     3.519    u_jtag_mac/u_simcycle_fifo/u_simcycle_fifo/U0/inst_fifo_gen/gconvfifo.rf/grf.rf/gntv_or_sync_fifo.gcx.clkx/rd_pntr_cdc_inst/dest_clk
    SLICE_X14Y58         FDRE                                         r  u_jtag_mac/u_simcycle_fifo/u_simcycle_fifo/U0/inst_fifo_gen/gconvfifo.rf/grf.rf/gntv_or_sync_fifo.gcx.clkx/rd_pntr_cdc_inst/dest_graysync_ff_reg[0][3]/C

Slack:                    inf
  Source:                 u_jtag_mac/u_simcycle_fifo/u_simcycle_fifo/U0/inst_fifo_gen/gconvfifo.rf/grf.rf/rstblk/ngwrdrst.grst.g7serrst.gsckt_wrst.gic_rst.sckt_rd_rst_ic_reg/C
                            (rising edge-triggered cell FDRE clocked by clk_out1_clk_wiz_0  {rise@0.000ns fall@20.000ns period=40.000ns})
  Destination:            u_jtag_mac/u_simcycle_fifo/u_simcycle_fifo/U0/inst_fifo_gen/gconvfifo.rf/grf.rf/rstblk/ngwrdrst.grst.g7serrst.gsckt_wrst.gic_rst.xpm_cdc_single_inst_rrst_wr/syncstages_ff_reg[0]/D
                            (rising edge-triggered cell FDRE clocked by TCK  {rise@0.000ns fall@7.576ns period=15.152ns})
  Path Group:             (none)
  Path Type:              Hold (Min at Slow Process Corner)
  Data Path Delay:        0.758ns  (logic 0.367ns (48.448%)  route 0.391ns (51.552%))
  Logic Levels:           0  
  Clock Path Skew:        5.013ns (DCD - SCD - CPR)
    Destination Clock Delay (DCD):    3.513ns
    Source Clock Delay      (SCD):    -1.500ns
    Clock Pessimism Removal (CPR):    -0.000ns
  Clock Uncertainty:      0.202ns  ((TSJ^2 + DJ^2)^1/2) / 2 + PE
    Total System Jitter     (TSJ):    0.071ns
    Discrete Jitter          (DJ):    0.182ns
    Phase Error              (PE):    0.104ns
  Timing Exception:       Asynchronous Clock Groups

    Location             Delay type                Incr(ns)  Path(ns)    Netlist Resource(s)
  -------------------------------------------------------------------    -------------------
                         (clock clk_out1_clk_wiz_0 rise edge)
                                                      0.000     0.000 r  
    E3                                                0.000     0.000 r  sysclk (IN)
                         net (fo=0)                   0.000     0.000    u_clk_wiz_0/inst/clk_in1
    E3                   IBUF (Prop_ibuf_I_O)         1.411     1.411 r  u_clk_wiz_0/inst/clkin1_ibufg/O
                         net (fo=1, routed)           1.162     2.573    u_clk_wiz_0/inst/clk_in1_clk_wiz_0
    MMCME2_ADV_X1Y2      MMCME2_ADV (Prop_mmcme2_adv_CLKIN1_CLKOUT0)
                                                     -7.324    -4.751 r  u_clk_wiz_0/inst/mmcm_adv_inst/CLKOUT0
                         net (fo=1, routed)           1.639    -3.112    u_clk_wiz_0/inst/clk_out1_clk_wiz_0
    BUFGCTRL_X0Y16       BUFG (Prop_bufg_I_O)         0.091    -3.021 r  u_clk_wiz_0/inst/clkout1_buf/O
                         net (fo=852, routed)         1.520    -1.500    u_jtag_mac/u_simcycle_fifo/u_simcycle_fifo/U0/inst_fifo_gen/gconvfifo.rf/grf.rf/rstblk/rd_clk
    SLICE_X15Y62         FDRE                                         r  u_jtag_mac/u_simcycle_fifo/u_simcycle_fifo/U0/inst_fifo_gen/gconvfifo.rf/grf.rf/rstblk/ngwrdrst.grst.g7serrst.gsckt_wrst.gic_rst.sckt_rd_rst_ic_reg/C
  -------------------------------------------------------------------    -------------------
    SLICE_X15Y62         FDRE (Prop_fdre_C_Q)         0.367    -1.133 r  u_jtag_mac/u_simcycle_fifo/u_simcycle_fifo/U0/inst_fifo_gen/gconvfifo.rf/grf.rf/rstblk/ngwrdrst.grst.g7serrst.gsckt_wrst.gic_rst.sckt_rd_rst_ic_reg/Q
                         net (fo=13, routed)          0.391    -0.743    u_jtag_mac/u_simcycle_fifo/u_simcycle_fifo/U0/inst_fifo_gen/gconvfifo.rf/grf.rf/rstblk/ngwrdrst.grst.g7serrst.gsckt_wrst.gic_rst.xpm_cdc_single_inst_rrst_wr/src_in
    SLICE_X15Y65         FDRE                                         r  u_jtag_mac/u_simcycle_fifo/u_simcycle_fifo/U0/inst_fifo_gen/gconvfifo.rf/grf.rf/rstblk/ngwrdrst.grst.g7serrst.gsckt_wrst.gic_rst.xpm_cdc_single_inst_rrst_wr/syncstages_ff_reg[0]/D
  -------------------------------------------------------------------    -------------------

                         (clock TCK rise edge)        0.000     0.000 r  
    BSCAN_X0Y0           BSCANE2                      0.000     0.000 r  u_BSCANE2/TCK
                         net (fo=1, routed)           1.780     1.780    TCK
    BUFGCTRL_X0Y0        BUFG (Prop_bufg_I_O)         0.096     1.876 r  TCK_BUFG_inst/O
                         net (fo=507, routed)         1.637     3.513    u_jtag_mac/u_simcycle_fifo/u_simcycle_fifo/U0/inst_fifo_gen/gconvfifo.rf/grf.rf/rstblk/ngwrdrst.grst.g7serrst.gsckt_wrst.gic_rst.xpm_cdc_single_inst_rrst_wr/dest_clk
    SLICE_X15Y65         FDRE                                         r  u_jtag_mac/u_simcycle_fifo/u_simcycle_fifo/U0/inst_fifo_gen/gconvfifo.rf/grf.rf/rstblk/ngwrdrst.grst.g7serrst.gsckt_wrst.gic_rst.xpm_cdc_single_inst_rrst_wr/syncstages_ff_reg[0]/C

Slack:                    inf
  Source:                 u_jtag_mac/u_post_chif_fifo/u_jtag_mac_fifo/U0/inst_fifo_gen/gconvfifo.rf/grf.rf/gntv_or_sync_fifo.gcx.clkx/wr_pntr_cdc_inst/src_gray_ff_reg[11]/C
                            (rising edge-triggered cell FDRE clocked by clk_out1_clk_wiz_0  {rise@0.000ns fall@20.000ns period=40.000ns})
  Destination:            u_jtag_mac/u_post_chif_fifo/u_jtag_mac_fifo/U0/inst_fifo_gen/gconvfifo.rf/grf.rf/gntv_or_sync_fifo.gcx.clkx/wr_pntr_cdc_inst/dest_graysync_ff_reg[0][11]/D
                            (rising edge-triggered cell FDRE clocked by TCK  {rise@0.000ns fall@7.576ns period=15.152ns})
  Path Group:             (none)
  Path Type:              Hold (Min at Slow Process Corner)
  Data Path Delay:        0.731ns  (logic 0.367ns (50.184%)  route 0.364ns (49.816%))
  Logic Levels:           0  
  Clock Path Skew:        5.017ns (DCD - SCD - CPR)
    Destination Clock Delay (DCD):    3.589ns
    Source Clock Delay      (SCD):    -1.428ns
    Clock Pessimism Removal (CPR):    -0.000ns
  Clock Uncertainty:      0.202ns  ((TSJ^2 + DJ^2)^1/2) / 2 + PE
    Total System Jitter     (TSJ):    0.071ns
    Discrete Jitter          (DJ):    0.182ns
    Phase Error              (PE):    0.104ns
  Timing Exception:       Asynchronous Clock Groups

    Location             Delay type                Incr(ns)  Path(ns)    Netlist Resource(s)
  -------------------------------------------------------------------    -------------------
                         (clock clk_out1_clk_wiz_0 rise edge)
                                                      0.000     0.000 r  
    E3                                                0.000     0.000 r  sysclk (IN)
                         net (fo=0)                   0.000     0.000    u_clk_wiz_0/inst/clk_in1
    E3                   IBUF (Prop_ibuf_I_O)         1.411     1.411 r  u_clk_wiz_0/inst/clkin1_ibufg/O
                         net (fo=1, routed)           1.162     2.573    u_clk_wiz_0/inst/clk_in1_clk_wiz_0
    MMCME2_ADV_X1Y2      MMCME2_ADV (Prop_mmcme2_adv_CLKIN1_CLKOUT0)
                                                     -7.324    -4.751 r  u_clk_wiz_0/inst/mmcm_adv_inst/CLKOUT0
                         net (fo=1, routed)           1.639    -3.112    u_clk_wiz_0/inst/clk_out1_clk_wiz_0
    BUFGCTRL_X0Y16       BUFG (Prop_bufg_I_O)         0.091    -3.021 r  u_clk_wiz_0/inst/clkout1_buf/O
                         net (fo=852, routed)         1.592    -1.428    u_jtag_mac/u_post_chif_fifo/u_jtag_mac_fifo/U0/inst_fifo_gen/gconvfifo.rf/grf.rf/gntv_or_sync_fifo.gcx.clkx/wr_pntr_cdc_inst/src_clk
    SLICE_X5Y80          FDRE                                         r  u_jtag_mac/u_post_chif_fifo/u_jtag_mac_fifo/U0/inst_fifo_gen/gconvfifo.rf/grf.rf/gntv_or_sync_fifo.gcx.clkx/wr_pntr_cdc_inst/src_gray_ff_reg[11]/C
  -------------------------------------------------------------------    -------------------
    SLICE_X5Y80          FDRE (Prop_fdre_C_Q)         0.367    -1.061 r  u_jtag_mac/u_post_chif_fifo/u_jtag_mac_fifo/U0/inst_fifo_gen/gconvfifo.rf/grf.rf/gntv_or_sync_fifo.gcx.clkx/wr_pntr_cdc_inst/src_gray_ff_reg[11]/Q
                         net (fo=1, routed)           0.364    -0.697    u_jtag_mac/u_post_chif_fifo/u_jtag_mac_fifo/U0/inst_fifo_gen/gconvfifo.rf/grf.rf/gntv_or_sync_fifo.gcx.clkx/wr_pntr_cdc_inst/async_path[11]
    SLICE_X5Y82          FDRE                                         r  u_jtag_mac/u_post_chif_fifo/u_jtag_mac_fifo/U0/inst_fifo_gen/gconvfifo.rf/grf.rf/gntv_or_sync_fifo.gcx.clkx/wr_pntr_cdc_inst/dest_graysync_ff_reg[0][11]/D
  -------------------------------------------------------------------    -------------------

                         (clock TCK rise edge)        0.000     0.000 r  
    BSCAN_X0Y0           BSCANE2                      0.000     0.000 r  u_BSCANE2/TCK
                         net (fo=1, routed)           1.780     1.780    TCK
    BUFGCTRL_X0Y0        BUFG (Prop_bufg_I_O)         0.096     1.876 r  TCK_BUFG_inst/O
                         net (fo=507, routed)         1.713     3.589    u_jtag_mac/u_post_chif_fifo/u_jtag_mac_fifo/U0/inst_fifo_gen/gconvfifo.rf/grf.rf/gntv_or_sync_fifo.gcx.clkx/wr_pntr_cdc_inst/dest_clk
    SLICE_X5Y82          FDRE                                         r  u_jtag_mac/u_post_chif_fifo/u_jtag_mac_fifo/U0/inst_fifo_gen/gconvfifo.rf/grf.rf/gntv_or_sync_fifo.gcx.clkx/wr_pntr_cdc_inst/dest_graysync_ff_reg[0][11]/C

Slack:                    inf
  Source:                 u_jtag_mac/u_pre_chif_fifo/u_jtag_mac_fifo/U0/inst_fifo_gen/gconvfifo.rf/grf.rf/gntv_or_sync_fifo.gcx.clkx/rd_pntr_cdc_inst/src_gray_ff_reg[5]/C
                            (rising edge-triggered cell FDRE clocked by clk_out1_clk_wiz_0  {rise@0.000ns fall@20.000ns period=40.000ns})
  Destination:            u_jtag_mac/u_pre_chif_fifo/u_jtag_mac_fifo/U0/inst_fifo_gen/gconvfifo.rf/grf.rf/gntv_or_sync_fifo.gcx.clkx/rd_pntr_cdc_inst/dest_graysync_ff_reg[0][5]/D
                            (rising edge-triggered cell FDRE clocked by TCK  {rise@0.000ns fall@7.576ns period=15.152ns})
  Path Group:             (none)
  Path Type:              Hold (Min at Slow Process Corner)
  Data Path Delay:        0.765ns  (logic 0.385ns (50.323%)  route 0.380ns (49.677%))
  Logic Levels:           0  
  Clock Path Skew:        5.015ns (DCD - SCD - CPR)
    Destination Clock Delay (DCD):    3.584ns
    Source Clock Delay      (SCD):    -1.431ns
    Clock Pessimism Removal (CPR):    -0.000ns
  Clock Uncertainty:      0.202ns  ((TSJ^2 + DJ^2)^1/2) / 2 + PE
    Total System Jitter     (TSJ):    0.071ns
    Discrete Jitter          (DJ):    0.182ns
    Phase Error              (PE):    0.104ns
  Timing Exception:       Asynchronous Clock Groups

    Location             Delay type                Incr(ns)  Path(ns)    Netlist Resource(s)
  -------------------------------------------------------------------    -------------------
                         (clock clk_out1_clk_wiz_0 rise edge)
                                                      0.000     0.000 r  
    E3                                                0.000     0.000 r  sysclk (IN)
                         net (fo=0)                   0.000     0.000    u_clk_wiz_0/inst/clk_in1
    E3                   IBUF (Prop_ibuf_I_O)         1.411     1.411 r  u_clk_wiz_0/inst/clkin1_ibufg/O
                         net (fo=1, routed)           1.162     2.573    u_clk_wiz_0/inst/clk_in1_clk_wiz_0
    MMCME2_ADV_X1Y2      MMCME2_ADV (Prop_mmcme2_adv_CLKIN1_CLKOUT0)
                                                     -7.324    -4.751 r  u_clk_wiz_0/inst/mmcm_adv_inst/CLKOUT0
                         net (fo=1, routed)           1.639    -3.112    u_clk_wiz_0/inst/clk_out1_clk_wiz_0
    BUFGCTRL_X0Y16       BUFG (Prop_bufg_I_O)         0.091    -3.021 r  u_clk_wiz_0/inst/clkout1_buf/O
                         net (fo=852, routed)         1.589    -1.431    u_jtag_mac/u_pre_chif_fifo/u_jtag_mac_fifo/U0/inst_fifo_gen/gconvfifo.rf/grf.rf/gntv_or_sync_fifo.gcx.clkx/rd_pntr_cdc_inst/src_clk
    SLICE_X6Y72          FDRE                                         r  u_jtag_mac/u_pre_chif_fifo/u_jtag_mac_fifo/U0/inst_fifo_gen/gconvfifo.rf/grf.rf/gntv_or_sync_fifo.gcx.clkx/rd_pntr_cdc_inst/src_gray_ff_reg[5]/C
  -------------------------------------------------------------------    -------------------
    SLICE_X6Y72          FDRE (Prop_fdre_C_Q)         0.385    -1.046 r  u_jtag_mac/u_pre_chif_fifo/u_jtag_mac_fifo/U0/inst_fifo_gen/gconvfifo.rf/grf.rf/gntv_or_sync_fifo.gcx.clkx/rd_pntr_cdc_inst/src_gray_ff_reg[5]/Q
                         net (fo=1, routed)           0.380    -0.666    u_jtag_mac/u_pre_chif_fifo/u_jtag_mac_fifo/U0/inst_fifo_gen/gconvfifo.rf/grf.rf/gntv_or_sync_fifo.gcx.clkx/rd_pntr_cdc_inst/async_path[5]
    SLICE_X6Y71          FDRE                                         r  u_jtag_mac/u_pre_chif_fifo/u_jtag_mac_fifo/U0/inst_fifo_gen/gconvfifo.rf/grf.rf/gntv_or_sync_fifo.gcx.clkx/rd_pntr_cdc_inst/dest_graysync_ff_reg[0][5]/D
  -------------------------------------------------------------------    -------------------

                         (clock TCK rise edge)        0.000     0.000 r  
    BSCAN_X0Y0           BSCANE2                      0.000     0.000 r  u_BSCANE2/TCK
                         net (fo=1, routed)           1.780     1.780    TCK
    BUFGCTRL_X0Y0        BUFG (Prop_bufg_I_O)         0.096     1.876 r  TCK_BUFG_inst/O
                         net (fo=507, routed)         1.708     3.584    u_jtag_mac/u_pre_chif_fifo/u_jtag_mac_fifo/U0/inst_fifo_gen/gconvfifo.rf/grf.rf/gntv_or_sync_fifo.gcx.clkx/rd_pntr_cdc_inst/dest_clk
    SLICE_X6Y71          FDRE                                         r  u_jtag_mac/u_pre_chif_fifo/u_jtag_mac_fifo/U0/inst_fifo_gen/gconvfifo.rf/grf.rf/gntv_or_sync_fifo.gcx.clkx/rd_pntr_cdc_inst/dest_graysync_ff_reg[0][5]/C

Slack:                    inf
  Source:                 u_jtag_mac/u_post_chif_fifo/u_jtag_mac_fifo/U0/inst_fifo_gen/gconvfifo.rf/grf.rf/gntv_or_sync_fifo.gcx.clkx/wr_pntr_cdc_inst/src_gray_ff_reg[7]/C
                            (rising edge-triggered cell FDRE clocked by clk_out1_clk_wiz_0  {rise@0.000ns fall@20.000ns period=40.000ns})
  Destination:            u_jtag_mac/u_post_chif_fifo/u_jtag_mac_fifo/U0/inst_fifo_gen/gconvfifo.rf/grf.rf/gntv_or_sync_fifo.gcx.clkx/wr_pntr_cdc_inst/dest_graysync_ff_reg[0][7]/D
                            (rising edge-triggered cell FDRE clocked by TCK  {rise@0.000ns fall@7.576ns period=15.152ns})
  Path Group:             (none)
  Path Type:              Hold (Min at Slow Process Corner)
  Data Path Delay:        0.787ns  (logic 0.337ns (42.847%)  route 0.450ns (57.153%))
  Logic Levels:           0  
  Clock Path Skew:        5.017ns (DCD - SCD - CPR)
    Destination Clock Delay (DCD):    3.589ns
    Source Clock Delay      (SCD):    -1.428ns
    Clock Pessimism Removal (CPR):    -0.000ns
  Clock Uncertainty:      0.202ns  ((TSJ^2 + DJ^2)^1/2) / 2 + PE
    Total System Jitter     (TSJ):    0.071ns
    Discrete Jitter          (DJ):    0.182ns
    Phase Error              (PE):    0.104ns
  Timing Exception:       Asynchronous Clock Groups

    Location             Delay type                Incr(ns)  Path(ns)    Netlist Resource(s)
  -------------------------------------------------------------------    -------------------
                         (clock clk_out1_clk_wiz_0 rise edge)
                                                      0.000     0.000 r  
    E3                                                0.000     0.000 r  sysclk (IN)
                         net (fo=0)                   0.000     0.000    u_clk_wiz_0/inst/clk_in1
    E3                   IBUF (Prop_ibuf_I_O)         1.411     1.411 r  u_clk_wiz_0/inst/clkin1_ibufg/O
                         net (fo=1, routed)           1.162     2.573    u_clk_wiz_0/inst/clk_in1_clk_wiz_0
    MMCME2_ADV_X1Y2      MMCME2_ADV (Prop_mmcme2_adv_CLKIN1_CLKOUT0)
                                                     -7.324    -4.751 r  u_clk_wiz_0/inst/mmcm_adv_inst/CLKOUT0
                         net (fo=1, routed)           1.639    -3.112    u_clk_wiz_0/inst/clk_out1_clk_wiz_0
    BUFGCTRL_X0Y16       BUFG (Prop_bufg_I_O)         0.091    -3.021 r  u_clk_wiz_0/inst/clkout1_buf/O
                         net (fo=852, routed)         1.592    -1.428    u_jtag_mac/u_post_chif_fifo/u_jtag_mac_fifo/U0/inst_fifo_gen/gconvfifo.rf/grf.rf/gntv_or_sync_fifo.gcx.clkx/wr_pntr_cdc_inst/src_clk
    SLICE_X4Y80          FDRE                                         r  u_jtag_mac/u_post_chif_fifo/u_jtag_mac_fifo/U0/inst_fifo_gen/gconvfifo.rf/grf.rf/gntv_or_sync_fifo.gcx.clkx/wr_pntr_cdc_inst/src_gray_ff_reg[7]/C
  -------------------------------------------------------------------    -------------------
    SLICE_X4Y80          FDRE (Prop_fdre_C_Q)         0.337    -1.091 r  u_jtag_mac/u_post_chif_fifo/u_jtag_mac_fifo/U0/inst_fifo_gen/gconvfifo.rf/grf.rf/gntv_or_sync_fifo.gcx.clkx/wr_pntr_cdc_inst/src_gray_ff_reg[7]/Q
                         net (fo=1, routed)           0.450    -0.642    u_jtag_mac/u_post_chif_fifo/u_jtag_mac_fifo/U0/inst_fifo_gen/gconvfifo.rf/grf.rf/gntv_or_sync_fifo.gcx.clkx/wr_pntr_cdc_inst/async_path[7]
    SLICE_X4Y82          FDRE                                         r  u_jtag_mac/u_post_chif_fifo/u_jtag_mac_fifo/U0/inst_fifo_gen/gconvfifo.rf/grf.rf/gntv_or_sync_fifo.gcx.clkx/wr_pntr_cdc_inst/dest_graysync_ff_reg[0][7]/D
  -------------------------------------------------------------------    -------------------

                         (clock TCK rise edge)        0.000     0.000 r  
    BSCAN_X0Y0           BSCANE2                      0.000     0.000 r  u_BSCANE2/TCK
                         net (fo=1, routed)           1.780     1.780    TCK
    BUFGCTRL_X0Y0        BUFG (Prop_bufg_I_O)         0.096     1.876 r  TCK_BUFG_inst/O
                         net (fo=507, routed)         1.713     3.589    u_jtag_mac/u_post_chif_fifo/u_jtag_mac_fifo/U0/inst_fifo_gen/gconvfifo.rf/grf.rf/gntv_or_sync_fifo.gcx.clkx/wr_pntr_cdc_inst/dest_clk
    SLICE_X4Y82          FDRE                                         r  u_jtag_mac/u_post_chif_fifo/u_jtag_mac_fifo/U0/inst_fifo_gen/gconvfifo.rf/grf.rf/gntv_or_sync_fifo.gcx.clkx/wr_pntr_cdc_inst/dest_graysync_ff_reg[0][7]/C

Slack:                    inf
  Source:                 u_jtag_mac/u_pre_chif_fifo/u_jtag_mac_fifo/U0/inst_fifo_gen/gconvfifo.rf/grf.rf/gntv_or_sync_fifo.gcx.clkx/rd_pntr_cdc_inst/src_gray_ff_reg[4]/C
                            (rising edge-triggered cell FDRE clocked by clk_out1_clk_wiz_0  {rise@0.000ns fall@20.000ns period=40.000ns})
  Destination:            u_jtag_mac/u_pre_chif_fifo/u_jtag_mac_fifo/U0/inst_fifo_gen/gconvfifo.rf/grf.rf/gntv_or_sync_fifo.gcx.clkx/rd_pntr_cdc_inst/dest_graysync_ff_reg[0][4]/D
                            (rising edge-triggered cell FDRE clocked by TCK  {rise@0.000ns fall@7.576ns period=15.152ns})
  Path Group:             (none)
  Path Type:              Hold (Min at Slow Process Corner)
  Data Path Delay:        0.801ns  (logic 0.418ns (52.181%)  route 0.383ns (47.819%))
  Logic Levels:           0  
  Clock Path Skew:        5.012ns (DCD - SCD - CPR)
    Destination Clock Delay (DCD):    3.581ns
    Source Clock Delay      (SCD):    -1.431ns
    Clock Pessimism Removal (CPR):    -0.000ns
  Clock Uncertainty:      0.202ns  ((TSJ^2 + DJ^2)^1/2) / 2 + PE
    Total System Jitter     (TSJ):    0.071ns
    Discrete Jitter          (DJ):    0.182ns
    Phase Error              (PE):    0.104ns
  Timing Exception:       Asynchronous Clock Groups

    Location             Delay type                Incr(ns)  Path(ns)    Netlist Resource(s)
  -------------------------------------------------------------------    -------------------
                         (clock clk_out1_clk_wiz_0 rise edge)
                                                      0.000     0.000 r  
    E3                                                0.000     0.000 r  sysclk (IN)
                         net (fo=0)                   0.000     0.000    u_clk_wiz_0/inst/clk_in1
    E3                   IBUF (Prop_ibuf_I_O)         1.411     1.411 r  u_clk_wiz_0/inst/clkin1_ibufg/O
                         net (fo=1, routed)           1.162     2.573    u_clk_wiz_0/inst/clk_in1_clk_wiz_0
    MMCME2_ADV_X1Y2      MMCME2_ADV (Prop_mmcme2_adv_CLKIN1_CLKOUT0)
                                                     -7.324    -4.751 r  u_clk_wiz_0/inst/mmcm_adv_inst/CLKOUT0
                         net (fo=1, routed)           1.639    -3.112    u_clk_wiz_0/inst/clk_out1_clk_wiz_0
    BUFGCTRL_X0Y16       BUFG (Prop_bufg_I_O)         0.091    -3.021 r  u_clk_wiz_0/inst/clkout1_buf/O
                         net (fo=852, routed)         1.589    -1.431    u_jtag_mac/u_pre_chif_fifo/u_jtag_mac_fifo/U0/inst_fifo_gen/gconvfifo.rf/grf.rf/gntv_or_sync_fifo.gcx.clkx/rd_pntr_cdc_inst/src_clk
    SLICE_X6Y72          FDRE                                         r  u_jtag_mac/u_pre_chif_fifo/u_jtag_mac_fifo/U0/inst_fifo_gen/gconvfifo.rf/grf.rf/gntv_or_sync_fifo.gcx.clkx/rd_pntr_cdc_inst/src_gray_ff_reg[4]/C
  -------------------------------------------------------------------    -------------------
    SLICE_X6Y72          FDRE (Prop_fdre_C_Q)         0.418    -1.013 r  u_jtag_mac/u_pre_chif_fifo/u_jtag_mac_fifo/U0/inst_fifo_gen/gconvfifo.rf/grf.rf/gntv_or_sync_fifo.gcx.clkx/rd_pntr_cdc_inst/src_gray_ff_reg[4]/Q
                         net (fo=1, routed)           0.383    -0.630    u_jtag_mac/u_pre_chif_fifo/u_jtag_mac_fifo/U0/inst_fifo_gen/gconvfifo.rf/grf.rf/gntv_or_sync_fifo.gcx.clkx/rd_pntr_cdc_inst/async_path[4]
    SLICE_X5Y72          FDRE                                         r  u_jtag_mac/u_pre_chif_fifo/u_jtag_mac_fifo/U0/inst_fifo_gen/gconvfifo.rf/grf.rf/gntv_or_sync_fifo.gcx.clkx/rd_pntr_cdc_inst/dest_graysync_ff_reg[0][4]/D
  -------------------------------------------------------------------    -------------------

                         (clock TCK rise edge)        0.000     0.000 r  
    BSCAN_X0Y0           BSCANE2                      0.000     0.000 r  u_BSCANE2/TCK
                         net (fo=1, routed)           1.780     1.780    TCK
    BUFGCTRL_X0Y0        BUFG (Prop_bufg_I_O)         0.096     1.876 r  TCK_BUFG_inst/O
                         net (fo=507, routed)         1.705     3.581    u_jtag_mac/u_pre_chif_fifo/u_jtag_mac_fifo/U0/inst_fifo_gen/gconvfifo.rf/grf.rf/gntv_or_sync_fifo.gcx.clkx/rd_pntr_cdc_inst/dest_clk
    SLICE_X5Y72          FDRE                                         r  u_jtag_mac/u_pre_chif_fifo/u_jtag_mac_fifo/U0/inst_fifo_gen/gconvfifo.rf/grf.rf/gntv_or_sync_fifo.gcx.clkx/rd_pntr_cdc_inst/dest_graysync_ff_reg[0][4]/C

Slack:                    inf
  Source:                 u_jtag_mac/u_post_chif_fifo/u_jtag_mac_fifo/U0/inst_fifo_gen/gconvfifo.rf/grf.rf/gntv_or_sync_fifo.gcx.clkx/wr_pntr_cdc_inst/src_gray_ff_reg[5]/C
                            (rising edge-triggered cell FDRE clocked by clk_out1_clk_wiz_0  {rise@0.000ns fall@20.000ns period=40.000ns})
  Destination:            u_jtag_mac/u_post_chif_fifo/u_jtag_mac_fifo/U0/inst_fifo_gen/gconvfifo.rf/grf.rf/gntv_or_sync_fifo.gcx.clkx/wr_pntr_cdc_inst/dest_graysync_ff_reg[0][5]/D
                            (rising edge-triggered cell FDRE clocked by TCK  {rise@0.000ns fall@7.576ns period=15.152ns})
  Path Group:             (none)
  Path Type:              Hold (Min at Slow Process Corner)
  Data Path Delay:        0.824ns  (logic 0.337ns (40.882%)  route 0.487ns (59.118%))
  Logic Levels:           0  
  Clock Path Skew:        5.013ns (DCD - SCD - CPR)
    Destination Clock Delay (DCD):    3.584ns
    Source Clock Delay      (SCD):    -1.429ns
    Clock Pessimism Removal (CPR):    -0.000ns
  Clock Uncertainty:      0.202ns  ((TSJ^2 + DJ^2)^1/2) / 2 + PE
    Total System Jitter     (TSJ):    0.071ns
    Discrete Jitter          (DJ):    0.182ns
    Phase Error              (PE):    0.104ns
  Timing Exception:       Asynchronous Clock Groups

    Location             Delay type                Incr(ns)  Path(ns)    Netlist Resource(s)
  -------------------------------------------------------------------    -------------------
                         (clock clk_out1_clk_wiz_0 rise edge)
                                                      0.000     0.000 r  
    E3                                                0.000     0.000 r  sysclk (IN)
                         net (fo=0)                   0.000     0.000    u_clk_wiz_0/inst/clk_in1
    E3                   IBUF (Prop_ibuf_I_O)         1.411     1.411 r  u_clk_wiz_0/inst/clkin1_ibufg/O
                         net (fo=1, routed)           1.162     2.573    u_clk_wiz_0/inst/clk_in1_clk_wiz_0
    MMCME2_ADV_X1Y2      MMCME2_ADV (Prop_mmcme2_adv_CLKIN1_CLKOUT0)
                                                     -7.324    -4.751 r  u_clk_wiz_0/inst/mmcm_adv_inst/CLKOUT0
                         net (fo=1, routed)           1.639    -3.112    u_clk_wiz_0/inst/clk_out1_clk_wiz_0
    BUFGCTRL_X0Y16       BUFG (Prop_bufg_I_O)         0.091    -3.021 r  u_clk_wiz_0/inst/clkout1_buf/O
                         net (fo=852, routed)         1.591    -1.429    u_jtag_mac/u_post_chif_fifo/u_jtag_mac_fifo/U0/inst_fifo_gen/gconvfifo.rf/grf.rf/gntv_or_sync_fifo.gcx.clkx/wr_pntr_cdc_inst/src_clk
    SLICE_X5Y78          FDRE                                         r  u_jtag_mac/u_post_chif_fifo/u_jtag_mac_fifo/U0/inst_fifo_gen/gconvfifo.rf/grf.rf/gntv_or_sync_fifo.gcx.clkx/wr_pntr_cdc_inst/src_gray_ff_reg[5]/C
  -------------------------------------------------------------------    -------------------
    SLICE_X5Y78          FDRE (Prop_fdre_C_Q)         0.337    -1.092 r  u_jtag_mac/u_post_chif_fifo/u_jtag_mac_fifo/U0/inst_fifo_gen/gconvfifo.rf/grf.rf/gntv_or_sync_fifo.gcx.clkx/wr_pntr_cdc_inst/src_gray_ff_reg[5]/Q
                         net (fo=1, routed)           0.487    -0.605    u_jtag_mac/u_post_chif_fifo/u_jtag_mac_fifo/U0/inst_fifo_gen/gconvfifo.rf/grf.rf/gntv_or_sync_fifo.gcx.clkx/wr_pntr_cdc_inst/async_path[5]
    SLICE_X6Y78          FDRE                                         r  u_jtag_mac/u_post_chif_fifo/u_jtag_mac_fifo/U0/inst_fifo_gen/gconvfifo.rf/grf.rf/gntv_or_sync_fifo.gcx.clkx/wr_pntr_cdc_inst/dest_graysync_ff_reg[0][5]/D
  -------------------------------------------------------------------    -------------------

                         (clock TCK rise edge)        0.000     0.000 r  
    BSCAN_X0Y0           BSCANE2                      0.000     0.000 r  u_BSCANE2/TCK
                         net (fo=1, routed)           1.780     1.780    TCK
    BUFGCTRL_X0Y0        BUFG (Prop_bufg_I_O)         0.096     1.876 r  TCK_BUFG_inst/O
                         net (fo=507, routed)         1.708     3.584    u_jtag_mac/u_post_chif_fifo/u_jtag_mac_fifo/U0/inst_fifo_gen/gconvfifo.rf/grf.rf/gntv_or_sync_fifo.gcx.clkx/wr_pntr_cdc_inst/dest_clk
    SLICE_X6Y78          FDRE                                         r  u_jtag_mac/u_post_chif_fifo/u_jtag_mac_fifo/U0/inst_fifo_gen/gconvfifo.rf/grf.rf/gntv_or_sync_fifo.gcx.clkx/wr_pntr_cdc_inst/dest_graysync_ff_reg[0][5]/C

Slack:                    inf
  Source:                 u_jtag_mac/u_post_chif_fifo/u_jtag_mac_fifo/U0/inst_fifo_gen/gconvfifo.rf/grf.rf/gntv_or_sync_fifo.gcx.clkx/wr_pntr_cdc_inst/src_gray_ff_reg[3]/C
                            (rising edge-triggered cell FDRE clocked by clk_out1_clk_wiz_0  {rise@0.000ns fall@20.000ns period=40.000ns})
  Destination:            u_jtag_mac/u_post_chif_fifo/u_jtag_mac_fifo/U0/inst_fifo_gen/gconvfifo.rf/grf.rf/gntv_or_sync_fifo.gcx.clkx/wr_pntr_cdc_inst/dest_graysync_ff_reg[0][3]/D
                            (rising edge-triggered cell FDRE clocked by TCK  {rise@0.000ns fall@7.576ns period=15.152ns})
  Path Group:             (none)
  Path Type:              Hold (Min at Slow Process Corner)
  Data Path Delay:        0.825ns  (logic 0.337ns (40.833%)  route 0.488ns (59.167%))
  Logic Levels:           0  
  Clock Path Skew:        5.009ns (DCD - SCD - CPR)
    Destination Clock Delay (DCD):    3.581ns
    Source Clock Delay      (SCD):    -1.428ns
    Clock Pessimism Removal (CPR):    -0.000ns
  Clock Uncertainty:      0.202ns  ((TSJ^2 + DJ^2)^1/2) / 2 + PE
    Total System Jitter     (TSJ):    0.071ns
    Discrete Jitter          (DJ):    0.182ns
    Phase Error              (PE):    0.104ns
  Timing Exception:       Asynchronous Clock Groups

    Location             Delay type                Incr(ns)  Path(ns)    Netlist Resource(s)
  -------------------------------------------------------------------    -------------------
                         (clock clk_out1_clk_wiz_0 rise edge)
                                                      0.000     0.000 r  
    E3                                                0.000     0.000 r  sysclk (IN)
                         net (fo=0)                   0.000     0.000    u_clk_wiz_0/inst/clk_in1
    E3                   IBUF (Prop_ibuf_I_O)         1.411     1.411 r  u_clk_wiz_0/inst/clkin1_ibufg/O
                         net (fo=1, routed)           1.162     2.573    u_clk_wiz_0/inst/clk_in1_clk_wiz_0
    MMCME2_ADV_X1Y2      MMCME2_ADV (Prop_mmcme2_adv_CLKIN1_CLKOUT0)
                                                     -7.324    -4.751 r  u_clk_wiz_0/inst/mmcm_adv_inst/CLKOUT0
                         net (fo=1, routed)           1.639    -3.112    u_clk_wiz_0/inst/clk_out1_clk_wiz_0
    BUFGCTRL_X0Y16       BUFG (Prop_bufg_I_O)         0.091    -3.021 r  u_clk_wiz_0/inst/clkout1_buf/O
                         net (fo=852, routed)         1.592    -1.428    u_jtag_mac/u_post_chif_fifo/u_jtag_mac_fifo/U0/inst_fifo_gen/gconvfifo.rf/grf.rf/gntv_or_sync_fifo.gcx.clkx/wr_pntr_cdc_inst/src_clk
    SLICE_X5Y79          FDRE                                         r  u_jtag_mac/u_post_chif_fifo/u_jtag_mac_fifo/U0/inst_fifo_gen/gconvfifo.rf/grf.rf/gntv_or_sync_fifo.gcx.clkx/wr_pntr_cdc_inst/src_gray_ff_reg[3]/C
  -------------------------------------------------------------------    -------------------
    SLICE_X5Y79          FDRE (Prop_fdre_C_Q)         0.337    -1.091 r  u_jtag_mac/u_post_chif_fifo/u_jtag_mac_fifo/U0/inst_fifo_gen/gconvfifo.rf/grf.rf/gntv_or_sync_fifo.gcx.clkx/wr_pntr_cdc_inst/src_gray_ff_reg[3]/Q
                         net (fo=1, routed)           0.488    -0.603    u_jtag_mac/u_post_chif_fifo/u_jtag_mac_fifo/U0/inst_fifo_gen/gconvfifo.rf/grf.rf/gntv_or_sync_fifo.gcx.clkx/wr_pntr_cdc_inst/async_path[3]
    SLICE_X6Y77          FDRE                                         r  u_jtag_mac/u_post_chif_fifo/u_jtag_mac_fifo/U0/inst_fifo_gen/gconvfifo.rf/grf.rf/gntv_or_sync_fifo.gcx.clkx/wr_pntr_cdc_inst/dest_graysync_ff_reg[0][3]/D
  -------------------------------------------------------------------    -------------------

                         (clock TCK rise edge)        0.000     0.000 r  
    BSCAN_X0Y0           BSCANE2                      0.000     0.000 r  u_BSCANE2/TCK
                         net (fo=1, routed)           1.780     1.780    TCK
    BUFGCTRL_X0Y0        BUFG (Prop_bufg_I_O)         0.096     1.876 r  TCK_BUFG_inst/O
                         net (fo=507, routed)         1.705     3.581    u_jtag_mac/u_post_chif_fifo/u_jtag_mac_fifo/U0/inst_fifo_gen/gconvfifo.rf/grf.rf/gntv_or_sync_fifo.gcx.clkx/wr_pntr_cdc_inst/dest_clk
    SLICE_X6Y77          FDRE                                         r  u_jtag_mac/u_post_chif_fifo/u_jtag_mac_fifo/U0/inst_fifo_gen/gconvfifo.rf/grf.rf/gntv_or_sync_fifo.gcx.clkx/wr_pntr_cdc_inst/dest_graysync_ff_reg[0][3]/C

Slack:                    inf
  Source:                 u_jtag_mac/u_post_chif_fifo/u_jtag_mac_fifo/U0/inst_fifo_gen/gconvfifo.rf/grf.rf/gntv_or_sync_fifo.gcx.clkx/wr_pntr_cdc_inst/src_gray_ff_reg[1]/C
                            (rising edge-triggered cell FDRE clocked by clk_out1_clk_wiz_0  {rise@0.000ns fall@20.000ns period=40.000ns})
  Destination:            u_jtag_mac/u_post_chif_fifo/u_jtag_mac_fifo/U0/inst_fifo_gen/gconvfifo.rf/grf.rf/gntv_or_sync_fifo.gcx.clkx/wr_pntr_cdc_inst/dest_graysync_ff_reg[0][1]/D
                            (rising edge-triggered cell FDRE clocked by TCK  {rise@0.000ns fall@7.576ns period=15.152ns})
  Path Group:             (none)
  Path Type:              Hold (Min at Slow Process Corner)
  Data Path Delay:        0.826ns  (logic 0.337ns (40.783%)  route 0.489ns (59.217%))
  Logic Levels:           0  
  Clock Path Skew:        5.009ns (DCD - SCD - CPR)
    Destination Clock Delay (DCD):    3.581ns
    Source Clock Delay      (SCD):    -1.428ns
    Clock Pessimism Removal (CPR):    -0.000ns
  Clock Uncertainty:      0.202ns  ((TSJ^2 + DJ^2)^1/2) / 2 + PE
    Total System Jitter     (TSJ):    0.071ns
    Discrete Jitter          (DJ):    0.182ns
    Phase Error              (PE):    0.104ns
  Timing Exception:       Asynchronous Clock Groups

    Location             Delay type                Incr(ns)  Path(ns)    Netlist Resource(s)
  -------------------------------------------------------------------    -------------------
                         (clock clk_out1_clk_wiz_0 rise edge)
                                                      0.000     0.000 r  
    E3                                                0.000     0.000 r  sysclk (IN)
                         net (fo=0)                   0.000     0.000    u_clk_wiz_0/inst/clk_in1
    E3                   IBUF (Prop_ibuf_I_O)         1.411     1.411 r  u_clk_wiz_0/inst/clkin1_ibufg/O
                         net (fo=1, routed)           1.162     2.573    u_clk_wiz_0/inst/clk_in1_clk_wiz_0
    MMCME2_ADV_X1Y2      MMCME2_ADV (Prop_mmcme2_adv_CLKIN1_CLKOUT0)
                                                     -7.324    -4.751 r  u_clk_wiz_0/inst/mmcm_adv_inst/CLKOUT0
                         net (fo=1, routed)           1.639    -3.112    u_clk_wiz_0/inst/clk_out1_clk_wiz_0
    BUFGCTRL_X0Y16       BUFG (Prop_bufg_I_O)         0.091    -3.021 r  u_clk_wiz_0/inst/clkout1_buf/O
                         net (fo=852, routed)         1.592    -1.428    u_jtag_mac/u_post_chif_fifo/u_jtag_mac_fifo/U0/inst_fifo_gen/gconvfifo.rf/grf.rf/gntv_or_sync_fifo.gcx.clkx/wr_pntr_cdc_inst/src_clk
    SLICE_X5Y79          FDRE                                         r  u_jtag_mac/u_post_chif_fifo/u_jtag_mac_fifo/U0/inst_fifo_gen/gconvfifo.rf/grf.rf/gntv_or_sync_fifo.gcx.clkx/wr_pntr_cdc_inst/src_gray_ff_reg[1]/C
  -------------------------------------------------------------------    -------------------
    SLICE_X5Y79          FDRE (Prop_fdre_C_Q)         0.337    -1.091 r  u_jtag_mac/u_post_chif_fifo/u_jtag_mac_fifo/U0/inst_fifo_gen/gconvfifo.rf/grf.rf/gntv_or_sync_fifo.gcx.clkx/wr_pntr_cdc_inst/src_gray_ff_reg[1]/Q
                         net (fo=1, routed)           0.489    -0.602    u_jtag_mac/u_post_chif_fifo/u_jtag_mac_fifo/U0/inst_fifo_gen/gconvfifo.rf/grf.rf/gntv_or_sync_fifo.gcx.clkx/wr_pntr_cdc_inst/async_path[1]
    SLICE_X6Y77          FDRE                                         r  u_jtag_mac/u_post_chif_fifo/u_jtag_mac_fifo/U0/inst_fifo_gen/gconvfifo.rf/grf.rf/gntv_or_sync_fifo.gcx.clkx/wr_pntr_cdc_inst/dest_graysync_ff_reg[0][1]/D
  -------------------------------------------------------------------    -------------------

                         (clock TCK rise edge)        0.000     0.000 r  
    BSCAN_X0Y0           BSCANE2                      0.000     0.000 r  u_BSCANE2/TCK
                         net (fo=1, routed)           1.780     1.780    TCK
    BUFGCTRL_X0Y0        BUFG (Prop_bufg_I_O)         0.096     1.876 r  TCK_BUFG_inst/O
                         net (fo=507, routed)         1.705     3.581    u_jtag_mac/u_post_chif_fifo/u_jtag_mac_fifo/U0/inst_fifo_gen/gconvfifo.rf/grf.rf/gntv_or_sync_fifo.gcx.clkx/wr_pntr_cdc_inst/dest_clk
    SLICE_X6Y77          FDRE                                         r  u_jtag_mac/u_post_chif_fifo/u_jtag_mac_fifo/U0/inst_fifo_gen/gconvfifo.rf/grf.rf/gntv_or_sync_fifo.gcx.clkx/wr_pntr_cdc_inst/dest_graysync_ff_reg[0][1]/C

Slack:                    inf
  Source:                 u_jtag_mac/u_simcycle_fifo/u_simcycle_fifo/U0/inst_fifo_gen/gconvfifo.rf/grf.rf/gntv_or_sync_fifo.gcx.clkx/rd_pntr_cdc_inst/src_gray_ff_reg[2]/C
                            (rising edge-triggered cell FDRE clocked by clk_out1_clk_wiz_0  {rise@0.000ns fall@20.000ns period=40.000ns})
  Destination:            u_jtag_mac/u_simcycle_fifo/u_simcycle_fifo/U0/inst_fifo_gen/gconvfifo.rf/grf.rf/gntv_or_sync_fifo.gcx.clkx/rd_pntr_cdc_inst/dest_graysync_ff_reg[0][2]/D
                            (rising edge-triggered cell FDRE clocked by TCK  {rise@0.000ns fall@7.576ns period=15.152ns})
  Path Group:             (none)
  Path Type:              Hold (Min at Slow Process Corner)
  Data Path Delay:        0.910ns  (logic 0.418ns (45.938%)  route 0.492ns (54.062%))
  Logic Levels:           0  
  Clock Path Skew:        5.015ns (DCD - SCD - CPR)
    Destination Clock Delay (DCD):    3.517ns
    Source Clock Delay      (SCD):    -1.498ns
    Clock Pessimism Removal (CPR):    -0.000ns
  Clock Uncertainty:      0.202ns  ((TSJ^2 + DJ^2)^1/2) / 2 + PE
    Total System Jitter     (TSJ):    0.071ns
    Discrete Jitter          (DJ):    0.182ns
    Phase Error              (PE):    0.104ns
  Timing Exception:       Asynchronous Clock Groups

    Location             Delay type                Incr(ns)  Path(ns)    Netlist Resource(s)
  -------------------------------------------------------------------    -------------------
                         (clock clk_out1_clk_wiz_0 rise edge)
                                                      0.000     0.000 r  
    E3                                                0.000     0.000 r  sysclk (IN)
                         net (fo=0)                   0.000     0.000    u_clk_wiz_0/inst/clk_in1
    E3                   IBUF (Prop_ibuf_I_O)         1.411     1.411 r  u_clk_wiz_0/inst/clkin1_ibufg/O
                         net (fo=1, routed)           1.162     2.573    u_clk_wiz_0/inst/clk_in1_clk_wiz_0
    MMCME2_ADV_X1Y2      MMCME2_ADV (Prop_mmcme2_adv_CLKIN1_CLKOUT0)
                                                     -7.324    -4.751 r  u_clk_wiz_0/inst/mmcm_adv_inst/CLKOUT0
                         net (fo=1, routed)           1.639    -3.112    u_clk_wiz_0/inst/clk_out1_clk_wiz_0
    BUFGCTRL_X0Y16       BUFG (Prop_bufg_I_O)         0.091    -3.021 r  u_clk_wiz_0/inst/clkout1_buf/O
                         net (fo=852, routed)         1.522    -1.498    u_jtag_mac/u_simcycle_fifo/u_simcycle_fifo/U0/inst_fifo_gen/gconvfifo.rf/grf.rf/gntv_or_sync_fifo.gcx.clkx/rd_pntr_cdc_inst/src_clk
    SLICE_X14Y59         FDRE                                         r  u_jtag_mac/u_simcycle_fifo/u_simcycle_fifo/U0/inst_fifo_gen/gconvfifo.rf/grf.rf/gntv_or_sync_fifo.gcx.clkx/rd_pntr_cdc_inst/src_gray_ff_reg[2]/C
  -------------------------------------------------------------------    -------------------
    SLICE_X14Y59         FDRE (Prop_fdre_C_Q)         0.418    -1.080 r  u_jtag_mac/u_simcycle_fifo/u_simcycle_fifo/U0/inst_fifo_gen/gconvfifo.rf/grf.rf/gntv_or_sync_fifo.gcx.clkx/rd_pntr_cdc_inst/src_gray_ff_reg[2]/Q
                         net (fo=1, routed)           0.492    -0.588    u_jtag_mac/u_simcycle_fifo/u_simcycle_fifo/U0/inst_fifo_gen/gconvfifo.rf/grf.rf/gntv_or_sync_fifo.gcx.clkx/rd_pntr_cdc_inst/async_path[2]
    SLICE_X14Y61         FDRE                                         r  u_jtag_mac/u_simcycle_fifo/u_simcycle_fifo/U0/inst_fifo_gen/gconvfifo.rf/grf.rf/gntv_or_sync_fifo.gcx.clkx/rd_pntr_cdc_inst/dest_graysync_ff_reg[0][2]/D
  -------------------------------------------------------------------    -------------------

                         (clock TCK rise edge)        0.000     0.000 r  
    BSCAN_X0Y0           BSCANE2                      0.000     0.000 r  u_BSCANE2/TCK
                         net (fo=1, routed)           1.780     1.780    TCK
    BUFGCTRL_X0Y0        BUFG (Prop_bufg_I_O)         0.096     1.876 r  TCK_BUFG_inst/O
                         net (fo=507, routed)         1.641     3.517    u_jtag_mac/u_simcycle_fifo/u_simcycle_fifo/U0/inst_fifo_gen/gconvfifo.rf/grf.rf/gntv_or_sync_fifo.gcx.clkx/rd_pntr_cdc_inst/dest_clk
    SLICE_X14Y61         FDRE                                         r  u_jtag_mac/u_simcycle_fifo/u_simcycle_fifo/U0/inst_fifo_gen/gconvfifo.rf/grf.rf/gntv_or_sync_fifo.gcx.clkx/rd_pntr_cdc_inst/dest_graysync_ff_reg[0][2]/C





--------------------------------------------------------------------------------------
Path Group:  (none)
From Clock:  TCK
  To Clock:  clk_out1_clk_wiz_0

Max Delay           613 Endpoints
Min Delay           613 Endpoints
--------------------------------------------------------------------------------------


Max Delay Paths
--------------------------------------------------------------------------------------
Slack:                    inf
  Source:                 u_jtag_mac/user_rst_assert_reg/C
                            (rising edge-triggered cell FDRE clocked by TCK  {rise@0.000ns fall@7.576ns period=15.152ns})
  Destination:            u_jtag_mac/u_simcycle_fifo/u_simcycle_fifo/U0/inst_fifo_gen/gconvfifo.rf/grf.rf/rstblk/ngwrdrst.grst.g7serrst.gsckt_wrst.gic_rst.xpm_cdc_sync_rst_inst_wrst/syncstages_ff_reg[0]/D
                            (rising edge-triggered cell FDRE clocked by clk_out1_clk_wiz_0  {rise@0.000ns fall@20.000ns period=40.000ns})
  Path Group:             (none)
  Path Type:              Setup (Max at Slow Process Corner)
  Data Path Delay:        7.881ns  (logic 0.580ns (7.359%)  route 7.301ns (92.641%))
  Logic Levels:           1  (LUT2=1)
  Clock Path Skew:        -5.008ns (DCD - SCD + CPR)
    Destination Clock Delay (DCD):    -1.500ns
    Source Clock Delay      (SCD):    3.508ns
    Clock Pessimism Removal (CPR):    0.000ns
  Clock Uncertainty:      0.202ns  ((TSJ^2 + DJ^2)^1/2) / 2 + PE
    Total System Jitter     (TSJ):    0.071ns
    Discrete Jitter          (DJ):    0.182ns
    Phase Error              (PE):    0.104ns
  Timing Exception:       Asynchronous Clock Groups

    Location             Delay type                Incr(ns)  Path(ns)    Netlist Resource(s)
  -------------------------------------------------------------------    -------------------
                         (clock TCK rise edge)        0.000     0.000 r  
    BSCAN_X0Y0           BSCANE2                      0.000     0.000 r  u_BSCANE2/TCK
                         net (fo=1, routed)           1.780     1.780    TCK
    BUFGCTRL_X0Y0        BUFG (Prop_bufg_I_O)         0.096     1.876 r  TCK_BUFG_inst/O
                         net (fo=507, routed)         1.632     3.508    u_jtag_mac/TCK_BUFG
    SLICE_X13Y80         FDRE                                         r  u_jtag_mac/user_rst_assert_reg/C
  -------------------------------------------------------------------    -------------------
    SLICE_X13Y80         FDRE (Prop_fdre_C_Q)         0.456     3.964 r  u_jtag_mac/user_rst_assert_reg/Q
                         net (fo=16, routed)          1.290     5.254    u_jtag_mac/user_rst_assert
    SLICE_X13Y83         LUT2 (Prop_lut2_I0_O)        0.124     5.378 r  u_jtag_mac/u_simcycle_fifo_i_1/O
                         net (fo=498, routed)         6.011    11.389    u_jtag_mac/u_simcycle_fifo/u_simcycle_fifo/U0/inst_fifo_gen/gconvfifo.rf/grf.rf/rstblk/ngwrdrst.grst.g7serrst.gsckt_wrst.gic_rst.xpm_cdc_sync_rst_inst_wrst/src_rst
    SLICE_X15Y62         FDRE                                         r  u_jtag_mac/u_simcycle_fifo/u_simcycle_fifo/U0/inst_fifo_gen/gconvfifo.rf/grf.rf/rstblk/ngwrdrst.grst.g7serrst.gsckt_wrst.gic_rst.xpm_cdc_sync_rst_inst_wrst/syncstages_ff_reg[0]/D
  -------------------------------------------------------------------    -------------------

                         (clock clk_out1_clk_wiz_0 rise edge)
                                                      0.000     0.000 r  
    E3                                                0.000     0.000 r  sysclk (IN)
                         net (fo=0)                   0.000     0.000    u_clk_wiz_0/inst/clk_in1
    E3                   IBUF (Prop_ibuf_I_O)         1.411     1.411 r  u_clk_wiz_0/inst/clkin1_ibufg/O
                         net (fo=1, routed)           1.162     2.573    u_clk_wiz_0/inst/clk_in1_clk_wiz_0
    MMCME2_ADV_X1Y2      MMCME2_ADV (Prop_mmcme2_adv_CLKIN1_CLKOUT0)
                                                     -7.324    -4.751 r  u_clk_wiz_0/inst/mmcm_adv_inst/CLKOUT0
                         net (fo=1, routed)           1.639    -3.112    u_clk_wiz_0/inst/clk_out1_clk_wiz_0
    BUFGCTRL_X0Y16       BUFG (Prop_bufg_I_O)         0.091    -3.021 r  u_clk_wiz_0/inst/clkout1_buf/O
                         net (fo=852, routed)         1.520    -1.500    u_jtag_mac/u_simcycle_fifo/u_simcycle_fifo/U0/inst_fifo_gen/gconvfifo.rf/grf.rf/rstblk/ngwrdrst.grst.g7serrst.gsckt_wrst.gic_rst.xpm_cdc_sync_rst_inst_wrst/dest_clk
    SLICE_X15Y62         FDRE                                         r  u_jtag_mac/u_simcycle_fifo/u_simcycle_fifo/U0/inst_fifo_gen/gconvfifo.rf/grf.rf/rstblk/ngwrdrst.grst.g7serrst.gsckt_wrst.gic_rst.xpm_cdc_sync_rst_inst_wrst/syncstages_ff_reg[0]/C

Slack:                    inf
  Source:                 u_jtag_mac/user_rst_assert_reg/C
                            (rising edge-triggered cell FDRE clocked by TCK  {rise@0.000ns fall@7.576ns period=15.152ns})
  Destination:            u_jtag_mac/u_pre_chif_fifo/u_jtag_mac_fifo/U0/inst_fifo_gen/gconvfifo.rf/grf.rf/rstblk/ngwrdrst.grst.g7serrst.gsckt_wrst.gic_rst.xpm_cdc_sync_rst_inst_wrst/syncstages_ff_reg[0]/D
                            (rising edge-triggered cell FDRE clocked by clk_out1_clk_wiz_0  {rise@0.000ns fall@20.000ns period=40.000ns})
  Path Group:             (none)
  Path Type:              Setup (Max at Slow Process Corner)
  Data Path Delay:        4.341ns  (logic 0.580ns (13.362%)  route 3.761ns (86.638%))
  Logic Levels:           1  (LUT2=1)
  Clock Path Skew:        -4.940ns (DCD - SCD + CPR)
    Destination Clock Delay (DCD):    -1.432ns
    Source Clock Delay      (SCD):    3.508ns
    Clock Pessimism Removal (CPR):    0.000ns
  Clock Uncertainty:      0.202ns  ((TSJ^2 + DJ^2)^1/2) / 2 + PE
    Total System Jitter     (TSJ):    0.071ns
    Discrete Jitter          (DJ):    0.182ns
    Phase Error              (PE):    0.104ns
  Timing Exception:       Asynchronous Clock Groups

    Location             Delay type                Incr(ns)  Path(ns)    Netlist Resource(s)
  -------------------------------------------------------------------    -------------------
                         (clock TCK rise edge)        0.000     0.000 r  
    BSCAN_X0Y0           BSCANE2                      0.000     0.000 r  u_BSCANE2/TCK
                         net (fo=1, routed)           1.780     1.780    TCK
    BUFGCTRL_X0Y0        BUFG (Prop_bufg_I_O)         0.096     1.876 r  TCK_BUFG_inst/O
                         net (fo=507, routed)         1.632     3.508    u_jtag_mac/TCK_BUFG
    SLICE_X13Y80         FDRE                                         r  u_jtag_mac/user_rst_assert_reg/C
  -------------------------------------------------------------------    -------------------
    SLICE_X13Y80         FDRE (Prop_fdre_C_Q)         0.456     3.964 r  u_jtag_mac/user_rst_assert_reg/Q
                         net (fo=16, routed)          1.290     5.254    u_jtag_mac/user_rst_assert
    SLICE_X13Y83         LUT2 (Prop_lut2_I0_O)        0.124     5.378 r  u_jtag_mac/u_simcycle_fifo_i_1/O
                         net (fo=498, routed)         2.470     7.849    u_jtag_mac/u_pre_chif_fifo/u_jtag_mac_fifo/U0/inst_fifo_gen/gconvfifo.rf/grf.rf/rstblk/ngwrdrst.grst.g7serrst.gsckt_wrst.gic_rst.xpm_cdc_sync_rst_inst_wrst/src_rst
    SLICE_X1Y74          FDRE                                         r  u_jtag_mac/u_pre_chif_fifo/u_jtag_mac_fifo/U0/inst_fifo_gen/gconvfifo.rf/grf.rf/rstblk/ngwrdrst.grst.g7serrst.gsckt_wrst.gic_rst.xpm_cdc_sync_rst_inst_wrst/syncstages_ff_reg[0]/D
  -------------------------------------------------------------------    -------------------

                         (clock clk_out1_clk_wiz_0 rise edge)
                                                      0.000     0.000 r  
    E3                                                0.000     0.000 r  sysclk (IN)
                         net (fo=0)                   0.000     0.000    u_clk_wiz_0/inst/clk_in1
    E3                   IBUF (Prop_ibuf_I_O)         1.411     1.411 r  u_clk_wiz_0/inst/clkin1_ibufg/O
                         net (fo=1, routed)           1.162     2.573    u_clk_wiz_0/inst/clk_in1_clk_wiz_0
    MMCME2_ADV_X1Y2      MMCME2_ADV (Prop_mmcme2_adv_CLKIN1_CLKOUT0)
                                                     -7.324    -4.751 r  u_clk_wiz_0/inst/mmcm_adv_inst/CLKOUT0
                         net (fo=1, routed)           1.639    -3.112    u_clk_wiz_0/inst/clk_out1_clk_wiz_0
    BUFGCTRL_X0Y16       BUFG (Prop_bufg_I_O)         0.091    -3.021 r  u_clk_wiz_0/inst/clkout1_buf/O
                         net (fo=852, routed)         1.588    -1.432    u_jtag_mac/u_pre_chif_fifo/u_jtag_mac_fifo/U0/inst_fifo_gen/gconvfifo.rf/grf.rf/rstblk/ngwrdrst.grst.g7serrst.gsckt_wrst.gic_rst.xpm_cdc_sync_rst_inst_wrst/dest_clk
    SLICE_X1Y74          FDRE                                         r  u_jtag_mac/u_pre_chif_fifo/u_jtag_mac_fifo/U0/inst_fifo_gen/gconvfifo.rf/grf.rf/rstblk/ngwrdrst.grst.g7serrst.gsckt_wrst.gic_rst.xpm_cdc_sync_rst_inst_wrst/syncstages_ff_reg[0]/C

Slack:                    inf
  Source:                 u_jtag_mac/user_rst_assert_reg/C
                            (rising edge-triggered cell FDRE clocked by TCK  {rise@0.000ns fall@7.576ns period=15.152ns})
  Destination:            u_jtag_mac/u_post_chif_fifo/u_jtag_mac_fifo/U0/inst_fifo_gen/gconvfifo.rf/grf.rf/rstblk/ngwrdrst.grst.g7serrst.gsckt_wrst.xpm_cdc_sync_rst_inst_wrst/syncstages_ff_reg[0]/D
                            (rising edge-triggered cell FDRE clocked by clk_out1_clk_wiz_0  {rise@0.000ns fall@20.000ns period=40.000ns})
  Path Group:             (none)
  Path Type:              Setup (Max at Slow Process Corner)
  Data Path Delay:        4.148ns  (logic 0.580ns (13.984%)  route 3.568ns (86.016%))
  Logic Levels:           1  (LUT2=1)
  Clock Path Skew:        -4.940ns (DCD - SCD + CPR)
    Destination Clock Delay (DCD):    -1.432ns
    Source Clock Delay      (SCD):    3.508ns
    Clock Pessimism Removal (CPR):    0.000ns
  Clock Uncertainty:      0.202ns  ((TSJ^2 + DJ^2)^1/2) / 2 + PE
    Total System Jitter     (TSJ):    0.071ns
    Discrete Jitter          (DJ):    0.182ns
    Phase Error              (PE):    0.104ns
  Timing Exception:       Asynchronous Clock Groups

    Location             Delay type                Incr(ns)  Path(ns)    Netlist Resource(s)
  -------------------------------------------------------------------    -------------------
                         (clock TCK rise edge)        0.000     0.000 r  
    BSCAN_X0Y0           BSCANE2                      0.000     0.000 r  u_BSCANE2/TCK
                         net (fo=1, routed)           1.780     1.780    TCK
    BUFGCTRL_X0Y0        BUFG (Prop_bufg_I_O)         0.096     1.876 r  TCK_BUFG_inst/O
                         net (fo=507, routed)         1.632     3.508    u_jtag_mac/TCK_BUFG
    SLICE_X13Y80         FDRE                                         r  u_jtag_mac/user_rst_assert_reg/C
  -------------------------------------------------------------------    -------------------
    SLICE_X13Y80         FDRE (Prop_fdre_C_Q)         0.456     3.964 r  u_jtag_mac/user_rst_assert_reg/Q
                         net (fo=16, routed)          1.290     5.254    u_jtag_mac/user_rst_assert
    SLICE_X13Y83         LUT2 (Prop_lut2_I0_O)        0.124     5.378 r  u_jtag_mac/u_simcycle_fifo_i_1/O
                         net (fo=498, routed)         2.277     7.656    u_jtag_mac/u_post_chif_fifo/u_jtag_mac_fifo/U0/inst_fifo_gen/gconvfifo.rf/grf.rf/rstblk/ngwrdrst.grst.g7serrst.gsckt_wrst.xpm_cdc_sync_rst_inst_wrst/src_rst
    SLICE_X3Y75          FDRE                                         r  u_jtag_mac/u_post_chif_fifo/u_jtag_mac_fifo/U0/inst_fifo_gen/gconvfifo.rf/grf.rf/rstblk/ngwrdrst.grst.g7serrst.gsckt_wrst.xpm_cdc_sync_rst_inst_wrst/syncstages_ff_reg[0]/D
  -------------------------------------------------------------------    -------------------

                         (clock clk_out1_clk_wiz_0 rise edge)
                                                      0.000     0.000 r  
    E3                                                0.000     0.000 r  sysclk (IN)
                         net (fo=0)                   0.000     0.000    u_clk_wiz_0/inst/clk_in1
    E3                   IBUF (Prop_ibuf_I_O)         1.411     1.411 r  u_clk_wiz_0/inst/clkin1_ibufg/O
                         net (fo=1, routed)           1.162     2.573    u_clk_wiz_0/inst/clk_in1_clk_wiz_0
    MMCME2_ADV_X1Y2      MMCME2_ADV (Prop_mmcme2_adv_CLKIN1_CLKOUT0)
                                                     -7.324    -4.751 r  u_clk_wiz_0/inst/mmcm_adv_inst/CLKOUT0
                         net (fo=1, routed)           1.639    -3.112    u_clk_wiz_0/inst/clk_out1_clk_wiz_0
    BUFGCTRL_X0Y16       BUFG (Prop_bufg_I_O)         0.091    -3.021 r  u_clk_wiz_0/inst/clkout1_buf/O
                         net (fo=852, routed)         1.588    -1.432    u_jtag_mac/u_post_chif_fifo/u_jtag_mac_fifo/U0/inst_fifo_gen/gconvfifo.rf/grf.rf/rstblk/ngwrdrst.grst.g7serrst.gsckt_wrst.xpm_cdc_sync_rst_inst_wrst/dest_clk
    SLICE_X3Y75          FDRE                                         r  u_jtag_mac/u_post_chif_fifo/u_jtag_mac_fifo/U0/inst_fifo_gen/gconvfifo.rf/grf.rf/rstblk/ngwrdrst.grst.g7serrst.gsckt_wrst.xpm_cdc_sync_rst_inst_wrst/syncstages_ff_reg[0]/C

Slack:                    inf
  Source:                 u_jtag_mac/u_simcycle_fifo/u_simcycle_fifo/U0/inst_fifo_gen/gconvfifo.rf/grf.rf/rstblk/ngwrdrst.grst.g7serrst.gsckt_wrst.gic_rst.sckt_wr_rst_ic_reg/C
                            (rising edge-triggered cell FDRE clocked by TCK  {rise@0.000ns fall@7.576ns period=15.152ns})
  Destination:            u_jtag_mac/u_simcycle_fifo/u_simcycle_fifo/U0/inst_fifo_gen/gconvfifo.rf/grf.rf/rstblk/ngwrdrst.grst.g7serrst.gsckt_wrst.gic_rst.xpm_cdc_single_inst_wrst_rd/syncstages_ff_reg[0]/D
                            (rising edge-triggered cell FDRE clocked by clk_out1_clk_wiz_0  {rise@0.000ns fall@20.000ns period=40.000ns})
  Path Group:             (none)
  Path Type:              Setup (Max at Slow Process Corner)
  Data Path Delay:        1.783ns  (logic 0.518ns (29.054%)  route 1.265ns (70.946%))
  Logic Levels:           0  
  Clock Path Skew:        -5.013ns (DCD - SCD + CPR)
    Destination Clock Delay (DCD):    -1.500ns
    Source Clock Delay      (SCD):    3.513ns
    Clock Pessimism Removal (CPR):    0.000ns
  Clock Uncertainty:      0.202ns  ((TSJ^2 + DJ^2)^1/2) / 2 + PE
    Total System Jitter     (TSJ):    0.071ns
    Discrete Jitter          (DJ):    0.182ns
    Phase Error              (PE):    0.104ns
  Timing Exception:       Asynchronous Clock Groups

    Location             Delay type                Incr(ns)  Path(ns)    Netlist Resource(s)
  -------------------------------------------------------------------    -------------------
                         (clock TCK rise edge)        0.000     0.000 r  
    BSCAN_X0Y0           BSCANE2                      0.000     0.000 r  u_BSCANE2/TCK
                         net (fo=1, routed)           1.780     1.780    TCK
    BUFGCTRL_X0Y0        BUFG (Prop_bufg_I_O)         0.096     1.876 r  TCK_BUFG_inst/O
                         net (fo=507, routed)         1.637     3.513    u_jtag_mac/u_simcycle_fifo/u_simcycle_fifo/U0/inst_fifo_gen/gconvfifo.rf/grf.rf/rstblk/wr_clk
    SLICE_X14Y65         FDRE                                         r  u_jtag_mac/u_simcycle_fifo/u_simcycle_fifo/U0/inst_fifo_gen/gconvfifo.rf/grf.rf/rstblk/ngwrdrst.grst.g7serrst.gsckt_wrst.gic_rst.sckt_wr_rst_ic_reg/C
  -------------------------------------------------------------------    -------------------
    SLICE_X14Y65         FDRE (Prop_fdre_C_Q)         0.518     4.031 r  u_jtag_mac/u_simcycle_fifo/u_simcycle_fifo/U0/inst_fifo_gen/gconvfifo.rf/grf.rf/rstblk/ngwrdrst.grst.g7serrst.gsckt_wrst.gic_rst.sckt_wr_rst_ic_reg/Q
                         net (fo=16, routed)          1.265     5.296    u_jtag_mac/u_simcycle_fifo/u_simcycle_fifo/U0/inst_fifo_gen/gconvfifo.rf/grf.rf/rstblk/ngwrdrst.grst.g7serrst.gsckt_wrst.gic_rst.xpm_cdc_single_inst_wrst_rd/src_in
    SLICE_X12Y62         FDRE                                         r  u_jtag_mac/u_simcycle_fifo/u_simcycle_fifo/U0/inst_fifo_gen/gconvfifo.rf/grf.rf/rstblk/ngwrdrst.grst.g7serrst.gsckt_wrst.gic_rst.xpm_cdc_single_inst_wrst_rd/syncstages_ff_reg[0]/D
  -------------------------------------------------------------------    -------------------

                         (clock clk_out1_clk_wiz_0 rise edge)
                                                      0.000     0.000 r  
    E3                                                0.000     0.000 r  sysclk (IN)
                         net (fo=0)                   0.000     0.000    u_clk_wiz_0/inst/clk_in1
    E3                   IBUF (Prop_ibuf_I_O)         1.411     1.411 r  u_clk_wiz_0/inst/clkin1_ibufg/O
                         net (fo=1, routed)           1.162     2.573    u_clk_wiz_0/inst/clk_in1_clk_wiz_0
    MMCME2_ADV_X1Y2      MMCME2_ADV (Prop_mmcme2_adv_CLKIN1_CLKOUT0)
                                                     -7.324    -4.751 r  u_clk_wiz_0/inst/mmcm_adv_inst/CLKOUT0
                         net (fo=1, routed)           1.639    -3.112    u_clk_wiz_0/inst/clk_out1_clk_wiz_0
    BUFGCTRL_X0Y16       BUFG (Prop_bufg_I_O)         0.091    -3.021 r  u_clk_wiz_0/inst/clkout1_buf/O
                         net (fo=852, routed)         1.520    -1.500    u_jtag_mac/u_simcycle_fifo/u_simcycle_fifo/U0/inst_fifo_gen/gconvfifo.rf/grf.rf/rstblk/ngwrdrst.grst.g7serrst.gsckt_wrst.gic_rst.xpm_cdc_single_inst_wrst_rd/dest_clk
    SLICE_X12Y62         FDRE                                         r  u_jtag_mac/u_simcycle_fifo/u_simcycle_fifo/U0/inst_fifo_gen/gconvfifo.rf/grf.rf/rstblk/ngwrdrst.grst.g7serrst.gsckt_wrst.gic_rst.xpm_cdc_single_inst_wrst_rd/syncstages_ff_reg[0]/C

Slack:                    inf
  Source:                 u_jtag_mac/u_pre_chif_fifo/u_jtag_mac_fifo/U0/inst_fifo_gen/gconvfifo.rf/grf.rf/rstblk/ngwrdrst.grst.g7serrst.gsckt_wrst.gic_rst.sckt_wr_rst_ic_reg/C
                            (rising edge-triggered cell FDRE clocked by TCK  {rise@0.000ns fall@7.576ns period=15.152ns})
  Destination:            u_jtag_mac/u_pre_chif_fifo/u_jtag_mac_fifo/U0/inst_fifo_gen/gconvfifo.rf/grf.rf/rstblk/ngwrdrst.grst.g7serrst.gsckt_wrst.gic_rst.xpm_cdc_single_inst_wrst_rd/syncstages_ff_reg[0]/D
                            (rising edge-triggered cell FDRE clocked by clk_out1_clk_wiz_0  {rise@0.000ns fall@20.000ns period=40.000ns})
  Path Group:             (none)
  Path Type:              Setup (Max at Slow Process Corner)
  Data Path Delay:        1.575ns  (logic 0.518ns (32.884%)  route 1.057ns (67.116%))
  Logic Levels:           0  
  Clock Path Skew:        -4.935ns (DCD - SCD + CPR)
    Destination Clock Delay (DCD):    -1.432ns
    Source Clock Delay      (SCD):    3.503ns
    Clock Pessimism Removal (CPR):    0.000ns
  Clock Uncertainty:      0.202ns  ((TSJ^2 + DJ^2)^1/2) / 2 + PE
    Total System Jitter     (TSJ):    0.071ns
    Discrete Jitter          (DJ):    0.182ns
    Phase Error              (PE):    0.104ns
  Timing Exception:       Asynchronous Clock Groups

    Location             Delay type                Incr(ns)  Path(ns)    Netlist Resource(s)
  -------------------------------------------------------------------    -------------------
                         (clock TCK rise edge)        0.000     0.000 r  
    BSCAN_X0Y0           BSCANE2                      0.000     0.000 r  u_BSCANE2/TCK
                         net (fo=1, routed)           1.780     1.780    TCK
    BUFGCTRL_X0Y0        BUFG (Prop_bufg_I_O)         0.096     1.876 r  TCK_BUFG_inst/O
                         net (fo=507, routed)         1.627     3.503    u_jtag_mac/u_pre_chif_fifo/u_jtag_mac_fifo/U0/inst_fifo_gen/gconvfifo.rf/grf.rf/rstblk/wr_clk
    SLICE_X12Y72         FDRE                                         r  u_jtag_mac/u_pre_chif_fifo/u_jtag_mac_fifo/U0/inst_fifo_gen/gconvfifo.rf/grf.rf/rstblk/ngwrdrst.grst.g7serrst.gsckt_wrst.gic_rst.sckt_wr_rst_ic_reg/C
  -------------------------------------------------------------------    -------------------
    SLICE_X12Y72         FDRE (Prop_fdre_C_Q)         0.518     4.021 r  u_jtag_mac/u_pre_chif_fifo/u_jtag_mac_fifo/U0/inst_fifo_gen/gconvfifo.rf/grf.rf/rstblk/ngwrdrst.grst.g7serrst.gsckt_wrst.gic_rst.sckt_wr_rst_ic_reg/Q
                         net (fo=54, routed)          1.057     5.078    u_jtag_mac/u_pre_chif_fifo/u_jtag_mac_fifo/U0/inst_fifo_gen/gconvfifo.rf/grf.rf/rstblk/ngwrdrst.grst.g7serrst.gsckt_wrst.gic_rst.xpm_cdc_single_inst_wrst_rd/src_in
    SLICE_X2Y74          FDRE                                         r  u_jtag_mac/u_pre_chif_fifo/u_jtag_mac_fifo/U0/inst_fifo_gen/gconvfifo.rf/grf.rf/rstblk/ngwrdrst.grst.g7serrst.gsckt_wrst.gic_rst.xpm_cdc_single_inst_wrst_rd/syncstages_ff_reg[0]/D
  -------------------------------------------------------------------    -------------------

                         (clock clk_out1_clk_wiz_0 rise edge)
                                                      0.000     0.000 r  
    E3                                                0.000     0.000 r  sysclk (IN)
                         net (fo=0)                   0.000     0.000    u_clk_wiz_0/inst/clk_in1
    E3                   IBUF (Prop_ibuf_I_O)         1.411     1.411 r  u_clk_wiz_0/inst/clkin1_ibufg/O
                         net (fo=1, routed)           1.162     2.573    u_clk_wiz_0/inst/clk_in1_clk_wiz_0
    MMCME2_ADV_X1Y2      MMCME2_ADV (Prop_mmcme2_adv_CLKIN1_CLKOUT0)
                                                     -7.324    -4.751 r  u_clk_wiz_0/inst/mmcm_adv_inst/CLKOUT0
                         net (fo=1, routed)           1.639    -3.112    u_clk_wiz_0/inst/clk_out1_clk_wiz_0
    BUFGCTRL_X0Y16       BUFG (Prop_bufg_I_O)         0.091    -3.021 r  u_clk_wiz_0/inst/clkout1_buf/O
                         net (fo=852, routed)         1.588    -1.432    u_jtag_mac/u_pre_chif_fifo/u_jtag_mac_fifo/U0/inst_fifo_gen/gconvfifo.rf/grf.rf/rstblk/ngwrdrst.grst.g7serrst.gsckt_wrst.gic_rst.xpm_cdc_single_inst_wrst_rd/dest_clk
    SLICE_X2Y74          FDRE                                         r  u_jtag_mac/u_pre_chif_fifo/u_jtag_mac_fifo/U0/inst_fifo_gen/gconvfifo.rf/grf.rf/rstblk/ngwrdrst.grst.g7serrst.gsckt_wrst.gic_rst.xpm_cdc_single_inst_wrst_rd/syncstages_ff_reg[0]/C

Slack:                    inf
  Source:                 u_jtag_mac/u_post_chif_fifo/u_jtag_mac_fifo/U0/inst_fifo_gen/gconvfifo.rf/grf.rf/rstblk/ngwrdrst.grst.g7serrst.gsckt_wrst.gic_rst.sckt_rd_rst_ic_reg/C
                            (rising edge-triggered cell FDRE clocked by TCK  {rise@0.000ns fall@7.576ns period=15.152ns})
  Destination:            u_jtag_mac/u_post_chif_fifo/u_jtag_mac_fifo/U0/inst_fifo_gen/gconvfifo.rf/grf.rf/rstblk/ngwrdrst.grst.g7serrst.gsckt_wrst.gic_rst.xpm_cdc_single_inst_rrst_wr/syncstages_ff_reg[0]/D
                            (rising edge-triggered cell FDRE clocked by clk_out1_clk_wiz_0  {rise@0.000ns fall@20.000ns period=40.000ns})
  Path Group:             (none)
  Path Type:              Setup (Max at Slow Process Corner)
  Data Path Delay:        1.305ns  (logic 0.456ns (34.933%)  route 0.849ns (65.067%))
  Logic Levels:           0  
  Clock Path Skew:        -5.022ns (DCD - SCD + CPR)
    Destination Clock Delay (DCD):    -1.430ns
    Source Clock Delay      (SCD):    3.592ns
    Clock Pessimism Removal (CPR):    0.000ns
  Clock Uncertainty:      0.202ns  ((TSJ^2 + DJ^2)^1/2) / 2 + PE
    Total System Jitter     (TSJ):    0.071ns
    Discrete Jitter          (DJ):    0.182ns
    Phase Error              (PE):    0.104ns
  Timing Exception:       Asynchronous Clock Groups

    Location             Delay type                Incr(ns)  Path(ns)    Netlist Resource(s)
  -------------------------------------------------------------------    -------------------
                         (clock TCK rise edge)        0.000     0.000 r  
    BSCAN_X0Y0           BSCANE2                      0.000     0.000 r  u_BSCANE2/TCK
                         net (fo=1, routed)           1.780     1.780    TCK
    BUFGCTRL_X0Y0        BUFG (Prop_bufg_I_O)         0.096     1.876 r  TCK_BUFG_inst/O
                         net (fo=507, routed)         1.716     3.592    u_jtag_mac/u_post_chif_fifo/u_jtag_mac_fifo/U0/inst_fifo_gen/gconvfifo.rf/grf.rf/rstblk/rd_clk
    SLICE_X3Y84          FDRE                                         r  u_jtag_mac/u_post_chif_fifo/u_jtag_mac_fifo/U0/inst_fifo_gen/gconvfifo.rf/grf.rf/rstblk/ngwrdrst.grst.g7serrst.gsckt_wrst.gic_rst.sckt_rd_rst_ic_reg/C
  -------------------------------------------------------------------    -------------------
    SLICE_X3Y84          FDRE (Prop_fdre_C_Q)         0.456     4.048 r  u_jtag_mac/u_post_chif_fifo/u_jtag_mac_fifo/U0/inst_fifo_gen/gconvfifo.rf/grf.rf/rstblk/ngwrdrst.grst.g7serrst.gsckt_wrst.gic_rst.sckt_rd_rst_ic_reg/Q
                         net (fo=43, routed)          0.849     4.898    u_jtag_mac/u_post_chif_fifo/u_jtag_mac_fifo/U0/inst_fifo_gen/gconvfifo.rf/grf.rf/rstblk/ngwrdrst.grst.g7serrst.gsckt_wrst.gic_rst.xpm_cdc_single_inst_rrst_wr/src_in
    SLICE_X3Y76          FDRE                                         r  u_jtag_mac/u_post_chif_fifo/u_jtag_mac_fifo/U0/inst_fifo_gen/gconvfifo.rf/grf.rf/rstblk/ngwrdrst.grst.g7serrst.gsckt_wrst.gic_rst.xpm_cdc_single_inst_rrst_wr/syncstages_ff_reg[0]/D
  -------------------------------------------------------------------    -------------------

                         (clock clk_out1_clk_wiz_0 rise edge)
                                                      0.000     0.000 r  
    E3                                                0.000     0.000 r  sysclk (IN)
                         net (fo=0)                   0.000     0.000    u_clk_wiz_0/inst/clk_in1
    E3                   IBUF (Prop_ibuf_I_O)         1.411     1.411 r  u_clk_wiz_0/inst/clkin1_ibufg/O
                         net (fo=1, routed)           1.162     2.573    u_clk_wiz_0/inst/clk_in1_clk_wiz_0
    MMCME2_ADV_X1Y2      MMCME2_ADV (Prop_mmcme2_adv_CLKIN1_CLKOUT0)
                                                     -7.324    -4.751 r  u_clk_wiz_0/inst/mmcm_adv_inst/CLKOUT0
                         net (fo=1, routed)           1.639    -3.112    u_clk_wiz_0/inst/clk_out1_clk_wiz_0
    BUFGCTRL_X0Y16       BUFG (Prop_bufg_I_O)         0.091    -3.021 r  u_clk_wiz_0/inst/clkout1_buf/O
                         net (fo=852, routed)         1.590    -1.430    u_jtag_mac/u_post_chif_fifo/u_jtag_mac_fifo/U0/inst_fifo_gen/gconvfifo.rf/grf.rf/rstblk/ngwrdrst.grst.g7serrst.gsckt_wrst.gic_rst.xpm_cdc_single_inst_rrst_wr/dest_clk
    SLICE_X3Y76          FDRE                                         r  u_jtag_mac/u_post_chif_fifo/u_jtag_mac_fifo/U0/inst_fifo_gen/gconvfifo.rf/grf.rf/rstblk/ngwrdrst.grst.g7serrst.gsckt_wrst.gic_rst.xpm_cdc_single_inst_rrst_wr/syncstages_ff_reg[0]/C

Slack:                    inf
  Source:                 u_jtag_mac/user_rst_assert_reg/C
                            (rising edge-triggered cell FDRE clocked by TCK  {rise@0.000ns fall@7.576ns period=15.152ns})
  Destination:            u_mwfil_chiftop/u_mwfil_chifcore/u_controller/LOCKEDSTEP_CTRL.simrem_reg[12]/R
                            (rising edge-triggered cell FDRE clocked by clk_out1_clk_wiz_0  {rise@0.000ns fall@20.000ns period=40.000ns})
  Path Group:             (none)
  Path Type:              Setup (Max at Slow Process Corner)
  Data Path Delay:        9.862ns  (logic 0.580ns (5.881%)  route 9.282ns (94.119%))
  Logic Levels:           1  (LUT2=1)
  Clock Path Skew:        -5.009ns (DCD - SCD + CPR)
    Destination Clock Delay (DCD):    -1.501ns
    Source Clock Delay      (SCD):    3.508ns
    Clock Pessimism Removal (CPR):    0.000ns
  Clock Uncertainty:      0.202ns  ((TSJ^2 + DJ^2)^1/2) / 2 + PE
    Total System Jitter     (TSJ):    0.071ns
    Discrete Jitter          (DJ):    0.182ns
    Phase Error              (PE):    0.104ns
  Timing Exception:       Asynchronous Clock Groups

    Location             Delay type                Incr(ns)  Path(ns)    Netlist Resource(s)
  -------------------------------------------------------------------    -------------------
                         (clock TCK rise edge)        0.000     0.000 r  
    BSCAN_X0Y0           BSCANE2                      0.000     0.000 r  u_BSCANE2/TCK
                         net (fo=1, routed)           1.780     1.780    TCK
    BUFGCTRL_X0Y0        BUFG (Prop_bufg_I_O)         0.096     1.876 r  TCK_BUFG_inst/O
                         net (fo=507, routed)         1.632     3.508    u_jtag_mac/TCK_BUFG
    SLICE_X13Y80         FDRE                                         r  u_jtag_mac/user_rst_assert_reg/C
  -------------------------------------------------------------------    -------------------
    SLICE_X13Y80         FDRE (Prop_fdre_C_Q)         0.456     3.964 r  u_jtag_mac/user_rst_assert_reg/Q
                         net (fo=16, routed)          1.290     5.254    u_jtag_mac/user_rst_assert
    SLICE_X13Y83         LUT2 (Prop_lut2_I0_O)        0.124     5.378 r  u_jtag_mac/u_simcycle_fifo_i_1/O
                         net (fo=498, routed)         7.991    13.370    u_mwfil_chiftop/u_mwfil_chifcore/u_controller/SR[0]
    SLICE_X34Y54         FDRE                                         r  u_mwfil_chiftop/u_mwfil_chifcore/u_controller/LOCKEDSTEP_CTRL.simrem_reg[12]/R
  -------------------------------------------------------------------    -------------------

                         (clock clk_out1_clk_wiz_0 rise edge)
                                                      0.000     0.000 r  
    E3                                                0.000     0.000 r  sysclk (IN)
                         net (fo=0)                   0.000     0.000    u_clk_wiz_0/inst/clk_in1
    E3                   IBUF (Prop_ibuf_I_O)         1.411     1.411 r  u_clk_wiz_0/inst/clkin1_ibufg/O
                         net (fo=1, routed)           1.162     2.573    u_clk_wiz_0/inst/clk_in1_clk_wiz_0
    MMCME2_ADV_X1Y2      MMCME2_ADV (Prop_mmcme2_adv_CLKIN1_CLKOUT0)
                                                     -7.324    -4.751 r  u_clk_wiz_0/inst/mmcm_adv_inst/CLKOUT0
                         net (fo=1, routed)           1.639    -3.112    u_clk_wiz_0/inst/clk_out1_clk_wiz_0
    BUFGCTRL_X0Y16       BUFG (Prop_bufg_I_O)         0.091    -3.021 r  u_clk_wiz_0/inst/clkout1_buf/O
                         net (fo=852, routed)         1.519    -1.501    u_mwfil_chiftop/u_mwfil_chifcore/u_controller/clk_out1
    SLICE_X34Y54         FDRE                                         r  u_mwfil_chiftop/u_mwfil_chifcore/u_controller/LOCKEDSTEP_CTRL.simrem_reg[12]/C

Slack:                    inf
  Source:                 u_jtag_mac/user_rst_assert_reg/C
                            (rising edge-triggered cell FDRE clocked by TCK  {rise@0.000ns fall@7.576ns period=15.152ns})
  Destination:            u_mwfil_chiftop/u_mwfil_chifcore/u_controller/LOCKEDSTEP_CTRL.simrem_reg[13]/R
                            (rising edge-triggered cell FDRE clocked by clk_out1_clk_wiz_0  {rise@0.000ns fall@20.000ns period=40.000ns})
  Path Group:             (none)
  Path Type:              Setup (Max at Slow Process Corner)
  Data Path Delay:        9.862ns  (logic 0.580ns (5.881%)  route 9.282ns (94.119%))
  Logic Levels:           1  (LUT2=1)
  Clock Path Skew:        -5.009ns (DCD - SCD + CPR)
    Destination Clock Delay (DCD):    -1.501ns
    Source Clock Delay      (SCD):    3.508ns
    Clock Pessimism Removal (CPR):    0.000ns
  Clock Uncertainty:      0.202ns  ((TSJ^2 + DJ^2)^1/2) / 2 + PE
    Total System Jitter     (TSJ):    0.071ns
    Discrete Jitter          (DJ):    0.182ns
    Phase Error              (PE):    0.104ns
  Timing Exception:       Asynchronous Clock Groups

    Location             Delay type                Incr(ns)  Path(ns)    Netlist Resource(s)
  -------------------------------------------------------------------    -------------------
                         (clock TCK rise edge)        0.000     0.000 r  
    BSCAN_X0Y0           BSCANE2                      0.000     0.000 r  u_BSCANE2/TCK
                         net (fo=1, routed)           1.780     1.780    TCK
    BUFGCTRL_X0Y0        BUFG (Prop_bufg_I_O)         0.096     1.876 r  TCK_BUFG_inst/O
                         net (fo=507, routed)         1.632     3.508    u_jtag_mac/TCK_BUFG
    SLICE_X13Y80         FDRE                                         r  u_jtag_mac/user_rst_assert_reg/C
  -------------------------------------------------------------------    -------------------
    SLICE_X13Y80         FDRE (Prop_fdre_C_Q)         0.456     3.964 r  u_jtag_mac/user_rst_assert_reg/Q
                         net (fo=16, routed)          1.290     5.254    u_jtag_mac/user_rst_assert
    SLICE_X13Y83         LUT2 (Prop_lut2_I0_O)        0.124     5.378 r  u_jtag_mac/u_simcycle_fifo_i_1/O
                         net (fo=498, routed)         7.991    13.370    u_mwfil_chiftop/u_mwfil_chifcore/u_controller/SR[0]
    SLICE_X34Y54         FDRE                                         r  u_mwfil_chiftop/u_mwfil_chifcore/u_controller/LOCKEDSTEP_CTRL.simrem_reg[13]/R
  -------------------------------------------------------------------    -------------------

                         (clock clk_out1_clk_wiz_0 rise edge)
                                                      0.000     0.000 r  
    E3                                                0.000     0.000 r  sysclk (IN)
                         net (fo=0)                   0.000     0.000    u_clk_wiz_0/inst/clk_in1
    E3                   IBUF (Prop_ibuf_I_O)         1.411     1.411 r  u_clk_wiz_0/inst/clkin1_ibufg/O
                         net (fo=1, routed)           1.162     2.573    u_clk_wiz_0/inst/clk_in1_clk_wiz_0
    MMCME2_ADV_X1Y2      MMCME2_ADV (Prop_mmcme2_adv_CLKIN1_CLKOUT0)
                                                     -7.324    -4.751 r  u_clk_wiz_0/inst/mmcm_adv_inst/CLKOUT0
                         net (fo=1, routed)           1.639    -3.112    u_clk_wiz_0/inst/clk_out1_clk_wiz_0
    BUFGCTRL_X0Y16       BUFG (Prop_bufg_I_O)         0.091    -3.021 r  u_clk_wiz_0/inst/clkout1_buf/O
                         net (fo=852, routed)         1.519    -1.501    u_mwfil_chiftop/u_mwfil_chifcore/u_controller/clk_out1
    SLICE_X34Y54         FDRE                                         r  u_mwfil_chiftop/u_mwfil_chifcore/u_controller/LOCKEDSTEP_CTRL.simrem_reg[13]/C

Slack:                    inf
  Source:                 u_jtag_mac/user_rst_assert_reg/C
                            (rising edge-triggered cell FDRE clocked by TCK  {rise@0.000ns fall@7.576ns period=15.152ns})
  Destination:            u_mwfil_chiftop/u_mwfil_chifcore/u_controller/LOCKEDSTEP_CTRL.simrem_reg[14]/R
                            (rising edge-triggered cell FDRE clocked by clk_out1_clk_wiz_0  {rise@0.000ns fall@20.000ns period=40.000ns})
  Path Group:             (none)
  Path Type:              Setup (Max at Slow Process Corner)
  Data Path Delay:        9.862ns  (logic 0.580ns (5.881%)  route 9.282ns (94.119%))
  Logic Levels:           1  (LUT2=1)
  Clock Path Skew:        -5.009ns (DCD - SCD + CPR)
    Destination Clock Delay (DCD):    -1.501ns
    Source Clock Delay      (SCD):    3.508ns
    Clock Pessimism Removal (CPR):    0.000ns
  Clock Uncertainty:      0.202ns  ((TSJ^2 + DJ^2)^1/2) / 2 + PE
    Total System Jitter     (TSJ):    0.071ns
    Discrete Jitter          (DJ):    0.182ns
    Phase Error              (PE):    0.104ns
  Timing Exception:       Asynchronous Clock Groups

    Location             Delay type                Incr(ns)  Path(ns)    Netlist Resource(s)
  -------------------------------------------------------------------    -------------------
                         (clock TCK rise edge)        0.000     0.000 r  
    BSCAN_X0Y0           BSCANE2                      0.000     0.000 r  u_BSCANE2/TCK
                         net (fo=1, routed)           1.780     1.780    TCK
    BUFGCTRL_X0Y0        BUFG (Prop_bufg_I_O)         0.096     1.876 r  TCK_BUFG_inst/O
                         net (fo=507, routed)         1.632     3.508    u_jtag_mac/TCK_BUFG
    SLICE_X13Y80         FDRE                                         r  u_jtag_mac/user_rst_assert_reg/C
  -------------------------------------------------------------------    -------------------
    SLICE_X13Y80         FDRE (Prop_fdre_C_Q)         0.456     3.964 r  u_jtag_mac/user_rst_assert_reg/Q
                         net (fo=16, routed)          1.290     5.254    u_jtag_mac/user_rst_assert
    SLICE_X13Y83         LUT2 (Prop_lut2_I0_O)        0.124     5.378 r  u_jtag_mac/u_simcycle_fifo_i_1/O
                         net (fo=498, routed)         7.991    13.370    u_mwfil_chiftop/u_mwfil_chifcore/u_controller/SR[0]
    SLICE_X34Y54         FDRE                                         r  u_mwfil_chiftop/u_mwfil_chifcore/u_controller/LOCKEDSTEP_CTRL.simrem_reg[14]/R
  -------------------------------------------------------------------    -------------------

                         (clock clk_out1_clk_wiz_0 rise edge)
                                                      0.000     0.000 r  
    E3                                                0.000     0.000 r  sysclk (IN)
                         net (fo=0)                   0.000     0.000    u_clk_wiz_0/inst/clk_in1
    E3                   IBUF (Prop_ibuf_I_O)         1.411     1.411 r  u_clk_wiz_0/inst/clkin1_ibufg/O
                         net (fo=1, routed)           1.162     2.573    u_clk_wiz_0/inst/clk_in1_clk_wiz_0
    MMCME2_ADV_X1Y2      MMCME2_ADV (Prop_mmcme2_adv_CLKIN1_CLKOUT0)
                                                     -7.324    -4.751 r  u_clk_wiz_0/inst/mmcm_adv_inst/CLKOUT0
                         net (fo=1, routed)           1.639    -3.112    u_clk_wiz_0/inst/clk_out1_clk_wiz_0
    BUFGCTRL_X0Y16       BUFG (Prop_bufg_I_O)         0.091    -3.021 r  u_clk_wiz_0/inst/clkout1_buf/O
                         net (fo=852, routed)         1.519    -1.501    u_mwfil_chiftop/u_mwfil_chifcore/u_controller/clk_out1
    SLICE_X34Y54         FDRE                                         r  u_mwfil_chiftop/u_mwfil_chifcore/u_controller/LOCKEDSTEP_CTRL.simrem_reg[14]/C

Slack:                    inf
  Source:                 u_jtag_mac/user_rst_assert_reg/C
                            (rising edge-triggered cell FDRE clocked by TCK  {rise@0.000ns fall@7.576ns period=15.152ns})
  Destination:            u_mwfil_chiftop/u_mwfil_chifcore/u_controller/LOCKEDSTEP_CTRL.simrem_reg[15]/R
                            (rising edge-triggered cell FDRE clocked by clk_out1_clk_wiz_0  {rise@0.000ns fall@20.000ns period=40.000ns})
  Path Group:             (none)
  Path Type:              Setup (Max at Slow Process Corner)
  Data Path Delay:        9.862ns  (logic 0.580ns (5.881%)  route 9.282ns (94.119%))
  Logic Levels:           1  (LUT2=1)
  Clock Path Skew:        -5.009ns (DCD - SCD + CPR)
    Destination Clock Delay (DCD):    -1.501ns
    Source Clock Delay      (SCD):    3.508ns
    Clock Pessimism Removal (CPR):    0.000ns
  Clock Uncertainty:      0.202ns  ((TSJ^2 + DJ^2)^1/2) / 2 + PE
    Total System Jitter     (TSJ):    0.071ns
    Discrete Jitter          (DJ):    0.182ns
    Phase Error              (PE):    0.104ns
  Timing Exception:       Asynchronous Clock Groups

    Location             Delay type                Incr(ns)  Path(ns)    Netlist Resource(s)
  -------------------------------------------------------------------    -------------------
                         (clock TCK rise edge)        0.000     0.000 r  
    BSCAN_X0Y0           BSCANE2                      0.000     0.000 r  u_BSCANE2/TCK
                         net (fo=1, routed)           1.780     1.780    TCK
    BUFGCTRL_X0Y0        BUFG (Prop_bufg_I_O)         0.096     1.876 r  TCK_BUFG_inst/O
                         net (fo=507, routed)         1.632     3.508    u_jtag_mac/TCK_BUFG
    SLICE_X13Y80         FDRE                                         r  u_jtag_mac/user_rst_assert_reg/C
  -------------------------------------------------------------------    -------------------
    SLICE_X13Y80         FDRE (Prop_fdre_C_Q)         0.456     3.964 r  u_jtag_mac/user_rst_assert_reg/Q
                         net (fo=16, routed)          1.290     5.254    u_jtag_mac/user_rst_assert
    SLICE_X13Y83         LUT2 (Prop_lut2_I0_O)        0.124     5.378 r  u_jtag_mac/u_simcycle_fifo_i_1/O
                         net (fo=498, routed)         7.991    13.370    u_mwfil_chiftop/u_mwfil_chifcore/u_controller/SR[0]
    SLICE_X34Y54         FDRE                                         r  u_mwfil_chiftop/u_mwfil_chifcore/u_controller/LOCKEDSTEP_CTRL.simrem_reg[15]/R
  -------------------------------------------------------------------    -------------------

                         (clock clk_out1_clk_wiz_0 rise edge)
                                                      0.000     0.000 r  
    E3                                                0.000     0.000 r  sysclk (IN)
                         net (fo=0)                   0.000     0.000    u_clk_wiz_0/inst/clk_in1
    E3                   IBUF (Prop_ibuf_I_O)         1.411     1.411 r  u_clk_wiz_0/inst/clkin1_ibufg/O
                         net (fo=1, routed)           1.162     2.573    u_clk_wiz_0/inst/clk_in1_clk_wiz_0
    MMCME2_ADV_X1Y2      MMCME2_ADV (Prop_mmcme2_adv_CLKIN1_CLKOUT0)
                                                     -7.324    -4.751 r  u_clk_wiz_0/inst/mmcm_adv_inst/CLKOUT0
                         net (fo=1, routed)           1.639    -3.112    u_clk_wiz_0/inst/clk_out1_clk_wiz_0
    BUFGCTRL_X0Y16       BUFG (Prop_bufg_I_O)         0.091    -3.021 r  u_clk_wiz_0/inst/clkout1_buf/O
                         net (fo=852, routed)         1.519    -1.501    u_mwfil_chiftop/u_mwfil_chifcore/u_controller/clk_out1
    SLICE_X34Y54         FDRE                                         r  u_mwfil_chiftop/u_mwfil_chifcore/u_controller/LOCKEDSTEP_CTRL.simrem_reg[15]/C





Min Delay Paths
--------------------------------------------------------------------------------------
Slack:                    inf
  Source:                 u_jtag_mac/u_pre_chif_fifo/u_jtag_mac_fifo/U0/inst_fifo_gen/gconvfifo.rf/grf.rf/gntv_or_sync_fifo.gcx.clkx/wr_pntr_cdc_inst/src_gray_ff_reg[6]/C
                            (rising edge-triggered cell FDRE clocked by TCK  {rise@0.000ns fall@7.576ns period=15.152ns})
  Destination:            u_jtag_mac/u_pre_chif_fifo/u_jtag_mac_fifo/U0/inst_fifo_gen/gconvfifo.rf/grf.rf/gntv_or_sync_fifo.gcx.clkx/wr_pntr_cdc_inst/dest_graysync_ff_reg[0][6]/D
                            (rising edge-triggered cell FDRE clocked by clk_out1_clk_wiz_0  {rise@0.000ns fall@20.000ns period=40.000ns})
  Path Group:             (none)
  Path Type:              Hold (Min at Fast Process Corner)
  Data Path Delay:        0.289ns  (logic 0.141ns (48.737%)  route 0.148ns (51.263%))
  Logic Levels:           0  
  Clock Path Skew:        -2.092ns (DCD - SCD - CPR)
    Destination Clock Delay (DCD):    -0.815ns
    Source Clock Delay      (SCD):    1.276ns
    Clock Pessimism Removal (CPR):    -0.000ns
  Clock Uncertainty:      0.202ns  ((TSJ^2 + DJ^2)^1/2) / 2 + PE
    Total System Jitter     (TSJ):    0.071ns
    Discrete Jitter          (DJ):    0.182ns
    Phase Error              (PE):    0.104ns
  Timing Exception:       Asynchronous Clock Groups

    Location             Delay type                Incr(ns)  Path(ns)    Netlist Resource(s)
  -------------------------------------------------------------------    -------------------
                         (clock TCK rise edge)        0.000     0.000 r  
    BSCAN_X0Y0           BSCANE2                      0.000     0.000 r  u_BSCANE2/TCK
                         net (fo=1, routed)           0.663     0.663    TCK
    BUFGCTRL_X0Y0        BUFG (Prop_bufg_I_O)         0.026     0.689 r  TCK_BUFG_inst/O
                         net (fo=507, routed)         0.588     1.276    u_jtag_mac/u_pre_chif_fifo/u_jtag_mac_fifo/U0/inst_fifo_gen/gconvfifo.rf/grf.rf/gntv_or_sync_fifo.gcx.clkx/wr_pntr_cdc_inst/src_clk
    SLICE_X7Y74          FDRE                                         r  u_jtag_mac/u_pre_chif_fifo/u_jtag_mac_fifo/U0/inst_fifo_gen/gconvfifo.rf/grf.rf/gntv_or_sync_fifo.gcx.clkx/wr_pntr_cdc_inst/src_gray_ff_reg[6]/C
  -------------------------------------------------------------------    -------------------
    SLICE_X7Y74          FDRE (Prop_fdre_C_Q)         0.141     1.417 r  u_jtag_mac/u_pre_chif_fifo/u_jtag_mac_fifo/U0/inst_fifo_gen/gconvfifo.rf/grf.rf/gntv_or_sync_fifo.gcx.clkx/wr_pntr_cdc_inst/src_gray_ff_reg[6]/Q
                         net (fo=1, routed)           0.148     1.566    u_jtag_mac/u_pre_chif_fifo/u_jtag_mac_fifo/U0/inst_fifo_gen/gconvfifo.rf/grf.rf/gntv_or_sync_fifo.gcx.clkx/wr_pntr_cdc_inst/async_path[6]
    SLICE_X5Y74          FDRE                                         r  u_jtag_mac/u_pre_chif_fifo/u_jtag_mac_fifo/U0/inst_fifo_gen/gconvfifo.rf/grf.rf/gntv_or_sync_fifo.gcx.clkx/wr_pntr_cdc_inst/dest_graysync_ff_reg[0][6]/D
  -------------------------------------------------------------------    -------------------

                         (clock clk_out1_clk_wiz_0 rise edge)
                                                      0.000     0.000 r  
    E3                                                0.000     0.000 r  sysclk (IN)
                         net (fo=0)                   0.000     0.000    u_clk_wiz_0/inst/clk_in1
    E3                   IBUF (Prop_ibuf_I_O)         0.438     0.438 r  u_clk_wiz_0/inst/clkin1_ibufg/O
                         net (fo=1, routed)           0.480     0.918    u_clk_wiz_0/inst/clk_in1_clk_wiz_0
    MMCME2_ADV_X1Y2      MMCME2_ADV (Prop_mmcme2_adv_CLKIN1_CLKOUT0)
                                                     -3.163    -2.245 r  u_clk_wiz_0/inst/mmcm_adv_inst/CLKOUT0
                         net (fo=1, routed)           0.544    -1.702    u_clk_wiz_0/inst/clk_out1_clk_wiz_0
    BUFGCTRL_X0Y16       BUFG (Prop_bufg_I_O)         0.029    -1.673 r  u_clk_wiz_0/inst/clkout1_buf/O
                         net (fo=852, routed)         0.858    -0.815    u_jtag_mac/u_pre_chif_fifo/u_jtag_mac_fifo/U0/inst_fifo_gen/gconvfifo.rf/grf.rf/gntv_or_sync_fifo.gcx.clkx/wr_pntr_cdc_inst/dest_clk
    SLICE_X5Y74          FDRE                                         r  u_jtag_mac/u_pre_chif_fifo/u_jtag_mac_fifo/U0/inst_fifo_gen/gconvfifo.rf/grf.rf/gntv_or_sync_fifo.gcx.clkx/wr_pntr_cdc_inst/dest_graysync_ff_reg[0][6]/C

Slack:                    inf
  Source:                 u_jtag_mac/u_pre_chif_fifo/u_jtag_mac_fifo/U0/inst_fifo_gen/gconvfifo.rf/grf.rf/gntv_or_sync_fifo.gcx.clkx/wr_pntr_cdc_inst/src_gray_ff_reg[1]/C
                            (rising edge-triggered cell FDRE clocked by TCK  {rise@0.000ns fall@7.576ns period=15.152ns})
  Destination:            u_jtag_mac/u_pre_chif_fifo/u_jtag_mac_fifo/U0/inst_fifo_gen/gconvfifo.rf/grf.rf/gntv_or_sync_fifo.gcx.clkx/wr_pntr_cdc_inst/dest_graysync_ff_reg[0][1]/D
                            (rising edge-triggered cell FDRE clocked by clk_out1_clk_wiz_0  {rise@0.000ns fall@20.000ns period=40.000ns})
  Path Group:             (none)
  Path Type:              Hold (Min at Fast Process Corner)
  Data Path Delay:        0.286ns  (logic 0.128ns (44.759%)  route 0.158ns (55.241%))
  Logic Levels:           0  
  Clock Path Skew:        -2.088ns (DCD - SCD - CPR)
    Destination Clock Delay (DCD):    -0.807ns
    Source Clock Delay      (SCD):    1.280ns
    Clock Pessimism Removal (CPR):    -0.000ns
  Clock Uncertainty:      0.202ns  ((TSJ^2 + DJ^2)^1/2) / 2 + PE
    Total System Jitter     (TSJ):    0.071ns
    Discrete Jitter          (DJ):    0.182ns
    Phase Error              (PE):    0.104ns
  Timing Exception:       Asynchronous Clock Groups

    Location             Delay type                Incr(ns)  Path(ns)    Netlist Resource(s)
  -------------------------------------------------------------------    -------------------
                         (clock TCK rise edge)        0.000     0.000 r  
    BSCAN_X0Y0           BSCANE2                      0.000     0.000 r  u_BSCANE2/TCK
                         net (fo=1, routed)           0.663     0.663    TCK
    BUFGCTRL_X0Y0        BUFG (Prop_bufg_I_O)         0.026     0.689 r  TCK_BUFG_inst/O
                         net (fo=507, routed)         0.592     1.280    u_jtag_mac/u_pre_chif_fifo/u_jtag_mac_fifo/U0/inst_fifo_gen/gconvfifo.rf/grf.rf/gntv_or_sync_fifo.gcx.clkx/wr_pntr_cdc_inst/src_clk
    SLICE_X7Y70          FDRE                                         r  u_jtag_mac/u_pre_chif_fifo/u_jtag_mac_fifo/U0/inst_fifo_gen/gconvfifo.rf/grf.rf/gntv_or_sync_fifo.gcx.clkx/wr_pntr_cdc_inst/src_gray_ff_reg[1]/C
  -------------------------------------------------------------------    -------------------
    SLICE_X7Y70          FDRE (Prop_fdre_C_Q)         0.128     1.408 r  u_jtag_mac/u_pre_chif_fifo/u_jtag_mac_fifo/U0/inst_fifo_gen/gconvfifo.rf/grf.rf/gntv_or_sync_fifo.gcx.clkx/wr_pntr_cdc_inst/src_gray_ff_reg[1]/Q
                         net (fo=1, routed)           0.158     1.566    u_jtag_mac/u_pre_chif_fifo/u_jtag_mac_fifo/U0/inst_fifo_gen/gconvfifo.rf/grf.rf/gntv_or_sync_fifo.gcx.clkx/wr_pntr_cdc_inst/async_path[1]
    SLICE_X3Y70          FDRE                                         r  u_jtag_mac/u_pre_chif_fifo/u_jtag_mac_fifo/U0/inst_fifo_gen/gconvfifo.rf/grf.rf/gntv_or_sync_fifo.gcx.clkx/wr_pntr_cdc_inst/dest_graysync_ff_reg[0][1]/D
  -------------------------------------------------------------------    -------------------

                         (clock clk_out1_clk_wiz_0 rise edge)
                                                      0.000     0.000 r  
    E3                                                0.000     0.000 r  sysclk (IN)
                         net (fo=0)                   0.000     0.000    u_clk_wiz_0/inst/clk_in1
    E3                   IBUF (Prop_ibuf_I_O)         0.438     0.438 r  u_clk_wiz_0/inst/clkin1_ibufg/O
                         net (fo=1, routed)           0.480     0.918    u_clk_wiz_0/inst/clk_in1_clk_wiz_0
    MMCME2_ADV_X1Y2      MMCME2_ADV (Prop_mmcme2_adv_CLKIN1_CLKOUT0)
                                                     -3.163    -2.245 r  u_clk_wiz_0/inst/mmcm_adv_inst/CLKOUT0
                         net (fo=1, routed)           0.544    -1.702    u_clk_wiz_0/inst/clk_out1_clk_wiz_0
    BUFGCTRL_X0Y16       BUFG (Prop_bufg_I_O)         0.029    -1.673 r  u_clk_wiz_0/inst/clkout1_buf/O
                         net (fo=852, routed)         0.866    -0.807    u_jtag_mac/u_pre_chif_fifo/u_jtag_mac_fifo/U0/inst_fifo_gen/gconvfifo.rf/grf.rf/gntv_or_sync_fifo.gcx.clkx/wr_pntr_cdc_inst/dest_clk
    SLICE_X3Y70          FDRE                                         r  u_jtag_mac/u_pre_chif_fifo/u_jtag_mac_fifo/U0/inst_fifo_gen/gconvfifo.rf/grf.rf/gntv_or_sync_fifo.gcx.clkx/wr_pntr_cdc_inst/dest_graysync_ff_reg[0][1]/C

Slack:                    inf
  Source:                 u_jtag_mac/u_post_chif_fifo/u_jtag_mac_fifo/U0/inst_fifo_gen/gconvfifo.rf/grf.rf/gntv_or_sync_fifo.gcx.clkx/rd_pntr_cdc_inst/src_gray_ff_reg[9]/C
                            (rising edge-triggered cell FDRE clocked by TCK  {rise@0.000ns fall@7.576ns period=15.152ns})
  Destination:            u_jtag_mac/u_post_chif_fifo/u_jtag_mac_fifo/U0/inst_fifo_gen/gconvfifo.rf/grf.rf/gntv_or_sync_fifo.gcx.clkx/rd_pntr_cdc_inst/dest_graysync_ff_reg[0][9]/D
                            (rising edge-triggered cell FDRE clocked by clk_out1_clk_wiz_0  {rise@0.000ns fall@20.000ns period=40.000ns})
  Path Group:             (none)
  Path Type:              Hold (Min at Fast Process Corner)
  Data Path Delay:        0.299ns  (logic 0.128ns (42.833%)  route 0.171ns (57.167%))
  Logic Levels:           0  
  Clock Path Skew:        -2.088ns (DCD - SCD - CPR)
    Destination Clock Delay (DCD):    -0.804ns
    Source Clock Delay      (SCD):    1.283ns
    Clock Pessimism Removal (CPR):    -0.000ns
  Clock Uncertainty:      0.202ns  ((TSJ^2 + DJ^2)^1/2) / 2 + PE
    Total System Jitter     (TSJ):    0.071ns
    Discrete Jitter          (DJ):    0.182ns
    Phase Error              (PE):    0.104ns
  Timing Exception:       Asynchronous Clock Groups

    Location             Delay type                Incr(ns)  Path(ns)    Netlist Resource(s)
  -------------------------------------------------------------------    -------------------
                         (clock TCK rise edge)        0.000     0.000 r  
    BSCAN_X0Y0           BSCANE2                      0.000     0.000 r  u_BSCANE2/TCK
                         net (fo=1, routed)           0.663     0.663    TCK
    BUFGCTRL_X0Y0        BUFG (Prop_bufg_I_O)         0.026     0.689 r  TCK_BUFG_inst/O
                         net (fo=507, routed)         0.595     1.283    u_jtag_mac/u_post_chif_fifo/u_jtag_mac_fifo/U0/inst_fifo_gen/gconvfifo.rf/grf.rf/gntv_or_sync_fifo.gcx.clkx/rd_pntr_cdc_inst/src_clk
    SLICE_X5Y82          FDRE                                         r  u_jtag_mac/u_post_chif_fifo/u_jtag_mac_fifo/U0/inst_fifo_gen/gconvfifo.rf/grf.rf/gntv_or_sync_fifo.gcx.clkx/rd_pntr_cdc_inst/src_gray_ff_reg[9]/C
  -------------------------------------------------------------------    -------------------
    SLICE_X5Y82          FDRE (Prop_fdre_C_Q)         0.128     1.411 r  u_jtag_mac/u_post_chif_fifo/u_jtag_mac_fifo/U0/inst_fifo_gen/gconvfifo.rf/grf.rf/gntv_or_sync_fifo.gcx.clkx/rd_pntr_cdc_inst/src_gray_ff_reg[9]/Q
                         net (fo=1, routed)           0.171     1.582    u_jtag_mac/u_post_chif_fifo/u_jtag_mac_fifo/U0/inst_fifo_gen/gconvfifo.rf/grf.rf/gntv_or_sync_fifo.gcx.clkx/rd_pntr_cdc_inst/async_path[9]
    SLICE_X2Y82          FDRE                                         r  u_jtag_mac/u_post_chif_fifo/u_jtag_mac_fifo/U0/inst_fifo_gen/gconvfifo.rf/grf.rf/gntv_or_sync_fifo.gcx.clkx/rd_pntr_cdc_inst/dest_graysync_ff_reg[0][9]/D
  -------------------------------------------------------------------    -------------------

                         (clock clk_out1_clk_wiz_0 rise edge)
                                                      0.000     0.000 r  
    E3                                                0.000     0.000 r  sysclk (IN)
                         net (fo=0)                   0.000     0.000    u_clk_wiz_0/inst/clk_in1
    E3                   IBUF (Prop_ibuf_I_O)         0.438     0.438 r  u_clk_wiz_0/inst/clkin1_ibufg/O
                         net (fo=1, routed)           0.480     0.918    u_clk_wiz_0/inst/clk_in1_clk_wiz_0
    MMCME2_ADV_X1Y2      MMCME2_ADV (Prop_mmcme2_adv_CLKIN1_CLKOUT0)
                                                     -3.163    -2.245 r  u_clk_wiz_0/inst/mmcm_adv_inst/CLKOUT0
                         net (fo=1, routed)           0.544    -1.702    u_clk_wiz_0/inst/clk_out1_clk_wiz_0
    BUFGCTRL_X0Y16       BUFG (Prop_bufg_I_O)         0.029    -1.673 r  u_clk_wiz_0/inst/clkout1_buf/O
                         net (fo=852, routed)         0.869    -0.804    u_jtag_mac/u_post_chif_fifo/u_jtag_mac_fifo/U0/inst_fifo_gen/gconvfifo.rf/grf.rf/gntv_or_sync_fifo.gcx.clkx/rd_pntr_cdc_inst/dest_clk
    SLICE_X2Y82          FDRE                                         r  u_jtag_mac/u_post_chif_fifo/u_jtag_mac_fifo/U0/inst_fifo_gen/gconvfifo.rf/grf.rf/gntv_or_sync_fifo.gcx.clkx/rd_pntr_cdc_inst/dest_graysync_ff_reg[0][9]/C

Slack:                    inf
  Source:                 u_jtag_mac/u_pre_chif_fifo/u_jtag_mac_fifo/U0/inst_fifo_gen/gconvfifo.rf/grf.rf/gntv_or_sync_fifo.gcx.clkx/wr_pntr_cdc_inst/src_gray_ff_reg[9]/C
                            (rising edge-triggered cell FDRE clocked by TCK  {rise@0.000ns fall@7.576ns period=15.152ns})
  Destination:            u_jtag_mac/u_pre_chif_fifo/u_jtag_mac_fifo/U0/inst_fifo_gen/gconvfifo.rf/grf.rf/gntv_or_sync_fifo.gcx.clkx/wr_pntr_cdc_inst/dest_graysync_ff_reg[0][9]/D
                            (rising edge-triggered cell FDRE clocked by clk_out1_clk_wiz_0  {rise@0.000ns fall@20.000ns period=40.000ns})
  Path Group:             (none)
  Path Type:              Hold (Min at Fast Process Corner)
  Data Path Delay:        0.349ns  (logic 0.148ns (42.414%)  route 0.201ns (57.586%))
  Logic Levels:           0  
  Clock Path Skew:        -2.064ns (DCD - SCD - CPR)
    Destination Clock Delay (DCD):    -0.815ns
    Source Clock Delay      (SCD):    1.248ns
    Clock Pessimism Removal (CPR):    -0.000ns
  Clock Uncertainty:      0.202ns  ((TSJ^2 + DJ^2)^1/2) / 2 + PE
    Total System Jitter     (TSJ):    0.071ns
    Discrete Jitter          (DJ):    0.182ns
    Phase Error              (PE):    0.104ns
  Timing Exception:       Asynchronous Clock Groups

    Location             Delay type                Incr(ns)  Path(ns)    Netlist Resource(s)
  -------------------------------------------------------------------    -------------------
                         (clock TCK rise edge)        0.000     0.000 r  
    BSCAN_X0Y0           BSCANE2                      0.000     0.000 r  u_BSCANE2/TCK
                         net (fo=1, routed)           0.663     0.663    TCK
    BUFGCTRL_X0Y0        BUFG (Prop_bufg_I_O)         0.026     0.689 r  TCK_BUFG_inst/O
                         net (fo=507, routed)         0.560     1.248    u_jtag_mac/u_pre_chif_fifo/u_jtag_mac_fifo/U0/inst_fifo_gen/gconvfifo.rf/grf.rf/gntv_or_sync_fifo.gcx.clkx/wr_pntr_cdc_inst/src_clk
    SLICE_X8Y74          FDRE                                         r  u_jtag_mac/u_pre_chif_fifo/u_jtag_mac_fifo/U0/inst_fifo_gen/gconvfifo.rf/grf.rf/gntv_or_sync_fifo.gcx.clkx/wr_pntr_cdc_inst/src_gray_ff_reg[9]/C
  -------------------------------------------------------------------    -------------------
    SLICE_X8Y74          FDRE (Prop_fdre_C_Q)         0.148     1.396 r  u_jtag_mac/u_pre_chif_fifo/u_jtag_mac_fifo/U0/inst_fifo_gen/gconvfifo.rf/grf.rf/gntv_or_sync_fifo.gcx.clkx/wr_pntr_cdc_inst/src_gray_ff_reg[9]/Q
                         net (fo=1, routed)           0.201     1.597    u_jtag_mac/u_pre_chif_fifo/u_jtag_mac_fifo/U0/inst_fifo_gen/gconvfifo.rf/grf.rf/gntv_or_sync_fifo.gcx.clkx/wr_pntr_cdc_inst/async_path[9]
    SLICE_X6Y74          FDRE                                         r  u_jtag_mac/u_pre_chif_fifo/u_jtag_mac_fifo/U0/inst_fifo_gen/gconvfifo.rf/grf.rf/gntv_or_sync_fifo.gcx.clkx/wr_pntr_cdc_inst/dest_graysync_ff_reg[0][9]/D
  -------------------------------------------------------------------    -------------------

                         (clock clk_out1_clk_wiz_0 rise edge)
                                                      0.000     0.000 r  
    E3                                                0.000     0.000 r  sysclk (IN)
                         net (fo=0)                   0.000     0.000    u_clk_wiz_0/inst/clk_in1
    E3                   IBUF (Prop_ibuf_I_O)         0.438     0.438 r  u_clk_wiz_0/inst/clkin1_ibufg/O
                         net (fo=1, routed)           0.480     0.918    u_clk_wiz_0/inst/clk_in1_clk_wiz_0
    MMCME2_ADV_X1Y2      MMCME2_ADV (Prop_mmcme2_adv_CLKIN1_CLKOUT0)
                                                     -3.163    -2.245 r  u_clk_wiz_0/inst/mmcm_adv_inst/CLKOUT0
                         net (fo=1, routed)           0.544    -1.702    u_clk_wiz_0/inst/clk_out1_clk_wiz_0
    BUFGCTRL_X0Y16       BUFG (Prop_bufg_I_O)         0.029    -1.673 r  u_clk_wiz_0/inst/clkout1_buf/O
                         net (fo=852, routed)         0.858    -0.815    u_jtag_mac/u_pre_chif_fifo/u_jtag_mac_fifo/U0/inst_fifo_gen/gconvfifo.rf/grf.rf/gntv_or_sync_fifo.gcx.clkx/wr_pntr_cdc_inst/dest_clk
    SLICE_X6Y74          FDRE                                         r  u_jtag_mac/u_pre_chif_fifo/u_jtag_mac_fifo/U0/inst_fifo_gen/gconvfifo.rf/grf.rf/gntv_or_sync_fifo.gcx.clkx/wr_pntr_cdc_inst/dest_graysync_ff_reg[0][9]/C

Slack:                    inf
  Source:                 u_jtag_mac/u_post_chif_fifo/u_jtag_mac_fifo/U0/inst_fifo_gen/gconvfifo.rf/grf.rf/gntv_or_sync_fifo.gcx.clkx/rd_pntr_cdc_inst/src_gray_ff_reg[10]/C
                            (rising edge-triggered cell FDRE clocked by TCK  {rise@0.000ns fall@7.576ns period=15.152ns})
  Destination:            u_jtag_mac/u_post_chif_fifo/u_jtag_mac_fifo/U0/inst_fifo_gen/gconvfifo.rf/grf.rf/gntv_or_sync_fifo.gcx.clkx/rd_pntr_cdc_inst/dest_graysync_ff_reg[0][10]/D
                            (rising edge-triggered cell FDRE clocked by clk_out1_clk_wiz_0  {rise@0.000ns fall@20.000ns period=40.000ns})
  Path Group:             (none)
  Path Type:              Hold (Min at Fast Process Corner)
  Data Path Delay:        0.317ns  (logic 0.141ns (44.466%)  route 0.176ns (55.534%))
  Logic Levels:           0  
  Clock Path Skew:        -2.089ns (DCD - SCD - CPR)
    Destination Clock Delay (DCD):    -0.805ns
    Source Clock Delay      (SCD):    1.283ns
    Clock Pessimism Removal (CPR):    -0.000ns
  Clock Uncertainty:      0.202ns  ((TSJ^2 + DJ^2)^1/2) / 2 + PE
    Total System Jitter     (TSJ):    0.071ns
    Discrete Jitter          (DJ):    0.182ns
    Phase Error              (PE):    0.104ns
  Timing Exception:       Asynchronous Clock Groups

    Location             Delay type                Incr(ns)  Path(ns)    Netlist Resource(s)
  -------------------------------------------------------------------    -------------------
                         (clock TCK rise edge)        0.000     0.000 r  
    BSCAN_X0Y0           BSCANE2                      0.000     0.000 r  u_BSCANE2/TCK
                         net (fo=1, routed)           0.663     0.663    TCK
    BUFGCTRL_X0Y0        BUFG (Prop_bufg_I_O)         0.026     0.689 r  TCK_BUFG_inst/O
                         net (fo=507, routed)         0.595     1.283    u_jtag_mac/u_post_chif_fifo/u_jtag_mac_fifo/U0/inst_fifo_gen/gconvfifo.rf/grf.rf/gntv_or_sync_fifo.gcx.clkx/rd_pntr_cdc_inst/src_clk
    SLICE_X4Y82          FDRE                                         r  u_jtag_mac/u_post_chif_fifo/u_jtag_mac_fifo/U0/inst_fifo_gen/gconvfifo.rf/grf.rf/gntv_or_sync_fifo.gcx.clkx/rd_pntr_cdc_inst/src_gray_ff_reg[10]/C
  -------------------------------------------------------------------    -------------------
    SLICE_X4Y82          FDRE (Prop_fdre_C_Q)         0.141     1.424 r  u_jtag_mac/u_post_chif_fifo/u_jtag_mac_fifo/U0/inst_fifo_gen/gconvfifo.rf/grf.rf/gntv_or_sync_fifo.gcx.clkx/rd_pntr_cdc_inst/src_gray_ff_reg[10]/Q
                         net (fo=1, routed)           0.176     1.601    u_jtag_mac/u_post_chif_fifo/u_jtag_mac_fifo/U0/inst_fifo_gen/gconvfifo.rf/grf.rf/gntv_or_sync_fifo.gcx.clkx/rd_pntr_cdc_inst/async_path[10]
    SLICE_X2Y81          FDRE                                         r  u_jtag_mac/u_post_chif_fifo/u_jtag_mac_fifo/U0/inst_fifo_gen/gconvfifo.rf/grf.rf/gntv_or_sync_fifo.gcx.clkx/rd_pntr_cdc_inst/dest_graysync_ff_reg[0][10]/D
  -------------------------------------------------------------------    -------------------

                         (clock clk_out1_clk_wiz_0 rise edge)
                                                      0.000     0.000 r  
    E3                                                0.000     0.000 r  sysclk (IN)
                         net (fo=0)                   0.000     0.000    u_clk_wiz_0/inst/clk_in1
    E3                   IBUF (Prop_ibuf_I_O)         0.438     0.438 r  u_clk_wiz_0/inst/clkin1_ibufg/O
                         net (fo=1, routed)           0.480     0.918    u_clk_wiz_0/inst/clk_in1_clk_wiz_0
    MMCME2_ADV_X1Y2      MMCME2_ADV (Prop_mmcme2_adv_CLKIN1_CLKOUT0)
                                                     -3.163    -2.245 r  u_clk_wiz_0/inst/mmcm_adv_inst/CLKOUT0
                         net (fo=1, routed)           0.544    -1.702    u_clk_wiz_0/inst/clk_out1_clk_wiz_0
    BUFGCTRL_X0Y16       BUFG (Prop_bufg_I_O)         0.029    -1.673 r  u_clk_wiz_0/inst/clkout1_buf/O
                         net (fo=852, routed)         0.868    -0.805    u_jtag_mac/u_post_chif_fifo/u_jtag_mac_fifo/U0/inst_fifo_gen/gconvfifo.rf/grf.rf/gntv_or_sync_fifo.gcx.clkx/rd_pntr_cdc_inst/dest_clk
    SLICE_X2Y81          FDRE                                         r  u_jtag_mac/u_post_chif_fifo/u_jtag_mac_fifo/U0/inst_fifo_gen/gconvfifo.rf/grf.rf/gntv_or_sync_fifo.gcx.clkx/rd_pntr_cdc_inst/dest_graysync_ff_reg[0][10]/C

Slack:                    inf
  Source:                 u_jtag_mac/u_simcycle_fifo/u_simcycle_fifo/U0/inst_fifo_gen/gconvfifo.rf/grf.rf/gntv_or_sync_fifo.gcx.clkx/wr_pntr_cdc_inst/src_gray_ff_reg[0]/C
                            (rising edge-triggered cell FDRE clocked by TCK  {rise@0.000ns fall@7.576ns period=15.152ns})
  Destination:            u_jtag_mac/u_simcycle_fifo/u_simcycle_fifo/U0/inst_fifo_gen/gconvfifo.rf/grf.rf/gntv_or_sync_fifo.gcx.clkx/wr_pntr_cdc_inst/dest_graysync_ff_reg[0][0]/D
                            (rising edge-triggered cell FDRE clocked by clk_out1_clk_wiz_0  {rise@0.000ns fall@20.000ns period=40.000ns})
  Path Group:             (none)
  Path Type:              Hold (Min at Fast Process Corner)
  Data Path Delay:        0.341ns  (logic 0.164ns (48.144%)  route 0.177ns (51.856%))
  Logic Levels:           0  
  Clock Path Skew:        -2.089ns (DCD - SCD - CPR)
    Destination Clock Delay (DCD):    -0.827ns
    Source Clock Delay      (SCD):    1.261ns
    Clock Pessimism Removal (CPR):    -0.000ns
  Clock Uncertainty:      0.202ns  ((TSJ^2 + DJ^2)^1/2) / 2 + PE
    Total System Jitter     (TSJ):    0.071ns
    Discrete Jitter          (DJ):    0.182ns
    Phase Error              (PE):    0.104ns
  Timing Exception:       Asynchronous Clock Groups

    Location             Delay type                Incr(ns)  Path(ns)    Netlist Resource(s)
  -------------------------------------------------------------------    -------------------
                         (clock TCK rise edge)        0.000     0.000 r  
    BSCAN_X0Y0           BSCANE2                      0.000     0.000 r  u_BSCANE2/TCK
                         net (fo=1, routed)           0.663     0.663    TCK
    BUFGCTRL_X0Y0        BUFG (Prop_bufg_I_O)         0.026     0.689 r  TCK_BUFG_inst/O
                         net (fo=507, routed)         0.573     1.261    u_jtag_mac/u_simcycle_fifo/u_simcycle_fifo/U0/inst_fifo_gen/gconvfifo.rf/grf.rf/gntv_or_sync_fifo.gcx.clkx/wr_pntr_cdc_inst/src_clk
    SLICE_X14Y56         FDRE                                         r  u_jtag_mac/u_simcycle_fifo/u_simcycle_fifo/U0/inst_fifo_gen/gconvfifo.rf/grf.rf/gntv_or_sync_fifo.gcx.clkx/wr_pntr_cdc_inst/src_gray_ff_reg[0]/C
  -------------------------------------------------------------------    -------------------
    SLICE_X14Y56         FDRE (Prop_fdre_C_Q)         0.164     1.425 r  u_jtag_mac/u_simcycle_fifo/u_simcycle_fifo/U0/inst_fifo_gen/gconvfifo.rf/grf.rf/gntv_or_sync_fifo.gcx.clkx/wr_pntr_cdc_inst/src_gray_ff_reg[0]/Q
                         net (fo=1, routed)           0.177     1.602    u_jtag_mac/u_simcycle_fifo/u_simcycle_fifo/U0/inst_fifo_gen/gconvfifo.rf/grf.rf/gntv_or_sync_fifo.gcx.clkx/wr_pntr_cdc_inst/async_path[0]
    SLICE_X14Y55         FDRE                                         r  u_jtag_mac/u_simcycle_fifo/u_simcycle_fifo/U0/inst_fifo_gen/gconvfifo.rf/grf.rf/gntv_or_sync_fifo.gcx.clkx/wr_pntr_cdc_inst/dest_graysync_ff_reg[0][0]/D
  -------------------------------------------------------------------    -------------------

                         (clock clk_out1_clk_wiz_0 rise edge)
                                                      0.000     0.000 r  
    E3                                                0.000     0.000 r  sysclk (IN)
                         net (fo=0)                   0.000     0.000    u_clk_wiz_0/inst/clk_in1
    E3                   IBUF (Prop_ibuf_I_O)         0.438     0.438 r  u_clk_wiz_0/inst/clkin1_ibufg/O
                         net (fo=1, routed)           0.480     0.918    u_clk_wiz_0/inst/clk_in1_clk_wiz_0
    MMCME2_ADV_X1Y2      MMCME2_ADV (Prop_mmcme2_adv_CLKIN1_CLKOUT0)
                                                     -3.163    -2.245 r  u_clk_wiz_0/inst/mmcm_adv_inst/CLKOUT0
                         net (fo=1, routed)           0.544    -1.702    u_clk_wiz_0/inst/clk_out1_clk_wiz_0
    BUFGCTRL_X0Y16       BUFG (Prop_bufg_I_O)         0.029    -1.673 r  u_clk_wiz_0/inst/clkout1_buf/O
                         net (fo=852, routed)         0.846    -0.827    u_jtag_mac/u_simcycle_fifo/u_simcycle_fifo/U0/inst_fifo_gen/gconvfifo.rf/grf.rf/gntv_or_sync_fifo.gcx.clkx/wr_pntr_cdc_inst/dest_clk
    SLICE_X14Y55         FDRE                                         r  u_jtag_mac/u_simcycle_fifo/u_simcycle_fifo/U0/inst_fifo_gen/gconvfifo.rf/grf.rf/gntv_or_sync_fifo.gcx.clkx/wr_pntr_cdc_inst/dest_graysync_ff_reg[0][0]/C

Slack:                    inf
  Source:                 u_jtag_mac/u_post_chif_fifo/u_jtag_mac_fifo/U0/inst_fifo_gen/gconvfifo.rf/grf.rf/gntv_or_sync_fifo.gcx.clkx/rd_pntr_cdc_inst/src_gray_ff_reg[4]/C
                            (rising edge-triggered cell FDRE clocked by TCK  {rise@0.000ns fall@7.576ns period=15.152ns})
  Destination:            u_jtag_mac/u_post_chif_fifo/u_jtag_mac_fifo/U0/inst_fifo_gen/gconvfifo.rf/grf.rf/gntv_or_sync_fifo.gcx.clkx/rd_pntr_cdc_inst/dest_graysync_ff_reg[0][4]/D
                            (rising edge-triggered cell FDRE clocked by clk_out1_clk_wiz_0  {rise@0.000ns fall@20.000ns period=40.000ns})
  Path Group:             (none)
  Path Type:              Hold (Min at Fast Process Corner)
  Data Path Delay:        0.322ns  (logic 0.164ns (50.981%)  route 0.158ns (49.019%))
  Logic Levels:           0  
  Clock Path Skew:        -2.091ns (DCD - SCD - CPR)
    Destination Clock Delay (DCD):    -0.810ns
    Source Clock Delay      (SCD):    1.280ns
    Clock Pessimism Removal (CPR):    -0.000ns
  Clock Uncertainty:      0.202ns  ((TSJ^2 + DJ^2)^1/2) / 2 + PE
    Total System Jitter     (TSJ):    0.071ns
    Discrete Jitter          (DJ):    0.182ns
    Phase Error              (PE):    0.104ns
  Timing Exception:       Asynchronous Clock Groups

    Location             Delay type                Incr(ns)  Path(ns)    Netlist Resource(s)
  -------------------------------------------------------------------    -------------------
                         (clock TCK rise edge)        0.000     0.000 r  
    BSCAN_X0Y0           BSCANE2                      0.000     0.000 r  u_BSCANE2/TCK
                         net (fo=1, routed)           0.663     0.663    TCK
    BUFGCTRL_X0Y0        BUFG (Prop_bufg_I_O)         0.026     0.689 r  TCK_BUFG_inst/O
                         net (fo=507, routed)         0.592     1.280    u_jtag_mac/u_post_chif_fifo/u_jtag_mac_fifo/U0/inst_fifo_gen/gconvfifo.rf/grf.rf/gntv_or_sync_fifo.gcx.clkx/rd_pntr_cdc_inst/src_clk
    SLICE_X6Y79          FDRE                                         r  u_jtag_mac/u_post_chif_fifo/u_jtag_mac_fifo/U0/inst_fifo_gen/gconvfifo.rf/grf.rf/gntv_or_sync_fifo.gcx.clkx/rd_pntr_cdc_inst/src_gray_ff_reg[4]/C
  -------------------------------------------------------------------    -------------------
    SLICE_X6Y79          FDRE (Prop_fdre_C_Q)         0.164     1.444 r  u_jtag_mac/u_post_chif_fifo/u_jtag_mac_fifo/U0/inst_fifo_gen/gconvfifo.rf/grf.rf/gntv_or_sync_fifo.gcx.clkx/rd_pntr_cdc_inst/src_gray_ff_reg[4]/Q
                         net (fo=1, routed)           0.158     1.602    u_jtag_mac/u_post_chif_fifo/u_jtag_mac_fifo/U0/inst_fifo_gen/gconvfifo.rf/grf.rf/gntv_or_sync_fifo.gcx.clkx/rd_pntr_cdc_inst/async_path[4]
    SLICE_X4Y79          FDRE                                         r  u_jtag_mac/u_post_chif_fifo/u_jtag_mac_fifo/U0/inst_fifo_gen/gconvfifo.rf/grf.rf/gntv_or_sync_fifo.gcx.clkx/rd_pntr_cdc_inst/dest_graysync_ff_reg[0][4]/D
  -------------------------------------------------------------------    -------------------

                         (clock clk_out1_clk_wiz_0 rise edge)
                                                      0.000     0.000 r  
    E3                                                0.000     0.000 r  sysclk (IN)
                         net (fo=0)                   0.000     0.000    u_clk_wiz_0/inst/clk_in1
    E3                   IBUF (Prop_ibuf_I_O)         0.438     0.438 r  u_clk_wiz_0/inst/clkin1_ibufg/O
                         net (fo=1, routed)           0.480     0.918    u_clk_wiz_0/inst/clk_in1_clk_wiz_0
    MMCME2_ADV_X1Y2      MMCME2_ADV (Prop_mmcme2_adv_CLKIN1_CLKOUT0)
                                                     -3.163    -2.245 r  u_clk_wiz_0/inst/mmcm_adv_inst/CLKOUT0
                         net (fo=1, routed)           0.544    -1.702    u_clk_wiz_0/inst/clk_out1_clk_wiz_0
    BUFGCTRL_X0Y16       BUFG (Prop_bufg_I_O)         0.029    -1.673 r  u_clk_wiz_0/inst/clkout1_buf/O
                         net (fo=852, routed)         0.863    -0.810    u_jtag_mac/u_post_chif_fifo/u_jtag_mac_fifo/U0/inst_fifo_gen/gconvfifo.rf/grf.rf/gntv_or_sync_fifo.gcx.clkx/rd_pntr_cdc_inst/dest_clk
    SLICE_X4Y79          FDRE                                         r  u_jtag_mac/u_post_chif_fifo/u_jtag_mac_fifo/U0/inst_fifo_gen/gconvfifo.rf/grf.rf/gntv_or_sync_fifo.gcx.clkx/rd_pntr_cdc_inst/dest_graysync_ff_reg[0][4]/C

Slack:                    inf
  Source:                 u_jtag_mac/u_simcycle_fifo/u_simcycle_fifo/U0/inst_fifo_gen/gconvfifo.rf/grf.rf/gntv_or_sync_fifo.gcx.clkx/wr_pntr_cdc_inst/src_gray_ff_reg[1]/C
                            (rising edge-triggered cell FDRE clocked by TCK  {rise@0.000ns fall@7.576ns period=15.152ns})
  Destination:            u_jtag_mac/u_simcycle_fifo/u_simcycle_fifo/U0/inst_fifo_gen/gconvfifo.rf/grf.rf/gntv_or_sync_fifo.gcx.clkx/wr_pntr_cdc_inst/dest_graysync_ff_reg[0][1]/D
                            (rising edge-triggered cell FDRE clocked by clk_out1_clk_wiz_0  {rise@0.000ns fall@20.000ns period=40.000ns})
  Path Group:             (none)
  Path Type:              Hold (Min at Fast Process Corner)
  Data Path Delay:        0.349ns  (logic 0.148ns (42.420%)  route 0.201ns (57.580%))
  Logic Levels:           0  
  Clock Path Skew:        -2.090ns (DCD - SCD - CPR)
    Destination Clock Delay (DCD):    -0.828ns
    Source Clock Delay      (SCD):    1.261ns
    Clock Pessimism Removal (CPR):    -0.000ns
  Clock Uncertainty:      0.202ns  ((TSJ^2 + DJ^2)^1/2) / 2 + PE
    Total System Jitter     (TSJ):    0.071ns
    Discrete Jitter          (DJ):    0.182ns
    Phase Error              (PE):    0.104ns
  Timing Exception:       Asynchronous Clock Groups

    Location             Delay type                Incr(ns)  Path(ns)    Netlist Resource(s)
  -------------------------------------------------------------------    -------------------
                         (clock TCK rise edge)        0.000     0.000 r  
    BSCAN_X0Y0           BSCANE2                      0.000     0.000 r  u_BSCANE2/TCK
                         net (fo=1, routed)           0.663     0.663    TCK
    BUFGCTRL_X0Y0        BUFG (Prop_bufg_I_O)         0.026     0.689 r  TCK_BUFG_inst/O
                         net (fo=507, routed)         0.573     1.261    u_jtag_mac/u_simcycle_fifo/u_simcycle_fifo/U0/inst_fifo_gen/gconvfifo.rf/grf.rf/gntv_or_sync_fifo.gcx.clkx/wr_pntr_cdc_inst/src_clk
    SLICE_X14Y56         FDRE                                         r  u_jtag_mac/u_simcycle_fifo/u_simcycle_fifo/U0/inst_fifo_gen/gconvfifo.rf/grf.rf/gntv_or_sync_fifo.gcx.clkx/wr_pntr_cdc_inst/src_gray_ff_reg[1]/C
  -------------------------------------------------------------------    -------------------
    SLICE_X14Y56         FDRE (Prop_fdre_C_Q)         0.148     1.409 r  u_jtag_mac/u_simcycle_fifo/u_simcycle_fifo/U0/inst_fifo_gen/gconvfifo.rf/grf.rf/gntv_or_sync_fifo.gcx.clkx/wr_pntr_cdc_inst/src_gray_ff_reg[1]/Q
                         net (fo=1, routed)           0.201     1.610    u_jtag_mac/u_simcycle_fifo/u_simcycle_fifo/U0/inst_fifo_gen/gconvfifo.rf/grf.rf/gntv_or_sync_fifo.gcx.clkx/wr_pntr_cdc_inst/async_path[1]
    SLICE_X14Y57         FDRE                                         r  u_jtag_mac/u_simcycle_fifo/u_simcycle_fifo/U0/inst_fifo_gen/gconvfifo.rf/grf.rf/gntv_or_sync_fifo.gcx.clkx/wr_pntr_cdc_inst/dest_graysync_ff_reg[0][1]/D
  -------------------------------------------------------------------    -------------------

                         (clock clk_out1_clk_wiz_0 rise edge)
                                                      0.000     0.000 r  
    E3                                                0.000     0.000 r  sysclk (IN)
                         net (fo=0)                   0.000     0.000    u_clk_wiz_0/inst/clk_in1
    E3                   IBUF (Prop_ibuf_I_O)         0.438     0.438 r  u_clk_wiz_0/inst/clkin1_ibufg/O
                         net (fo=1, routed)           0.480     0.918    u_clk_wiz_0/inst/clk_in1_clk_wiz_0
    MMCME2_ADV_X1Y2      MMCME2_ADV (Prop_mmcme2_adv_CLKIN1_CLKOUT0)
                                                     -3.163    -2.245 r  u_clk_wiz_0/inst/mmcm_adv_inst/CLKOUT0
                         net (fo=1, routed)           0.544    -1.702    u_clk_wiz_0/inst/clk_out1_clk_wiz_0
    BUFGCTRL_X0Y16       BUFG (Prop_bufg_I_O)         0.029    -1.673 r  u_clk_wiz_0/inst/clkout1_buf/O
                         net (fo=852, routed)         0.845    -0.828    u_jtag_mac/u_simcycle_fifo/u_simcycle_fifo/U0/inst_fifo_gen/gconvfifo.rf/grf.rf/gntv_or_sync_fifo.gcx.clkx/wr_pntr_cdc_inst/dest_clk
    SLICE_X14Y57         FDRE                                         r  u_jtag_mac/u_simcycle_fifo/u_simcycle_fifo/U0/inst_fifo_gen/gconvfifo.rf/grf.rf/gntv_or_sync_fifo.gcx.clkx/wr_pntr_cdc_inst/dest_graysync_ff_reg[0][1]/C

Slack:                    inf
  Source:                 u_jtag_mac/u_pre_chif_fifo/u_jtag_mac_fifo/U0/inst_fifo_gen/gconvfifo.rf/grf.rf/gntv_or_sync_fifo.gcx.clkx/wr_pntr_cdc_inst/src_gray_ff_reg[11]/C
                            (rising edge-triggered cell FDRE clocked by TCK  {rise@0.000ns fall@7.576ns period=15.152ns})
  Destination:            u_jtag_mac/u_pre_chif_fifo/u_jtag_mac_fifo/U0/inst_fifo_gen/gconvfifo.rf/grf.rf/gntv_or_sync_fifo.gcx.clkx/wr_pntr_cdc_inst/dest_graysync_ff_reg[0][11]/D
                            (rising edge-triggered cell FDRE clocked by clk_out1_clk_wiz_0  {rise@0.000ns fall@20.000ns period=40.000ns})
  Path Group:             (none)
  Path Type:              Hold (Min at Fast Process Corner)
  Data Path Delay:        0.337ns  (logic 0.164ns (48.647%)  route 0.173ns (51.353%))
  Logic Levels:           0  
  Clock Path Skew:        -2.092ns (DCD - SCD - CPR)
    Destination Clock Delay (DCD):    -0.815ns
    Source Clock Delay      (SCD):    1.276ns
    Clock Pessimism Removal (CPR):    -0.000ns
  Clock Uncertainty:      0.202ns  ((TSJ^2 + DJ^2)^1/2) / 2 + PE
    Total System Jitter     (TSJ):    0.071ns
    Discrete Jitter          (DJ):    0.182ns
    Phase Error              (PE):    0.104ns
  Timing Exception:       Asynchronous Clock Groups

    Location             Delay type                Incr(ns)  Path(ns)    Netlist Resource(s)
  -------------------------------------------------------------------    -------------------
                         (clock TCK rise edge)        0.000     0.000 r  
    BSCAN_X0Y0           BSCANE2                      0.000     0.000 r  u_BSCANE2/TCK
                         net (fo=1, routed)           0.663     0.663    TCK
    BUFGCTRL_X0Y0        BUFG (Prop_bufg_I_O)         0.026     0.689 r  TCK_BUFG_inst/O
                         net (fo=507, routed)         0.588     1.276    u_jtag_mac/u_pre_chif_fifo/u_jtag_mac_fifo/U0/inst_fifo_gen/gconvfifo.rf/grf.rf/gntv_or_sync_fifo.gcx.clkx/wr_pntr_cdc_inst/src_clk
    SLICE_X6Y75          FDRE                                         r  u_jtag_mac/u_pre_chif_fifo/u_jtag_mac_fifo/U0/inst_fifo_gen/gconvfifo.rf/grf.rf/gntv_or_sync_fifo.gcx.clkx/wr_pntr_cdc_inst/src_gray_ff_reg[11]/C
  -------------------------------------------------------------------    -------------------
    SLICE_X6Y75          FDRE (Prop_fdre_C_Q)         0.164     1.440 r  u_jtag_mac/u_pre_chif_fifo/u_jtag_mac_fifo/U0/inst_fifo_gen/gconvfifo.rf/grf.rf/gntv_or_sync_fifo.gcx.clkx/wr_pntr_cdc_inst/src_gray_ff_reg[11]/Q
                         net (fo=1, routed)           0.173     1.614    u_jtag_mac/u_pre_chif_fifo/u_jtag_mac_fifo/U0/inst_fifo_gen/gconvfifo.rf/grf.rf/gntv_or_sync_fifo.gcx.clkx/wr_pntr_cdc_inst/async_path[11]
    SLICE_X6Y74          FDRE                                         r  u_jtag_mac/u_pre_chif_fifo/u_jtag_mac_fifo/U0/inst_fifo_gen/gconvfifo.rf/grf.rf/gntv_or_sync_fifo.gcx.clkx/wr_pntr_cdc_inst/dest_graysync_ff_reg[0][11]/D
  -------------------------------------------------------------------    -------------------

                         (clock clk_out1_clk_wiz_0 rise edge)
                                                      0.000     0.000 r  
    E3                                                0.000     0.000 r  sysclk (IN)
                         net (fo=0)                   0.000     0.000    u_clk_wiz_0/inst/clk_in1
    E3                   IBUF (Prop_ibuf_I_O)         0.438     0.438 r  u_clk_wiz_0/inst/clkin1_ibufg/O
                         net (fo=1, routed)           0.480     0.918    u_clk_wiz_0/inst/clk_in1_clk_wiz_0
    MMCME2_ADV_X1Y2      MMCME2_ADV (Prop_mmcme2_adv_CLKIN1_CLKOUT0)
                                                     -3.163    -2.245 r  u_clk_wiz_0/inst/mmcm_adv_inst/CLKOUT0
                         net (fo=1, routed)           0.544    -1.702    u_clk_wiz_0/inst/clk_out1_clk_wiz_0
    BUFGCTRL_X0Y16       BUFG (Prop_bufg_I_O)         0.029    -1.673 r  u_clk_wiz_0/inst/clkout1_buf/O
                         net (fo=852, routed)         0.858    -0.815    u_jtag_mac/u_pre_chif_fifo/u_jtag_mac_fifo/U0/inst_fifo_gen/gconvfifo.rf/grf.rf/gntv_or_sync_fifo.gcx.clkx/wr_pntr_cdc_inst/dest_clk
    SLICE_X6Y74          FDRE                                         r  u_jtag_mac/u_pre_chif_fifo/u_jtag_mac_fifo/U0/inst_fifo_gen/gconvfifo.rf/grf.rf/gntv_or_sync_fifo.gcx.clkx/wr_pntr_cdc_inst/dest_graysync_ff_reg[0][11]/C

Slack:                    inf
  Source:                 u_jtag_mac/u_pre_chif_fifo/u_jtag_mac_fifo/U0/inst_fifo_gen/gconvfifo.rf/grf.rf/gntv_or_sync_fifo.gcx.clkx/wr_pntr_cdc_inst/src_gray_ff_reg[2]/C
                            (rising edge-triggered cell FDRE clocked by TCK  {rise@0.000ns fall@7.576ns period=15.152ns})
  Destination:            u_jtag_mac/u_pre_chif_fifo/u_jtag_mac_fifo/U0/inst_fifo_gen/gconvfifo.rf/grf.rf/gntv_or_sync_fifo.gcx.clkx/wr_pntr_cdc_inst/dest_graysync_ff_reg[0][2]/D
                            (rising edge-triggered cell FDRE clocked by clk_out1_clk_wiz_0  {rise@0.000ns fall@20.000ns period=40.000ns})
  Path Group:             (none)
  Path Type:              Hold (Min at Fast Process Corner)
  Data Path Delay:        0.342ns  (logic 0.141ns (41.237%)  route 0.201ns (58.763%))
  Logic Levels:           0  
  Clock Path Skew:        -2.092ns (DCD - SCD - CPR)
    Destination Clock Delay (DCD):    -0.812ns
    Source Clock Delay      (SCD):    1.279ns
    Clock Pessimism Removal (CPR):    -0.000ns
  Clock Uncertainty:      0.202ns  ((TSJ^2 + DJ^2)^1/2) / 2 + PE
    Total System Jitter     (TSJ):    0.071ns
    Discrete Jitter          (DJ):    0.182ns
    Phase Error              (PE):    0.104ns
  Timing Exception:       Asynchronous Clock Groups

    Location             Delay type                Incr(ns)  Path(ns)    Netlist Resource(s)
  -------------------------------------------------------------------    -------------------
                         (clock TCK rise edge)        0.000     0.000 r  
    BSCAN_X0Y0           BSCANE2                      0.000     0.000 r  u_BSCANE2/TCK
                         net (fo=1, routed)           0.663     0.663    TCK
    BUFGCTRL_X0Y0        BUFG (Prop_bufg_I_O)         0.026     0.689 r  TCK_BUFG_inst/O
                         net (fo=507, routed)         0.591     1.279    u_jtag_mac/u_pre_chif_fifo/u_jtag_mac_fifo/U0/inst_fifo_gen/gconvfifo.rf/grf.rf/gntv_or_sync_fifo.gcx.clkx/wr_pntr_cdc_inst/src_clk
    SLICE_X7Y72          FDRE                                         r  u_jtag_mac/u_pre_chif_fifo/u_jtag_mac_fifo/U0/inst_fifo_gen/gconvfifo.rf/grf.rf/gntv_or_sync_fifo.gcx.clkx/wr_pntr_cdc_inst/src_gray_ff_reg[2]/C
  -------------------------------------------------------------------    -------------------
    SLICE_X7Y72          FDRE (Prop_fdre_C_Q)         0.141     1.420 r  u_jtag_mac/u_pre_chif_fifo/u_jtag_mac_fifo/U0/inst_fifo_gen/gconvfifo.rf/grf.rf/gntv_or_sync_fifo.gcx.clkx/wr_pntr_cdc_inst/src_gray_ff_reg[2]/Q
                         net (fo=1, routed)           0.201     1.621    u_jtag_mac/u_pre_chif_fifo/u_jtag_mac_fifo/U0/inst_fifo_gen/gconvfifo.rf/grf.rf/gntv_or_sync_fifo.gcx.clkx/wr_pntr_cdc_inst/async_path[2]
    SLICE_X6Y72          FDRE                                         r  u_jtag_mac/u_pre_chif_fifo/u_jtag_mac_fifo/U0/inst_fifo_gen/gconvfifo.rf/grf.rf/gntv_or_sync_fifo.gcx.clkx/wr_pntr_cdc_inst/dest_graysync_ff_reg[0][2]/D
  -------------------------------------------------------------------    -------------------

                         (clock clk_out1_clk_wiz_0 rise edge)
                                                      0.000     0.000 r  
    E3                                                0.000     0.000 r  sysclk (IN)
                         net (fo=0)                   0.000     0.000    u_clk_wiz_0/inst/clk_in1
    E3                   IBUF (Prop_ibuf_I_O)         0.438     0.438 r  u_clk_wiz_0/inst/clkin1_ibufg/O
                         net (fo=1, routed)           0.480     0.918    u_clk_wiz_0/inst/clk_in1_clk_wiz_0
    MMCME2_ADV_X1Y2      MMCME2_ADV (Prop_mmcme2_adv_CLKIN1_CLKOUT0)
                                                     -3.163    -2.245 r  u_clk_wiz_0/inst/mmcm_adv_inst/CLKOUT0
                         net (fo=1, routed)           0.544    -1.702    u_clk_wiz_0/inst/clk_out1_clk_wiz_0
    BUFGCTRL_X0Y16       BUFG (Prop_bufg_I_O)         0.029    -1.673 r  u_clk_wiz_0/inst/clkout1_buf/O
                         net (fo=852, routed)         0.861    -0.812    u_jtag_mac/u_pre_chif_fifo/u_jtag_mac_fifo/U0/inst_fifo_gen/gconvfifo.rf/grf.rf/gntv_or_sync_fifo.gcx.clkx/wr_pntr_cdc_inst/dest_clk
    SLICE_X6Y72          FDRE                                         r  u_jtag_mac/u_pre_chif_fifo/u_jtag_mac_fifo/U0/inst_fifo_gen/gconvfifo.rf/grf.rf/gntv_or_sync_fifo.gcx.clkx/wr_pntr_cdc_inst/dest_graysync_ff_reg[0][2]/C





--------------------------------------------------------------------------------------
Path Group:  (none)
From Clock:  clkfbout_clk_wiz_0
  To Clock:  

Max Delay             1 Endpoint
Min Delay             1 Endpoint
--------------------------------------------------------------------------------------


Max Delay Paths
--------------------------------------------------------------------------------------
Slack:                    inf
  Source:                 u_clk_wiz_0/inst/mmcm_adv_inst/CLKFBOUT
                            (clock source 'clkfbout_clk_wiz_0'  {rise@0.000ns fall@5.000ns period=10.000ns})
  Destination:            u_clk_wiz_0/inst/mmcm_adv_inst/CLKFBIN
  Path Group:             (none)
  Path Type:              Max at Fast Process Corner
  Data Path Delay:        1.396ns  (logic 0.029ns (2.077%)  route 1.367ns (97.923%))
  Logic Levels:           1  (BUFG=1)
  Clock Uncertainty:      0.156ns  ((TSJ^2 + DJ^2)^1/2) / 2 + PE
    Total System Jitter     (TSJ):    0.050ns
    Discrete Jitter          (DJ):    0.090ns
    Phase Error              (PE):    0.104ns

    Location             Delay type                Incr(ns)  Path(ns)    Netlist Resource(s)
  -------------------------------------------------------------------    -------------------
                         (clock clkfbout_clk_wiz_0 fall edge)
                                                      5.000     5.000 f  
    E3                                                0.000     5.000 f  sysclk (IN)
                         net (fo=0)                   0.000     5.000    u_clk_wiz_0/inst/clk_in1
    E3                   IBUF (Prop_ibuf_I_O)         0.438     5.438 f  u_clk_wiz_0/inst/clkin1_ibufg/O
                         net (fo=1, routed)           0.480     5.918    u_clk_wiz_0/inst/clk_in1_clk_wiz_0
  -------------------------------------------------------------------    -------------------
    MMCME2_ADV_X1Y2      MMCME2_ADV (Prop_mmcme2_adv_CLKIN1_CLKFBOUT)
                                                     -3.163     2.755 f  u_clk_wiz_0/inst/mmcm_adv_inst/CLKFBOUT
                         net (fo=1, routed)           0.544     3.298    u_clk_wiz_0/inst/clkfbout_clk_wiz_0
    BUFGCTRL_X0Y17       BUFG (Prop_bufg_I_O)         0.029     3.327 f  u_clk_wiz_0/inst/clkf_buf/O
                         net (fo=1, routed)           0.824     4.151    u_clk_wiz_0/inst/clkfbout_buf_clk_wiz_0
    MMCME2_ADV_X1Y2      MMCME2_ADV                                   f  u_clk_wiz_0/inst/mmcm_adv_inst/CLKFBIN
  -------------------------------------------------------------------    -------------------





Min Delay Paths
--------------------------------------------------------------------------------------
Slack:                    inf
  Source:                 u_clk_wiz_0/inst/mmcm_adv_inst/CLKFBOUT
                            (clock source 'clkfbout_clk_wiz_0'  {rise@0.000ns fall@5.000ns period=10.000ns})
  Destination:            u_clk_wiz_0/inst/mmcm_adv_inst/CLKFBIN
  Path Group:             (none)
  Path Type:              Min at Slow Process Corner
  Data Path Delay:        3.236ns  (logic 0.091ns (2.812%)  route 3.145ns (97.188%))
  Logic Levels:           1  (BUFG=1)
  Clock Uncertainty:      0.156ns  ((TSJ^2 + DJ^2)^1/2) / 2 + PE
    Total System Jitter     (TSJ):    0.050ns
    Discrete Jitter          (DJ):    0.090ns
    Phase Error              (PE):    0.104ns

    Location             Delay type                Incr(ns)  Path(ns)    Netlist Resource(s)
  -------------------------------------------------------------------    -------------------
                         (clock clkfbout_clk_wiz_0 rise edge)
                                                      0.000     0.000 r  
    E3                                                0.000     0.000 r  sysclk (IN)
                         net (fo=0)                   0.000     0.000    u_clk_wiz_0/inst/clk_in1
    E3                   IBUF (Prop_ibuf_I_O)         1.411     1.411 r  u_clk_wiz_0/inst/clkin1_ibufg/O
                         net (fo=1, routed)           1.162     2.573    u_clk_wiz_0/inst/clk_in1_clk_wiz_0
  -------------------------------------------------------------------    -------------------
    MMCME2_ADV_X1Y2      MMCME2_ADV (Prop_mmcme2_adv_CLKIN1_CLKFBOUT)
                                                     -7.324    -4.751 r  u_clk_wiz_0/inst/mmcm_adv_inst/CLKFBOUT
                         net (fo=1, routed)           1.639    -3.112    u_clk_wiz_0/inst/clkfbout_clk_wiz_0
    BUFGCTRL_X0Y17       BUFG (Prop_bufg_I_O)         0.091    -3.021 r  u_clk_wiz_0/inst/clkf_buf/O
                         net (fo=1, routed)           1.506    -1.515    u_clk_wiz_0/inst/clkfbout_buf_clk_wiz_0
    MMCME2_ADV_X1Y2      MMCME2_ADV                                   r  u_clk_wiz_0/inst/mmcm_adv_inst/CLKFBIN
  -------------------------------------------------------------------    -------------------





--------------------------------------------------------------------------------------
Path Group:  (none)
From Clock:  
  To Clock:  TCK

Max Delay             1 Endpoint
Min Delay             1 Endpoint
--------------------------------------------------------------------------------------


Max Delay Paths
--------------------------------------------------------------------------------------
Slack:                    inf
  Source:                 u_BSCANE2/SEL
                            (internal pin)
  Destination:            u_jtag_mac/data_buffer_reg[15]/D
                            (rising edge-triggered cell FDRE clocked by TCK  {rise@0.000ns fall@7.576ns period=15.152ns})
  Path Group:             (none)
  Path Type:              Setup (Max at Slow Process Corner)
  Data Path Delay:        1.268ns  (logic 0.124ns (9.777%)  route 1.144ns (90.223%))
  Logic Levels:           1  (LUT2=1)
  Clock Uncertainty:      0.025ns  ((TSJ^2 + TIJ^2)^1/2 + DJ) / 2 + PE
    Total System Jitter     (TSJ):    0.050ns
    Total Input Jitter      (TIJ):    0.000ns
    Discrete Jitter          (DJ):    0.000ns
    Phase Error              (PE):    0.000ns

    Location             Delay type                Incr(ns)  Path(ns)    Netlist Resource(s)
  -------------------------------------------------------------------    -------------------
    BSCAN_X0Y0           BSCANE2                      0.000     0.000 r  u_BSCANE2/SEL
                         net (fo=1, routed)           1.144     1.144    u_jtag_mac/SEL
    SLICE_X28Y80         LUT2 (Prop_lut2_I0_O)        0.124     1.268 r  u_jtag_mac/data_buffer[15]_i_1/O
                         net (fo=1, routed)           0.000     1.268    u_jtag_mac/p_1_out[15]
    SLICE_X28Y80         FDRE                                         r  u_jtag_mac/data_buffer_reg[15]/D
  -------------------------------------------------------------------    -------------------

                         (clock TCK rise edge)        0.000     0.000 r  
    BSCAN_X0Y0           BSCANE2                      0.000     0.000 r  u_BSCANE2/TCK
                         net (fo=1, routed)           1.520     1.520    TCK
    BUFGCTRL_X0Y0        BUFG (Prop_bufg_I_O)         0.091     1.611 r  TCK_BUFG_inst/O
                         net (fo=507, routed)         1.507     3.118    u_jtag_mac/TCK_BUFG
    SLICE_X28Y80         FDRE                                         r  u_jtag_mac/data_buffer_reg[15]/C





Min Delay Paths
--------------------------------------------------------------------------------------
Slack:                    inf
  Source:                 u_BSCANE2/TDI
                            (internal pin)
  Destination:            u_jtag_mac/data_buffer_reg[15]/D
                            (rising edge-triggered cell FDRE clocked by TCK  {rise@0.000ns fall@7.576ns period=15.152ns})
  Path Group:             (none)
  Path Type:              Hold (Min at Fast Process Corner)
  Data Path Delay:        0.426ns  (logic 0.045ns (10.556%)  route 0.381ns (89.444%))
  Logic Levels:           1  (LUT2=1)
  Clock Uncertainty:      0.025ns  ((TSJ^2 + TIJ^2)^1/2 + DJ) / 2 + PE
    Total System Jitter     (TSJ):    0.050ns
    Total Input Jitter      (TIJ):    0.000ns
    Discrete Jitter          (DJ):    0.000ns
    Phase Error              (PE):    0.000ns

    Location             Delay type                Incr(ns)  Path(ns)    Netlist Resource(s)
  -------------------------------------------------------------------    -------------------
    BSCAN_X0Y0           BSCANE2                      0.000     0.000 r  u_BSCANE2/TDI
                         net (fo=1, routed)           0.381     0.381    u_jtag_mac/TDI
    SLICE_X28Y80         LUT2 (Prop_lut2_I1_O)        0.045     0.426 r  u_jtag_mac/data_buffer[15]_i_1/O
                         net (fo=1, routed)           0.000     0.426    u_jtag_mac/p_1_out[15]
    SLICE_X28Y80         FDRE                                         r  u_jtag_mac/data_buffer_reg[15]/D
  -------------------------------------------------------------------    -------------------

                         (clock TCK rise edge)        0.000     0.000 r  
    BSCAN_X0Y0           BSCANE2                      0.000     0.000 r  u_BSCANE2/TCK
                         net (fo=1, routed)           0.777     0.777    TCK
    BUFGCTRL_X0Y0        BUFG (Prop_bufg_I_O)         0.029     0.806 r  TCK_BUFG_inst/O
                         net (fo=507, routed)         0.830     1.635    u_jtag_mac/TCK_BUFG
    SLICE_X28Y80         FDRE                                         r  u_jtag_mac/data_buffer_reg[15]/C





